#
# A fatal error has been detected by the Java Runtime Environment:
#
#  SIGBUS (0xa) at pc=0x0000000118bae498, pid=97951, tid=118283
#
# JRE version: OpenJDK Runtime Environment Temurin-17.0.19+10 (17.0.19+10) (build 17.0.19+10)
# Java VM: OpenJDK 64-Bit Server VM Temurin-17.0.19+10 (17.0.19+10, mixed mode, sharing, tiered, compressed oops, compressed class ptrs, g1 gc, bsd-aarch64)
# Problematic frame:
# J 13820 c2 org.gradle.internal.service.DefaultServiceRegistry.isSatisfiedByAny(Ljava/lang/reflect/Type;Ljava/util/List;)Z (41 bytes) @ 0x0000000118bae498 [0x0000000118bae440+0x0000000000000058]
#
# No core dump will be written. Core dumps have been disabled. To enable core dumping, try "ulimit -c unlimited" before starting Java again
#
# If you would like to submit a bug report, please visit:
#   https://github.com/adoptium/adoptium-support/issues
#

---------------  S U M M A R Y ------------

Command Line: --add-opens=java.base/java.lang=ALL-UNNAMED --add-opens=java.base/java.lang.invoke=ALL-UNNAMED --add-opens=java.base/java.util=ALL-UNNAMED --add-opens=java.prefs/java.util.prefs=ALL-UNNAMED --add-exports=jdk.compiler/com.sun.tools.javac.api=ALL-UNNAMED --add-exports=jdk.compiler/com.sun.tools.javac.util=ALL-UNNAMED --add-opens=java.base/java.util=ALL-UNNAMED --add-opens=java.prefs/java.util.prefs=ALL-UNNAMED --add-opens=java.base/java.nio.charset=ALL-UNNAMED --add-opens=java.base/java.net=ALL-UNNAMED --add-opens=java.base/java.util.concurrent.atomic=ALL-UNNAMED --add-opens=java.xml/javax.xml.namespace=ALL-UNNAMED -Xmx4G -Dfile.encoding=UTF-8 -Duser.country=CA -Duser.language=ko -Duser.variant -javaagent:/Users/ekim/.gradle/wrapper/dists/gradle-8.14-all/c2qonpi39x1mddn7hk5gh9iqj/gradle-8.14/lib/agents/gradle-instrumentation-agent-8.14.jar org.gradle.launcher.daemon.bootstrap.GradleDaemon 8.14

Host: "Mac14,3" arm64, 8 cores, 16G, Darwin 24.6.0, macOS 15.7.8 (24G824)
Time: Sat Aug 29 02:00:26 2026 EDT elapsed time: 5744.121652 seconds (0d 1h 35m 44s)

---------------  T H R E A D  ---------------

Current thread (0x000000012b00a800):  JavaThread "Daemon worker Thread 3" [_thread_in_Java, id=118283, stack(0x0000000178628000,0x000000017882b000)]

Stack: [0x0000000178628000,0x000000017882b000],  sp=0x0000000178823c20,  free space=2031k
Native frames: (J=compiled Java code, j=interpreted, Vv=VM code, C=native code)
J 13820 c2 org.gradle.internal.service.DefaultServiceRegistry.isSatisfiedByAny(Ljava/lang/reflect/Type;Ljava/util/List;)Z (41 bytes) @ 0x0000000118bae498 [0x0000000118bae440+0x0000000000000058]
J 13821 c2 org.gradle.internal.service.DefaultServiceRegistry$SingletonService.getService(Ljava/lang/reflect/Type;Lorg/gradle/internal/service/ServiceAccessToken;)Lorg/gradle/internal/service/Service; (33 bytes) @ 0x0000000118bb00dc [0x0000000118bb0080+0x000000000000005c]
J 8341 c2 org.gradle.internal.service.DefaultServiceRegistry$OwnServices.getService(Ljava/lang/reflect/Type;Lorg/gradle/internal/service/ServiceAccessToken;)Lorg/gradle/internal/service/Service; (317 bytes) @ 0x0000000118944cd0 [0x0000000118944b00+0x00000000000001d0]
J 8613 c2 org.gradle.internal.service.DefaultServiceRegistry$CompositeServiceProvider.getService(Ljava/lang/reflect/Type;Lorg/gradle/internal/service/ServiceAccessToken;)Lorg/gradle/internal/service/Service; (52 bytes) @ 0x000000011896c234 [0x000000011896c1c0+0x0000000000000074]
J 29866 c2 org.gradle.internal.instantiation.generator.ManagedObjectFactory.newInstance(Lorg/gradle/internal/state/ModelObject;Ljava/lang/String;Ljava/lang/Class;Ljava/lang/Class;)Ljava/lang/Object; (186 bytes) @ 0x00000001195971b4 [0x0000000119596dc0+0x00000000000003f4]
J 28212 c1 com.android.build.gradle.internal.lint.SourceProviderInput_Decorated.getResDirectoryPaths()Lorg/gradle/api/provider/ListProperty; (36 bytes) @ 0x000000011310f724 [0x000000011310f640+0x00000000000000e4]
j  com.android.build.gradle.internal.lint.SourceProviderInput.initialize$gradle_core(Lcom/android/build/api/variant/InternalSources;Lcom/android/build/gradle/internal/lint/LintMode;Lorg/gradle/api/provider/Provider;ZZZ)Lcom/android/build/gradle/internal/lint/SourceProviderInput;+336
j  com.android.build.gradle.internal.lint.SourceProviderInput.initialize$gradle_core$default(Lcom/android/build/gradle/internal/lint/SourceProviderInput;Lcom/android/build/api/variant/InternalSources;Lcom/android/build/gradle/internal/lint/LintMode;Lorg/gradle/api/provider/Provider;ZZZILjava/lang/Object;)Lcom/android/build/gradle/internal/lint/SourceProviderInput;+59
j  com.android.build.gradle.internal.lint.VariantInputs.initialize(Lorg/gradle/api/Task;Lcom/android/build/gradle/internal/component/VariantCreationConfig;Lcom/android/build/gradle/internal/component/HostTestCreationConfig;Lcom/android/build/gradle/internal/component/DeviceTestCreationConfig;Lcom/android/build/gradle/internal/component/TestFixturesCreationConfig;Lcom/android/build/gradle/internal/services/TaskCreationServices;Ljava/lang/String;ZZLcom/android/build/gradle/internal/lint/LintMode;ZZZZ)V+717
j  com.android.build.gradle.internal.lint.LintModelWriterTask$PerComponentCreationAction.configure(Lcom/android/build/gradle/internal/lint/LintModelWriterTask;)V+222
j  com.android.build.gradle.internal.lint.LintModelWriterTask$PerComponentCreationAction.configure(Lorg/gradle/api/Task;)V+5
J 28280 c1 com.android.build.gradle.internal.tasks.factory.TaskConfigurationActions.execute(Lorg/gradle/api/Task;)V (56 bytes) @ 0x0000000113139534 [0x0000000113139140+0x00000000000003f4]
J 28279 c1 com.android.build.gradle.internal.tasks.factory.TaskConfigurationActions.execute(Ljava/lang/Object;)V (9 bytes) @ 0x0000000113138ce8 [0x0000000113138b40+0x00000000000001a8]
J 17921 c2 org.gradle.api.internal.DefaultMutationGuard$1.execute(Ljava/lang/Object;)V (67 bytes) @ 0x0000000118d6c4ec [0x0000000118d6c0c0+0x000000000000042c]
J 17921 c2 org.gradle.api.internal.DefaultMutationGuard$1.execute(Ljava/lang/Object;)V (67 bytes) @ 0x0000000118d6c4ec [0x0000000118d6c0c0+0x000000000000042c]
J 16805 c2 org.gradle.internal.operations.DefaultBuildOperationRunner$1.execute(Lorg/gradle/internal/operations/BuildOperation;Lorg/gradle/internal/operations/BuildOperationContext;)V (10 bytes) @ 0x0000000118abb044 [0x0000000118abab80+0x00000000000004c4]
J 27507 c2 org.gradle.internal.operations.DefaultBuildOperationRunner.execute(Lorg/gradle/internal/operations/BuildOperationDescriptor$Builder;Lorg/gradle/internal/operations/BuildOperationState;Lorg/gradle/internal/operations/DefaultBuildOperationRunner$BuildOperationExecution;)Ljava/lang/Object; (147 bytes) @ 0x000000011908edd4 [0x000000011908e140+0x0000000000000c94]
J 16916 c2 org.gradle.api.internal.DefaultCollectionCallbackActionDecorator$BuildOperationEmittingAction.execute(Ljava/lang/Object;)V (26 bytes) @ 0x0000000118d285d0 [0x0000000118d282c0+0x0000000000000310]
J 22370 c2 org.gradle.internal.ImmutableActionSet$SetWithManyActions.execute(Ljava/lang/Object;)V (38 bytes) @ 0x000000011906ef68 [0x000000011906ee00+0x0000000000000168]
J 30622 c2 org.gradle.api.internal.DefaultNamedDomainObjectCollection.doAdd(Ljava/lang/Object;Lorg/gradle/api/Action;)Z (63 bytes) @ 0x00000001196b6dbc [0x00000001196b6a80+0x000000000000033c]
J 20125 c1 org.gradle.api.internal.DefaultNamedDomainObjectCollection$AbstractDomainObjectCreatingProvider.tryCreate()V (181 bytes) @ 0x00000001129ac26c [0x00000001129aba00+0x000000000000086c]
J 28162 c1 org.gradle.api.internal.tasks.DefaultTaskContainer$TaskCreatingProvider$1.run(Lorg/gradle/internal/operations/BuildOperationContext;)V (41 bytes) @ 0x00000001130eea2c [0x00000001130ee940+0x00000000000000ec]
J 16805 c2 org.gradle.internal.operations.DefaultBuildOperationRunner$1.execute(Lorg/gradle/internal/operations/BuildOperation;Lorg/gradle/internal/operations/BuildOperationContext;)V (10 bytes) @ 0x0000000118abb484 [0x0000000118abab80+0x0000000000000904]
J 27507 c2 org.gradle.internal.operations.DefaultBuildOperationRunner.execute(Lorg/gradle/internal/operations/BuildOperationDescriptor$Builder;Lorg/gradle/internal/operations/BuildOperationState;Lorg/gradle/internal/operations/DefaultBuildOperationRunner$BuildOperationExecution;)Ljava/lang/Object; (147 bytes) @ 0x000000011908edd4 [0x000000011908e140+0x0000000000000c94]
J 16346 c2 org.gradle.internal.operations.DefaultBuildOperationRunner.execute(Lorg/gradle/internal/operations/BuildOperation;Lorg/gradle/internal/operations/BuildOperationWorker;Lorg/gradle/internal/operations/BuildOperationState;)V (23 bytes) @ 0x0000000118cd0964 [0x0000000118cd08c0+0x00000000000000a4]
J 28167 c1 org.gradle.api.internal.tasks.DefaultTaskContainer$TaskCreatingProvider.tryCreate()V (21 bytes) @ 0x00000001130f5a48 [0x00000001130f54c0+0x0000000000000588]
J 28433 c2 org.gradle.api.internal.DefaultNamedDomainObjectCollection$AbstractDomainObjectCreatingProvider.calculateOwnValue(Lorg/gradle/api/internal/provider/ValueSupplier$ValueConsumer;)Lorg/gradle/api/internal/provider/ValueSupplier$Value; (71 bytes) @ 0x00000001193ea6fc [0x00000001193e9dc0+0x000000000000093c]
J 12335 c2 org.gradle.api.internal.provider.AbstractMinimalProvider.calculateValue(Lorg/gradle/api/internal/provider/ValueSupplier$ValueConsumer;)Lorg/gradle/api/internal/provider/ValueSupplier$Value; (15 bytes) @ 0x0000000118873278 [0x0000000118873240+0x0000000000000038]
J 25211 c1 org.gradle.api.internal.provider.FlatMapProvider.calculateOwnValue(Lorg/gradle/api/internal/provider/ValueSupplier$ValueConsumer;)Lorg/gradle/api/internal/provider/ValueSupplier$Value; (97 bytes) @ 0x0000000112d06534 [0x0000000112d06040+0x00000000000004f4]
J 12335 c2 org.gradle.api.internal.provider.AbstractMinimalProvider.calculateValue(Lorg/gradle/api/internal/provider/ValueSupplier$ValueConsumer;)Lorg/gradle/api/internal/provider/ValueSupplier$Value; (15 bytes) @ 0x0000000118873278 [0x0000000118873240+0x0000000000000038]
J 28412 c2 org.gradle.api.internal.provider.TransformBackedProvider.calculateOwnValue(Lorg/gradle/api/internal/provider/ValueSupplier$ValueConsumer;)Lorg/gradle/api/internal/provider/ValueSupplier$Value; (66 bytes) @ 0x00000001193e3d44 [0x00000001193e3980+0x00000000000003c4]
J 12335 c2 org.gradle.api.internal.provider.AbstractMinimalProvider.calculateValue(Lorg/gradle/api/internal/provider/ValueSupplier$ValueConsumer;)Lorg/gradle/api/internal/provider/ValueSupplier$Value; (15 bytes) @ 0x0000000118873278 [0x0000000118873240+0x0000000000000038]
J 21011 c2 org.gradle.api.internal.provider.DefaultProperty.calculateValueFrom(Lorg/gradle/internal/evaluation/EvaluationScopeContext;Lorg/gradle/api/internal/provider/ValueSupplier;Lorg/gradle/api/internal/provider/ValueSupplier$ValueConsumer;)Lorg/gradle/api/internal/provider/ValueSupplier$Value; (11 bytes) @ 0x0000000118eb9ba4 [0x0000000118eb9b40+0x0000000000000064]
J 28435 c2 org.gradle.api.internal.provider.AbstractProperty.calculateOwnValue(Lorg/gradle/api/internal/provider/ValueSupplier$ValueConsumer;)Lorg/gradle/api/internal/provider/ValueSupplier$Value; (54 bytes) @ 0x00000001193ec350 [0x00000001193ebfc0+0x0000000000000390]
J 12335 c2 org.gradle.api.internal.provider.AbstractMinimalProvider.calculateValue(Lorg/gradle/api/internal/provider/ValueSupplier$ValueConsumer;)Lorg/gradle/api/internal/provider/ValueSupplier$Value; (15 bytes) @ 0x0000000118873278 [0x0000000118873240+0x0000000000000038]
J 21011 c2 org.gradle.api.internal.provider.DefaultProperty.calculateValueFrom(Lorg/gradle/internal/evaluation/EvaluationScopeContext;Lorg/gradle/api/internal/provider/ValueSupplier;Lorg/gradle/api/internal/provider/ValueSupplier$ValueConsumer;)Lorg/gradle/api/internal/provider/ValueSupplier$Value; (11 bytes) @ 0x0000000118eb9ba4 [0x0000000118eb9b40+0x0000000000000064]
J 28435 c2 org.gradle.api.internal.provider.AbstractProperty.calculateOwnValue(Lorg/gradle/api/internal/provider/ValueSupplier$ValueConsumer;)Lorg/gradle/api/internal/provider/ValueSupplier$Value; (54 bytes) @ 0x00000001193ec350 [0x00000001193ebfc0+0x0000000000000390]
J 12335 c2 org.gradle.api.internal.provider.AbstractMinimalProvider.calculateValue(Lorg/gradle/api/internal/provider/ValueSupplier$ValueConsumer;)Lorg/gradle/api/internal/provider/ValueSupplier$Value; (15 bytes) @ 0x0000000118873278 [0x0000000118873240+0x0000000000000038]
J 21011 c2 org.gradle.api.internal.provider.DefaultProperty.calculateValueFrom(Lorg/gradle/internal/evaluation/EvaluationScopeContext;Lorg/gradle/api/internal/provider/ValueSupplier;Lorg/gradle/api/internal/provider/ValueSupplier$ValueConsumer;)Lorg/gradle/api/internal/provider/ValueSupplier$Value; (11 bytes) @ 0x0000000118eb9ba4 [0x0000000118eb9b40+0x0000000000000064]
J 28435 c2 org.gradle.api.internal.provider.AbstractProperty.calculateOwnValue(Lorg/gradle/api/internal/provider/ValueSupplier$ValueConsumer;)Lorg/gradle/api/internal/provider/ValueSupplier$Value; (54 bytes) @ 0x00000001193ec350 [0x00000001193ebfc0+0x0000000000000390]
J 29248 c2 org.gradle.api.internal.provider.AbstractMinimalProvider.get()Ljava/lang/Object; (10 bytes) @ 0x0000000119531f44 [0x0000000119531f00+0x0000000000000044]
J 19749 c1 org.gradle.api.internal.artifacts.dsl.LazyPublishArtifact.getDelegate()Lorg/gradle/api/internal/artifacts/PublishArtifactInternal; (157 bytes) @ 0x00000001128e7878 [0x00000001128e7700+0x0000000000000178]
J 27833 c1 org.gradle.api.internal.artifacts.dsl.LazyPublishArtifact.getName()Ljava/lang/String; (10 bytes) @ 0x00000001130494bc [0x0000000113049440+0x000000000000007c]
J 27832 c1 org.gradle.api.internal.artifacts.publish.DecoratingPublishArtifact$$Lambda$1583+0x0000000801a54428.create()Ljava/lang/Object; (10 bytes) @ 0x0000000113049150 [0x00000001130490c0+0x0000000000000090]
J 19188 c1 org.gradle.api.internal.artifacts.publish.DecoratingPublishArtifact_Decorated.getName()Ljava/lang/String; (39 bytes) @ 0x00000001127d27f0 [0x00000001127d26c0+0x0000000000000130]
J 19140 c1 org.gradle.internal.component.model.DefaultIvyArtifactName.forPublishArtifact(Lorg/gradle/api/artifacts/PublishArtifact;)Lorg/gradle/internal/component/model/DefaultIvyArtifactName; (57 bytes) @ 0x00000001127bd194 [0x00000001127bd140+0x0000000000000054]
J 19184 c1 org.gradle.api.internal.artifacts.ivyservice.moduleconverter.dependencies.DefaultLocalVariantGraphResolveStateBuilder.lambda$getVariantArtifacts$0(Ljava/util/Collection;Lorg/gradle/api/artifacts/component/ComponentIdentifier;Ljava/lang/Object;)Lcom/google/common/collect/ImmutableList; (63 bytes) @ 0x00000001127d0e00 [0x00000001127d0b80+0x0000000000000280]
J 19183 c1 org.gradle.api.internal.artifacts.ivyservice.moduleconverter.dependencies.DefaultLocalVariantGraphResolveStateBuilder$$Lambda$1553+0x0000000801a46d18.apply(Ljava/lang/Object;)Ljava/lang/Object; (13 bytes) @ 0x00000001127d16d8 [0x00000001127d1640+0x0000000000000098]
J 27990 c1 org.gradle.api.internal.project.DefaultProjectStateRegistry$ProjectStateImpl.fromMutableState(Ljava/util/function/Function;)Ljava/lang/Object; (139 bytes) @ 0x000000011309d33c [0x000000011309c5c0+0x0000000000000d7c]
J 19171 c1 org.gradle.api.internal.artifacts.ivyservice.moduleconverter.dependencies.DefaultLocalVariantGraphResolveStateBuilder$$Lambda$846+0x000000080166a240.calculateValue(Lorg/gradle/api/internal/tasks/NodeExecutionContext;)Ljava/lang/Object; (17 bytes) @ 0x00000001127ca2e4 [0x00000001127ca180+0x0000000000000164]
J 28008 c2 org.gradle.internal.component.local.model.LocalVariantMetadata.getArtifacts()Lcom/google/common/collect/ImmutableList; (22 bytes) @ 0x00000001190f48c0 [0x00000001190f45c0+0x0000000000000300]
J 27153 c2 org.gradle.internal.resolve.resolver.DefaultVariantArtifactResolver.resolveVariantArtifactSet(Lorg/gradle/internal/component/model/ComponentArtifactResolveMetadata;Lorg/gradle/internal/component/model/VariantResolveMetadata;)Lorg/gradle/api/internal/artifacts/ivyservice/resolveengine/artifact/ResolvedVariant; (96 bytes) @ 0x0000000118ca88c4 [0x0000000118ca8880+0x0000000000000044]
J 22927 c2 org.gradle.api.internal.artifacts.ivyservice.resolveengine.artifact.VariantResolvingArtifactSet.resolveVariantArtifactSets(Lorg/gradle/internal/component/model/VariantGraphResolveState;Lorg/gradle/internal/component/model/ComponentArtifactResolveMetadata;Lorg/gradle/internal/resolve/resolver/VariantArtifactResolver;)Lcom/google/common/collect/ImmutableList; (81 bytes) @ 0x00000001190dd1c0 [0x00000001190dc300+0x0000000000000ec0]
J 26912 c2 org.gradle.api.internal.artifacts.ivyservice.resolveengine.artifact.VariantResolvingArtifactSet.select(Lorg/gradle/api/internal/artifacts/ivyservice/resolveengine/artifact/ArtifactSelectionServices;Lorg/gradle/api/internal/artifacts/ivyservice/resolveengine/artifact/ArtifactSelectionSpec;)Lorg/gradle/api/internal/artifacts/ivyservice/resolveengine/artifact/ResolvedArtifactSet; (178 bytes) @ 0x00000001193bd86c [0x00000001193bd700+0x000000000000016c]
J 31296 c1 org.gradle.api.internal.artifacts.ivyservice.resolveengine.artifact.DefaultVisitedArtifactResults.select(Lorg/gradle/api/internal/artifacts/ivyservice/resolveengine/artifact/ArtifactSelectionServices;Lorg/gradle/api/internal/artifacts/ivyservice/resolveengine/artifact/ArtifactSelectionSpec;Z)Lorg/gradle/api/internal/artifacts/ivyservice/resolveengine/artifact/SelectedArtifactResults; (115 bytes) @ 0x00000001134e0e6c [0x00000001134e0880+0x00000000000005ec]
J 20212 c1 org.gradle.api.internal.artifacts.ivyservice.resolveengine.artifact.DefaultVisitedArtifactSet.select(Lorg/gradle/api/internal/artifacts/ivyservice/resolveengine/artifact/ArtifactSelectionSpec;)Lorg/gradle/api/internal/artifacts/ivyservice/resolveengine/artifact/SelectedArtifactSet; (42 bytes) @ 0x0000000111a2ab4c [0x0000000111a2aa80+0x00000000000000cc]
J 22708 c1 org.gradle.api.internal.artifacts.resolver.DefaultResolutionOutputs$DefaultArtifactView.selectArtifacts(Lorg/gradle/api/internal/artifacts/ResolverResults;)Lorg/gradle/api/internal/artifacts/ivyservice/resolveengine/artifact/SelectedArtifactSet; (59 bytes) @ 0x0000000112b72f10 [0x0000000112b72cc0+0x0000000000000250]
J 19670 c1 org.gradle.api.internal.artifacts.resolver.DefaultResolutionOutputs$DefaultArtifactView$$Lambda$829+0x0000000801665618.apply(Ljava/lang/Object;)Ljava/lang/Object; (12 bytes) @ 0x00000001128c2708 [0x00000001128c2640+0x00000000000000c8]
J 27765 c1 org.gradle.api.internal.artifacts.configurations.ResolutionResultProvider$1.getTaskDependencyValue()Ljava/lang/Object; (19 bytes) @ 0x0000000113021df4 [0x0000000113021d40+0x00000000000000b4]
J 27764 c1 org.gradle.api.internal.artifacts.configurations.ResolutionResultProviderBackedSelectedArtifactSet.visitDependencies(Lorg/gradle/api/internal/tasks/TaskDependencyResolveContext;)V (19 bytes) @ 0x0000000113021954 [0x00000001130218c0+0x0000000000000094]
J 27761 c1 org.gradle.api.internal.artifacts.configurations.ResolutionBackedFileCollection.visitDependencies(Lorg/gradle/api/internal/tasks/TaskDependencyResolveContext;)V (52 bytes) @ 0x00000001130202a0 [0x0000000113020040+0x0000000000000260]
J 28152 c1 org.gradle.api.internal.file.FilteredFileCollection.visitDependencies(Lorg/gradle/api/internal/tasks/TaskDependencyResolveContext;)V (11 bytes) @ 0x00000001130e1ed0 [0x00000001130e1e40+0x0000000000000090]
J 28942 c2 org.gradle.api.internal.tasks.CachingTaskDependencyResolveContext$TaskGraphImpl.getNodeValues(Ljava/lang/Object;Ljava/util/Collection;Ljava/util/Collection;)V (172 bytes) @ 0x000000011949d134 [0x000000011949d080+0x00000000000000b4]
J 19722 c1 org.gradle.internal.graph.CachingDirectedGraphWalker.doSearch()Ljava/util/Set; (662 bytes) @ 0x00000001128d8dd0 [0x00000001128d78c0+0x0000000000001510]
J 19727 c1 org.gradle.api.internal.tasks.CachingTaskDependencyResolveContext.getDependencies(Lorg/gradle/api/Task;Ljava/lang/Object;)Ljava/util/Set; (111 bytes) @ 0x00000001128def38 [0x00000001128de840+0x00000000000006f8]
J 19483 c1 org.gradle.execution.plan.LocalTaskNode.resolveDependencies(Lorg/gradle/execution/plan/TaskDependencyResolver;)V (229 bytes) @ 0x0000000112870de0 [0x0000000112870bc0+0x0000000000000220]
j  org.gradle.execution.plan.DefaultExecutionPlan.discoverNodeRelationships(Ljava/util/LinkedList;)V+115
j  org.gradle.execution.plan.DefaultExecutionPlan.doAddEntryNodes(Ljava/util/SortedSet;I)V+91
j  org.gradle.execution.plan.DefaultExecutionPlan.addEntryTasks(Ljava/util/Collection;I)V+63
j  org.gradle.execution.plan.DefaultExecutionPlan.addEntryTasks(Ljava/util/Collection;)V+13
j  org.gradle.execution.TaskNameResolvingBuildTaskScheduler.scheduleRequestedTasks(Lorg/gradle/api/internal/GradleInternal;Lorg/gradle/execution/EntryTaskSelector;Lorg/gradle/execution/plan/ExecutionPlan;)V+130
j  org.gradle.execution.DefaultTasksBuildTaskScheduler.scheduleRequestedTasks(Lorg/gradle/api/internal/GradleInternal;Lorg/gradle/execution/EntryTaskSelector;Lorg/gradle/execution/plan/ExecutionPlan;)V+184
j  org.gradle.initialization.DefaultTaskExecutionPreparer.lambda$scheduleRequestedTasks$0(Lorg/gradle/api/internal/GradleInternal;Lorg/gradle/execution/EntryTaskSelector;Lorg/gradle/execution/plan/ExecutionPlan;)V+7
j  org.gradle.initialization.DefaultTaskExecutionPreparer$$Lambda$2176+0x0000000802004000.run()V+16
j  org.gradle.internal.Factories$1.create()Ljava/lang/Object;+4
j  org.gradle.internal.work.DefaultWorkerLeaseService.withReplacedLocks(Ljava/util/Collection;Lorg/gradle/internal/resources/ResourceLock;Lorg/gradle/internal/Factory;)Ljava/lang/Object;+40
j  org.gradle.api.internal.project.DefaultProjectStateRegistry$DefaultBuildProjectRegistry.withMutableStateOfAllProjects(Lorg/gradle/internal/Factory;)Ljava/lang/Object;+36
j  org.gradle.api.internal.project.DefaultProjectStateRegistry$DefaultBuildProjectRegistry.withMutableStateOfAllProjects(Ljava/lang/Runnable;)V+5
j  org.gradle.initialization.DefaultTaskExecutionPreparer.scheduleRequestedTasks(Lorg/gradle/api/internal/GradleInternal;Lorg/gradle/execution/EntryTaskSelector;Lorg/gradle/execution/plan/ExecutionPlan;)V+20
j  org.gradle.initialization.VintageBuildModelController.lambda$scheduleRequestedTasks$0(Lorg/gradle/execution/EntryTaskSelector;Lorg/gradle/execution/plan/ExecutionPlan;)V+10
j  org.gradle.initialization.VintageBuildModelController$$Lambda$2175+0x0000000801fbfdd8.run()V+12
j  org.gradle.internal.model.StateTransitionController.lambda$inState$1(Ljava/lang/Runnable;)Ljava/lang/Object;+1
j  org.gradle.internal.model.StateTransitionController$$Lambda$311+0x0000000801351190.get()Ljava/lang/Object;+4
j  org.gradle.internal.model.StateTransitionController.lambda$inState$2(Lorg/gradle/internal/model/StateTransitionController$State;Ljava/util/function/Supplier;)Ljava/lang/Object;+11
j  org.gradle.internal.model.StateTransitionController$$Lambda$312+0x00000008013513b8.create()Ljava/lang/Object;+12
j  org.gradle.internal.work.DefaultSynchronizer.withLock(Lorg/gradle/internal/Factory;)Ljava/lang/Object;+6
j  org.gradle.internal.model.StateTransitionController.inState(Lorg/gradle/internal/model/StateTransitionController$State;Ljava/util/function/Supplier;)Ljava/lang/Object;+12
j  org.gradle.internal.model.StateTransitionController.inState(Lorg/gradle/internal/model/StateTransitionController$State;Ljava/lang/Runnable;)V+8
j  org.gradle.initialization.VintageBuildModelController.scheduleRequestedTasks(Lorg/gradle/execution/EntryTaskSelector;Lorg/gradle/execution/plan/ExecutionPlan;)V+15
j  org.gradle.internal.build.DefaultBuildLifecycleController$DefaultWorkGraphBuilder.addRequestedTasks(Lorg/gradle/execution/EntryTaskSelector;)V+12
j  org.gradle.internal.buildtree.DefaultBuildTreeWorkPreparer.lambda$scheduleRequestedTasks$0(Lorg/gradle/execution/EntryTaskSelector;Lorg/gradle/internal/build/BuildLifecycleController$WorkGraphBuilder;)V+2
j  org.gradle.internal.buildtree.DefaultBuildTreeWorkPreparer$$Lambda$2174+0x0000000801ffbc90.accept(Ljava/lang/Object;)V+8
j  org.gradle.internal.build.DefaultBuildLifecycleController.lambda$populateWorkGraph$7(Ljava/util/function/Consumer;Lorg/gradle/execution/plan/ExecutionPlan;)V+10
j  org.gradle.internal.build.DefaultBuildLifecycleController$$Lambda$1609+0x0000000801a67888.accept(Ljava/lang/Object;)V+12
j  org.gradle.internal.build.DefaultBuildWorkPreparer.populateWorkGraph(Lorg/gradle/api/internal/GradleInternal;Lorg/gradle/execution/plan/ExecutionPlan;Ljava/util/function/Consumer;)V+2
j  org.gradle.internal.build.BuildOperationFiringBuildWorkPreparer$PopulateWorkGraph.populateTaskGraph()V+16
j  org.gradle.internal.build.BuildOperationFiringBuildWorkPreparer$PopulateWorkGraph.run(Lorg/gradle/internal/operations/BuildOperationContext;)V+1
J 16805 c2 org.gradle.internal.operations.DefaultBuildOperationRunner$1.execute(Lorg/gradle/internal/operations/BuildOperation;Lorg/gradle/internal/operations/BuildOperationContext;)V (10 bytes) @ 0x0000000118abb484 [0x0000000118abab80+0x0000000000000904]
J 26125 c2 org.gradle.internal.operations.DefaultBuildOperationRunner.run(Lorg/gradle/internal/operations/RunnableBuildOperation;)V (13 bytes) @ 0x0000000118c8b05c [0x0000000118c8a2c0+0x0000000000000d9c]
j  org.gradle.internal.build.BuildOperationFiringBuildWorkPreparer.populateWorkGraph(Lorg/gradle/api/internal/GradleInternal;Lorg/gradle/execution/plan/ExecutionPlan;Ljava/util/function/Consumer;)V+22
...<more frames>...


siginfo: si_signo: 10 (SIGBUS), si_code: 1 (BUS_ADRALN), si_addr: 0x0000000720230000

Registers:
 x0=0x000000080102b740  x1=0x0000000700c0f6b0  x2=0x0000000718f33958  x3=0x0000000000000000
 x4=0x000000080102e598  x5=0x00000008005d5030  x6=0x0000000000001f42  x7=0x0000000000000100
 x8=0x0000000118bb0090  x9=0x000000017880fc80 x10=0x00000007202ffc00 x11=0x000000072022fff8
x12=0x00000000001d69e8 x13=0x0000000720230010 x14=0x00000000e0181ed6 x15=0x000000080102e800
x16=0x000000080102b740 x17=0x000000080102b740 x18=0x0000000000000000 x19=0x0000000718f36390
x20=0x00000000e010c14e x21=0x0000000800002958 x22=0x0000000700860a70 x23=0x000000071b006628
x24=0x0000000718e4b9b0 x25=0x00000007015b6628 x26=0x00000003174a28e8 x27=0x00000007ffd008c8
x28=0x000000012b00a800  fp=0x0000000700c0f6b0  lr=0x0000000118bb00dc  sp=0x0000000178823c20
pc=0x0000000118bae498 cpsr=0x0000000080001000

Register to memory mapping:

 x0=0x000000080102b740 is a pointer to class: 
org.gradle.internal.service.ServiceProvider {0x000000080102b740}
 - instance size:     2
 - klass size:        64
 - access:            interface abstract 
 - state:             linked
 - name:              'org/gradle/internal/service/ServiceProvider'
 - super:             'java/lang/Object'
 - sub:               
 - nof implementors:  2
 - arrays:            'org/gradle/internal/service/ServiceProvider'[]
 - methods:           Array<T>(0x000000014c4b9588)
 - method ordering:   Array<T>(0x0000000800913140)
 - local interfaces:  Array<T>(0x000000014c4b9408)
 - trans. interfaces: Array<T>(0x000000014c4b9408)
 - constants:         constant pool [25] {0x000000014c4b92d0} for 'org/gradle/internal/service/ServiceProvider' cache=0x000000014c4c8680
 - class loader data:  loader data: 0x000000013c72ea20 for instance a 'org/gradle/internal/classloader/VisitableURLClassLoader'{0x0000000700079bd0}
 - source file:       'ServiceProvider.java'
 - class annotations:       Array<T>(0x0000000000000000)
 - class type annotations:  Array<T>(0x0000000000000000)
 - field annotations:       Array<T>(0x0000000000000000)
 - field type annotations:  Array<T>(0x0000000000000000)
 - inner classes:     Array<T>(0x000000014c4b97d0)
 - nest members:     Array<T>(0x00000008005d4f38)
 - permitted subclasses:     Array<T>(0x00000008005d4f38)
 - java mirror:       a 'java/lang/Class'{0x00000007009da658} = 'org/gradle/internal/service/ServiceProvider'
 - vtable length      5  (start addr: 0x000000080102b910)
 - itable length      0 (start addr: 0x000000080102b938)
 - ---- static fields (0 words):
 - ---- non-static fields (0 words):
 - non-static oop maps: 
 x1=0x0000000700c0f6b0 is an oop: java.lang.Class 
{0x0000000700c0f6b0} - klass: 'java/lang/Class'
 - ---- fields (total size 14 words):
 - private volatile transient 'classRedefinedCount' 'I' @12  0
 - private volatile transient 'cachedConstructor' 'Ljava/lang/reflect/Constructor;' @40  NULL (0)
 - private transient 'name' 'Ljava/lang/String;' @44  "org.gradle.api.model.ObjectFactory"{0x0000000700c0f720} (e0181ee4)
 - private transient 'module' 'Ljava/lang/Module;' @48  a 'java/lang/Module'{0x0000000700076510} (e000eca2)
 - private final 'classLoader' 'Ljava/lang/ClassLoader;' @52  a 'org/gradle/internal/classloader/VisitableURLClassLoader'{0x0000000700079bd0} (e000f37a)
 - private transient 'classData' 'Ljava/lang/Object;' @56  NULL (0)
 - private transient 'packageName' 'Ljava/lang/String;' @60  "org.gradle.api.model"{0x0000000700c0f770} (e0181eee)
 - private final 'componentType' 'Ljava/lang/Class;' @64  [I{0x0000000700c0f7b0} (e0181ef6)
 - private volatile transient 'reflectionData' 'Ljava/lang/ref/SoftReference;' @68  a 'java/lang/ref/SoftReference'{0x0000000700c0f7c0} (e0181ef8)
 - private volatile transient 'genericInfo' 'Lsun/reflect/generics/repository/ClassRepository;' @72  NULL (0)
 - private volatile transient 'enumConstants' '[Ljava/lang/Object;' @76  NULL (0)
 - private volatile transient 'enumConstantDirectory' 'Ljava/util/Map;' @80  NULL (0)
 - private volatile transient 'annotationData' 'Ljava/lang/Class$AnnotationData;' @84  a 'java/lang/Class$AnnotationData'{0x0000000700c0f838} (e0181f07)
 - private volatile transient 'annotationType' 'Lsun/reflect/annotation/AnnotationType;' @88  NULL (0)
 - transient 'classValueMap' 'Ljava/lang/ClassValue$ClassValueMap;' @92  a 'java/lang/ClassValue$ClassValueMap'{0x000000071b13e3f0} (e3627c7e)
 - signature: Lorg/gradle/api/model/ObjectFactory;
 - fake entry for mirror: 'org/gradle/api/model/ObjectFactory'
 - fake entry for array: NULL
 - fake entry for oop_size: 14
 - fake entry for static_oop_field_count: 0
 x2=0x0000000718f33958 is an oop: java.util.Collections$SingletonList 
{0x0000000718f33958} - klass: 'java/util/Collections$SingletonList'
 - ---- fields (total size 3 words):
 - protected transient 'modCount' 'I' @12  0
 - private final 'element' 'Ljava/lang/Object;' @16  a 'java/lang/Class'{0x0000000700c0f6b0} = 'org/gradle/api/model/ObjectFactory' (e0181ed6)
 x3=0x0 is NULL
 x4=0x000000080102e598 is a pointer to class: 
org.gradle.internal.service.DefaultServiceRegistry$FactoryMethodService {0x000000080102e598}
 - instance size:     8
 - klass size:        91
 - access:            synchronized 
 - state:             fully_initialized
 - name:              'org/gradle/internal/service/DefaultServiceRegistry$FactoryMethodService'
 - super:             'org/gradle/internal/service/DefaultServiceRegistry$FactoryService'
 - sub:               
 - arrays:            NULL
 - methods:           Array<T>(0x000000014c4c2b28)
 - method ordering:   Array<T>(0x0000000800913140)
 - local interfaces:  Array<T>(0x00000008005d4fa8)
 - trans. interfaces: Array<T>(0x000000014c4c22a8)
 - constants:         constant pool [202] {0x000000014c4c23a0} for 'org/gradle/internal/service/DefaultServiceRegistry$FactoryMethodService' cache=0x000000014c4d8d78
 - class loader data:  loader data: 0x000000013c72ea20 for instance a 'org/gradle/internal/classloader/VisitableURLClassLoader'{0x0000000700079bd0}
 - source file:       'DefaultServiceRegistry.java'
 - class annotations:       Array<T>(0x0000000000000000)
 - class type annotations:  Array<T>(0x0000000000000000)
 - field annotations:       Array<T>(0x000000014c4c2ae0)
 - field type annotations:  Array<T>(0x0000000000000000)
 - inner classes:     Array<T>(0x000000014c4c3310)
 - nest members:     Array<T>(0x00000008005d4f38)
 - permitted subclasses:     Array<T>(0x00000008005d4f38)
 - java mirror:       a 'java/lang/Class'{0x0000000700e5d750} = 'org/gradle/internal/service/DefaultServiceRegistry$FactoryMethodService'
 - vtable length      17  (start addr: 0x000000080102e768)
 - itable length      15 (start addr: 0x000000080102e7f0)
 - ---- static fields (0 words):
 - ---- non-static fields (13 words):
 - protected final 'owner' 'Lorg/gradle/internal/service/DefaultServiceRegistry;' @12 
 - private final 'dependents' 'Ljava/util/Queue;' @16 
 - private volatile 'instance' 'Ljava/lang/Object;' @20 
 - protected final 'accessScope' 'Lorg/gradle/internal/service/ServiceAccessScope;' @24 
 - protected final 'serviceTypes' 'Ljava/util/List;' @28 
 - private final 'serviceTypesAsClasses' 'Ljava/util/List;' @32 
 - 'state' 'Lorg/gradle/internal/service/DefaultServiceRegistry$SingletonService$BindState;' @36 
 - 'factoryElementType' 'Ljava/lang/Class;' @40 
 - private final 'accessToken' 'Lorg/gradle/internal/service/ServiceAccessToken;' @44 
 - private 'paramServices' '[Lorg/gradle/internal/service/Service;' @48 
 - private 'decorates' 'Lorg/gradle/internal/service/Service;' @52 
 - private 'method' 'Lorg/gradle/internal/service/ServiceMethod;' @56 
 - private 'target' 'Ljava/lang/Object;' @60 
 - non-static oop maps: 12-60 
 x5=0x00000008005d5030 is pointing into metadata
 x6=0x0000000000001f42 is an unknown value
 x7=0x0000000000000100 is an unknown value
 x8=0x0000000118bb0090 is at entry_point+16 in (nmethod*)0x0000000118bafe90
Compiled method (c2) 5744123 13821       4       org.gradle.internal.service.DefaultServiceRegistry$SingletonService::getService (33 bytes)
 total in heap  [0x0000000118bafe90,0x0000000118bb08f8] = 2664
 relocation     [0x0000000118baffe8,0x0000000118bb0080] = 152
 main code      [0x0000000118bb0080,0x0000000118bb0680] = 1536
 stub code      [0x0000000118bb0680,0x0000000118bb0720] = 160
 oops           [0x0000000118bb0720,0x0000000118bb0740] = 32
 metadata       [0x0000000118bb0740,0x0000000118bb0770] = 48
 scopes data    [0x0000000118bb0770,0x0000000118bb0808] = 152
 scopes pcs     [0x0000000118bb0808,0x0000000118bb0898] = 144
 dependencies   [0x0000000118bb0898,0x0000000118bb08a0] = 8
 handler table  [0x0000000118bb08a0,0x0000000118bb08e8] = 72
 nul chk table  [0x0000000118bb08e8,0x0000000118bb08f8] = 16
0x0000000118bb0090:   1f 20 03 d5 e9 53 40 d1 3f 01 00 f9 ff 03 01 d1
0x0000000118bb00a0:   fd 7b 03 a9 2b 18 40 b9 ed 03 01 aa fd 03 02 aa
0x0000000118bb00b0:   61 f1 7d d3 2a 08 40 b9 
 x9=0x000000017880fc80 is pointing into the stack for thread: 0x000000012b00a800
x10=0x00000007202ffc00 is an oop: java.util.Collections$SingletonList 
{0x00000007202ffc00} - klass: 'java/util/Collections$SingletonList'
 - ---- fields (total size 3 words):
 - protected transient 'modCount' 'I' @12  0
 - private final 'element' 'Ljava/lang/Object;' @16  a 'org/gradle/internal/service/DefaultServiceRegistry$ThisAsService'{0x00000007202ffc18} (e405ff83)
x11=0x000000072022fff8 points into unknown readable memory: 0x0000000000000001 | 01 00 00 00 00 00 00 00
x12=1927656 is a compressed pointer to class: 0x00000008001d69e8
java.util.Collections$1 {0x00000008001d69e8}
 - instance size:     3
 - klass size:        76
 - access:            synchronized 
 - state:             fully_initialized
 - name:              'java/util/Collections$1'
 - super:             'java/lang/Object'
 - sub:               
 - arrays:            NULL
 - methods:           Array<T>(0x00000008007fb9a0)
 - method ordering:   Array<T>(0x00000008007fba28)
 - local interfaces:  Array<T>(0x00000008007f9d68)
 - trans. interfaces: Array<T>(0x00000008007f9d68)
 - constants:         constant pool [67] {0x00000008007fb5e0} for 'java/util/Collections$1' cache=0x00000008001d76f0
 - class loader data:  loader data: 0x000000013c719080 of 'bootstrap'
 - source file:       'Collections.java'
 - class annotations:       Array<T>(0x0000000000000000)
 - class type annotations:  Array<T>(0x0000000000000000)
 - field annotations:       Array<T>(0x0000000000000000)
 - field type annotations:  Array<T>(0x0000000000000000)
 - generic signature: 'Ljava/lang/Object;Ljava/util/Iterator<TE;>;'
 - inner classes:     Array<T>(0x00000008007fb988)
 - nest members:     Array<T>(0x00000008005d4f38)
 - permitted subclasses:     Array<T>(0x00000008005d4f38)
 - java mirror:       a 'java/lang/Class'{0x00000007ffd18f68} = 'java/util/Collections$1'
 - vtable length      9  (start addr: 0x00000008001d6bb8)
 - itable length      8 (start addr: 0x00000008001d6c00)
 - ---- static fields (0 words):
 - ---- non-static fields (2 words):
 - private 'hasNext' 'Z' @12 
 - final synthetic 'val$e' 'Ljava/lang/Object;' @16 
 - non-static oop maps: 16-16 
x13=0x0000000720230010 points into unknown readable memory: 0x0000000000000000 | 00 00 00 00 00 00 00 00
x14=3759677142 is a compressed pointer to object: java.lang.Class 
{0x0000000700c0f6b0} - klass: 'java/lang/Class'
 - ---- fields (total size 14 words):
 - private volatile transient 'classRedefinedCount' 'I' @12  0
 - private volatile transient 'cachedConstructor' 'Ljava/lang/reflect/Constructor;' @40  NULL (0)
 - private transient 'name' 'Ljava/lang/String;' @44  "org.gradle.api.model.ObjectFactory"{0x0000000700c0f720} (e0181ee4)
 - private transient 'module' 'Ljava/lang/Module;' @48  a 'java/lang/Module'{0x0000000700076510} (e000eca2)
 - private final 'classLoader' 'Ljava/lang/ClassLoader;' @52  a 'org/gradle/internal/classloader/VisitableURLClassLoader'{0x0000000700079bd0} (e000f37a)
 - private transient 'classData' 'Ljava/lang/Object;' @56  NULL (0)
 - private transient 'packageName' 'Ljava/lang/String;' @60  "org.gradle.api.model"{0x0000000700c0f770} (e0181eee)
 - private final 'componentType' 'Ljava/lang/Class;' @64  [I{0x0000000700c0f7b0} (e0181ef6)
 - private volatile transient 'reflectionData' 'Ljava/lang/ref/SoftReference;' @68  a 'java/lang/ref/SoftReference'{0x0000000700c0f7c0} (e0181ef8)
 - private volatile transient 'genericInfo' 'Lsun/reflect/generics/repository/ClassRepository;' @72  NULL (0)
 - private volatile transient 'enumConstants' '[Ljava/lang/Object;' @76  NULL (0)
 - private volatile transient 'enumConstantDirectory' 'Ljava/util/Map;' @80  NULL (0)
 - private volatile transient 'annotationData' 'Ljava/lang/Class$AnnotationData;' @84  a 'java/lang/Class$AnnotationData'{0x0000000700c0f838} (e0181f07)
 - private volatile transient 'annotationType' 'Lsun/reflect/annotation/AnnotationType;' @88  NULL (0)
 - transient 'classValueMap' 'Ljava/lang/ClassValue$ClassValueMap;' @92  a 'java/lang/ClassValue$ClassValueMap'{0x000000071b13e3f0} (e3627c7e)
 - signature: Lorg/gradle/api/model/ObjectFactory;
 - fake entry for mirror: 'org/gradle/api/model/ObjectFactory'
 - fake entry for array: NULL
 - fake entry for oop_size: 14
 - fake entry for static_oop_field_count: 0
x15=0x000000080102e800 is pointing into metadata
x16=0x000000080102b740 is a pointer to class: 
org.gradle.internal.service.ServiceProvider {0x000000080102b740}
 - instance size:     2
 - klass size:        64
 - access:            interface abstract 
 - state:             linked
 - name:              'org/gradle/internal/service/ServiceProvider'
 - super:             'java/lang/Object'
 - sub:               
 - nof implementors:  2
 - arrays:            'org/gradle/internal/service/ServiceProvider'[]
 - methods:           Array<T>(0x000000014c4b9588)
 - method ordering:   Array<T>(0x0000000800913140)
 - local interfaces:  Array<T>(0x000000014c4b9408)
 - trans. interfaces: Array<T>(0x000000014c4b9408)
 - constants:         constant pool [25] {0x000000014c4b92d0} for 'org/gradle/internal/service/ServiceProvider' cache=0x000000014c4c8680
 - class loader data:  loader data: 0x000000013c72ea20 for instance a 'org/gradle/internal/classloader/VisitableURLClassLoader'{0x0000000700079bd0}
 - source file:       'ServiceProvider.java'
 - class annotations:       Array<T>(0x0000000000000000)
 - class type annotations:  Array<T>(0x0000000000000000)
 - field annotations:       Array<T>(0x0000000000000000)
 - field type annotations:  Array<T>(0x0000000000000000)
 - inner classes:     Array<T>(0x000000014c4b97d0)
 - nest members:     Array<T>(0x00000008005d4f38)
 - permitted subclasses:     Array<T>(0x00000008005d4f38)
 - java mirror:       a 'java/lang/Class'{0x00000007009da658} = 'org/gradle/internal/service/ServiceProvider'
 - vtable length      5  (start addr: 0x000000080102b910)
 - itable length      0 (start addr: 0x000000080102b938)
 - ---- static fields (0 words):
 - ---- non-static fields (0 words):
 - non-static oop maps: 
x17=0x000000080102b740 is a pointer to class: 
org.gradle.internal.service.ServiceProvider {0x000000080102b740}
 - instance size:     2
 - klass size:        64
 - access:            interface abstract 
 - state:             linked
 - name:              'org/gradle/internal/service/ServiceProvider'
 - super:             'java/lang/Object'
 - sub:               
 - nof implementors:  2
 - arrays:            'org/gradle/internal/service/ServiceProvider'[]
 - methods:           Array<T>(0x000000014c4b9588)
 - method ordering:   Array<T>(0x0000000800913140)
 - local interfaces:  Array<T>(0x000000014c4b9408)
 - trans. interfaces: Array<T>(0x000000014c4b9408)
 - constants:         constant pool [25] {0x000000014c4b92d0} for 'org/gradle/internal/service/ServiceProvider' cache=0x000000014c4c8680
 - class loader data:  loader data: 0x000000013c72ea20 for instance a 'org/gradle/internal/classloader/VisitableURLClassLoader'{0x0000000700079bd0}
 - source file:       'ServiceProvider.java'
 - class annotations:       Array<T>(0x0000000000000000)
 - class type annotations:  Array<T>(0x0000000000000000)
 - field annotations:       Array<T>(0x0000000000000000)
 - field type annotations:  Array<T>(0x0000000000000000)
 - inner classes:     Array<T>(0x000000014c4b97d0)
 - nest members:     Array<T>(0x00000008005d4f38)
 - permitted subclasses:     Array<T>(0x00000008005d4f38)
 - java mirror:       a 'java/lang/Class'{0x00000007009da658} = 'org/gradle/internal/service/ServiceProvider'
 - vtable length      5  (start addr: 0x000000080102b910)
 - itable length      0 (start addr: 0x000000080102b938)
 - ---- static fields (0 words):
 - ---- non-static fields (0 words):
 - non-static oop maps: 
x18=0x0 is NULL
x19=0x0000000718f36390 is an oop: java.util.ArrayList 
{0x0000000718f36390} - klass: 'java/util/ArrayList'
 - ---- fields (total size 3 words):
 - protected transient 'modCount' 'I' @12  1
 - private 'size' 'I' @16  1
 - transient 'elementData' '[Ljava/lang/Object;' @20  a 'java/lang/Object'[2] {0x0000000718f363a8} (e31e6c75)
x20=3759194446 is a compressed pointer to object: org.gradle.internal.service.DefaultServiceRegistry$State 
{0x0000000700860a70} - klass: 'org/gradle/internal/service/DefaultServiceRegistry$State'
 - ---- fields (total size 3 words):
 - private final 'ordinal' 'I' @12  1
 - private final 'name' 'Ljava/lang/String;' @16  "STARTED"{0x0000000700860a88} (e010c151)
x21=0x0000000800002958 is a pointer to class: 
java.lang.reflect.Type {0x0000000800002958}
 - instance size:     2
 - klass size:        64
 - access:            public interface abstract 
 - state:             fully_initialized
 - name:              'java/lang/reflect/Type'
 - super:             'java/lang/Object'
 - sub:               
 - nof implementors:  2
 - arrays:            'java/lang/reflect/Type'[]
 - methods:           Array<T>(0x0000000800b42d90)
 - method ordering:   Array<T>(0x0000000800b42d88)
 - local interfaces:  Array<T>(0x00000008005d4fa8)
 - trans. interfaces: Array<T>(0x00000008005d4fa8)
 - constants:         constant pool [17] {0x0000000800b42de8} for 'java/lang/reflect/Type' cache=0x000000080043bd98
 - class loader data:  loader data: 0x000000013c719080 of 'bootstrap'
 - source file:       'Type.java'
 - class annotations:       Array<T>(0x0000000000000000)
 - class type annotations:  Array<T>(0x0000000000000000)
 - field annotations:       Array<T>(0x0000000000000000)
 - field type annotations:  Array<T>(0x0000000000000000)
 - inner classes:     Array<T>(0x00000008005d4f38)
 - nest members:     Array<T>(0x00000008005d4f38)
 - permitted subclasses:     Array<T>(0x00000008005d4f38)
 - java mirror:       a 'java/lang/Class'{0x00000007ffd0a7a8} = 'java/lang/reflect/Type'
 - vtable length      5  (start addr: 0x0000000800002b28)
 - itable length      0 (start addr: 0x0000000800002b50)
 - ---- static fields (0 words):
 - ---- non-static fields (0 words):
 - non-static oop maps: 
x22=0x0000000700860a70 is an oop: org.gradle.internal.service.DefaultServiceRegistry$State 
{0x0000000700860a70} - klass: 'org/gradle/internal/service/DefaultServiceRegistry$State'
 - ---- fields (total size 3 words):
 - private final 'ordinal' 'I' @12  1
 - private final 'name' 'Ljava/lang/String;' @16  "STARTED"{0x0000000700860a88} (e010c151)
x23=0x000000071b006628 is an oop: org.gradle.internal.service.ScopedServiceRegistry 
{0x000000071b006628} - klass: 'org/gradle/internal/service/ScopedServiceRegistry'
 - ---- fields (total size 5 words):
 - private final 'inspector' 'Lorg/gradle/internal/service/DefaultServiceRegistry$ClassInspector;' @12  a 'org/gradle/internal/service/DefaultServiceRegistry$ClassInspector'{0x0000000700cac850} (e019590a)
 - private final 'ownServices' 'Lorg/gradle/internal/service/DefaultServiceRegistry$OwnServices;' @16  a 'org/gradle/internal/service/DefaultServiceRegistry$OwnServices'{0x000000071b006650} (e3600cca)
 - private final 'allServices' 'Lorg/gradle/internal/service/ServiceProvider;' @20  a 'org/gradle/internal/service/DefaultServiceRegistry$CompositeServiceProvider'{0x0000000718e4b9c0} (e31c9738)
 - private final 'parentServices' 'Lorg/gradle/internal/service/ServiceProvider;' @24  a 'org/gradle/internal/service/DefaultServiceRegistry$ParentServices'{0x0000000718e4b9e8} (e31c973d)
 - private final 'displayName' 'Ljava/lang/String;' @28  "project services"{0x0000000701bd8ce8} (e037b19d)
 - private final 'thisAsServiceProvider' 'Lorg/gradle/internal/service/ServiceProvider;' @32  a 'org/gradle/internal/service/DefaultServiceRegistry$CompositeServiceProvider'{0x0000000718e4b9c0} (e31c9738)
 - private final 'state' 'Ljava/util/concurrent/atomic/AtomicReference;' @36  a 'java/util/concurrent/atomic/AtomicReference'{0x0000000718e4b9b0} (e31c9736)
x24=0x0000000718e4b9b0 is an oop: java.util.concurrent.atomic.AtomicReference 
{0x0000000718e4b9b0} - klass: 'java/util/concurrent/atomic/AtomicReference'
 - ---- fields (total size 2 words):
 - private volatile 'value' 'Ljava/lang/Object;' @12  a 'org/gradle/internal/service/DefaultServiceRegistry$State'{0x0000000700860a70} (e010c14e)
x25=0x00000007015b6628 is an oop: org.gradle.api.internal.provider.DefaultListProperty$$Lambda$686/0x000000080159bd70 
{0x00000007015b6628} - klass: 'org/gradle/api/internal/provider/DefaultListProperty$$Lambda$686+0x000000080159bd70'
 - ---- fields (total size 2 words):
x26=0x00000003174a28e8 is pointing into metadata
x27=0x00000007ffd008c8 is an oop: java.lang.Class 
{0x00000007ffd008c8} - klass: 'java/lang/Class'
 - ---- fields (total size 14 words):
 - private volatile transient 'classRedefinedCount' 'I' @12  0
 - private volatile transient 'cachedConstructor' 'Ljava/lang/reflect/Constructor;' @40  NULL (0)
 - private transient 'name' 'Ljava/lang/String;' @44  "java.lang.Object"{0x00000007000c6ac0} (e0018d58)
 - private transient 'module' 'Ljava/lang/Module;' @48  a 'java/lang/Module'{0x0000000700076b40} (e000ed68)
 - private final 'classLoader' 'Ljava/lang/ClassLoader;' @52  NULL (0)
 - private transient 'classData' 'Ljava/lang/Object;' @56  NULL (0)
 - private transient 'packageName' 'Ljava/lang/String;' @60  "java.lang"{0x00000007ffe40af0} (fffc815e)
 - private final 'componentType' 'Ljava/lang/Class;' @64  NULL (0)
 - private volatile transient 'reflectionData' 'Ljava/lang/ref/SoftReference;' @68  a 'java/lang/ref/SoftReference'{0x0000000700c150b8} (e0182a17)
 - private volatile transient 'genericInfo' 'Lsun/reflect/generics/repository/ClassRepository;' @72  a 'sun/reflect/generics/repository/ClassRepository'{0x00000007050f9e28} (e0a1f3c5)
 - private volatile transient 'enumConstants' '[Ljava/lang/Object;' @76  NULL (0)
 - private volatile transient 'enumConstantDirectory' 'Ljava/util/Map;' @80  NULL (0)
 - private volatile transient 'annotationData' 'Ljava/lang/Class$AnnotationData;' @84  a 'java/lang/Class$AnnotationData'{0x0000000700c150a0} (e0182a14)
 - private volatile transient 'annotationType' 'Lsun/reflect/annotation/AnnotationType;' @88  NULL (0)
 - transient 'classValueMap' 'Ljava/lang/ClassValue$ClassValueMap;' @92  a 'java/lang/ClassValue$ClassValueMap'{0x0000000702a3d6f0} (e0547ade)
 - signature: Ljava/lang/Object;
 - fake entry for mirror: 'java/lang/Object'
 - fake entry for array: 'java/lang/Object'[]
 - fake entry for oop_size: 14
 - fake entry for static_oop_field_count: 0
x28=0x000000012b00a800 is a thread


Top of Stack: (sp=0x0000000178823c20)
0x0000000178823c20:   0000000700c0f6b0 0000000118db2cf4
0x0000000178823c30:   000000070680ba77 000000072022fa10
0x0000000178823c40:   000000072022fb78 0000000700079a88
0x0000000178823c50:   0000000100000000 000000072022fa48
0x0000000178823c60:   000000072022fa74 000000012b00a800
0x0000000178823c70:   0000000700c0f6b0 0000000118bb00dc
0x0000000178823c80:   0000000718f33258 00000007015b6628
0x0000000178823c90:   000000072022fe88 000000072022fbb0
0x0000000178823ca0:   0000000178823f20 0000000111c9b840
0x0000000178823cb0:   0000000718f36390 0000000118944cd0
0x0000000178823cc0:   000000072022fdd8 000000072022fd70
0x0000000178823cd0:   000000072022fd70 000000072022fe08
0x0000000178823ce0:   000000071b006650 000000072022fbd8
0x0000000178823cf0:   0000000000000000 0000000700c0f6b0
0x0000000178823d00:   000000072022ff30 000000072022ff58
0x0000000178823d10:   00000008011d8228 0000000000000000
0x0000000178823d20:   0000000178823f20 00000001121b5788
0x0000000178823d30:   000000072022ed88 0000000000000000
0x0000000178823d40:   000000072022e760 0000000100001758
0x0000000178823d50:   000000072022fe38 0000000118df9328
0x0000000178823d60:   000000072022e340 000000070da501d8
0x0000000178823d70:   0000000000000000 000000011896c234
0x0000000178823d80:   0000000700c0f6b0 0000000000000000
0x0000000178823d90:   0000000718e4b9d0 0000000700000002
0x0000000178823da0:   000000072022fde8 000000072022fde8
0x0000000178823db0:   000000071b006628 00000001195971b4
0x0000000178823dc0:   000000072022e340 000000070da51078
0x0000000178823dd0:   000000071b006628 00000007ffd00cd0
0x0000000178823de0:   000000072022fe38 0000000112456c94
0x0000000178823df0:   000000072022ff58 000000080118bbe8
0x0000000178823e00:   000000080122d758 0000000000000000
0x0000000178823e10:   0000000178823f20 000000011310f724 

Instructions: (pc=0x0000000118bae498)
0x0000000118bae398:   2d fd 07 d0 01 f8 f8 fc 04 d0 01 f8 f1 fc 04 d0
0x0000000118bae3a8:   01 f8 e1 fc 04 d0 01 f8 de fc 04 d0 01 f8 d7 fc
0x0000000118bae3b8:   04 d0 01 f8 d2 fc 04 d0 01 f8 ce fc 04 d0 01 f8
0x0000000118bae3c8:   ca fc 04 d0 01 f8 c4 fc 04 d0 01 f8 be fc 04 d0
0x0000000118bae3d8:   01 f8 a5 fc 04 d0 01 f8 94 fc 04 d0 01 f8 8f fc
0x0000000118bae3e8:   04 d0 01 f8 8d fc 04 d0 01 f8 86 fc 04 d0 01 f8
0x0000000118bae3f8:   84 fc 04 d0 01 f8 7c fc 04 d0 01 f8 76 fc 04 d0
0x0000000118bae408:   01 f8 74 fc 04 d0 01 f8 6b fc 04 d0 04 60 02 60
0x0000000118bae418:   00 00 00 00 00 00 00 00 00 00 00 00 00 00 00 00
0x0000000118bae428:   00 00 00 00 00 00 00 00 00 00 00 00 00 00 00 00
0x0000000118bae438:   00 00 00 00 00 00 00 00 1f 20 03 d5 e9 53 40 d1
0x0000000118bae448:   3f 01 00 f9 ff 83 01 d1 fd 7b 05 a9 e1 03 00 f9
0x0000000118bae458:   4b 08 40 b9 8a 20 a0 d2 0a 04 9b f2 7f 01 0a 6b
0x0000000118bae468:   ec 03 40 b2 41 1f 00 54 8b 87 40 f9 8a 8f 40 f9
0x0000000118bae478:   6d 61 00 91 4e 10 40 b9 bf 01 0a eb a2 57 00 54
0x0000000118bae488:   8d 87 00 f9 6c 01 00 f9 ac 03 a0 d2 0c 3d 8d f2
0x0000000118bae498:   6c 09 00 b9 b0 c1 80 f9 7f 15 00 b9 ea 03 00 32
0x0000000118bae4a8:   6a b9 01 29 6c 09 40 b9 aa 03 a0 d2 0a 3d 8d f2
0x0000000118bae4b8:   9f 01 0a 6b 41 1b 00 54 ea 03 0b aa 4d 31 40 39
0x0000000118bae4c8:   4d 29 00 34 6e 09 40 b9 ec 03 40 f9 8f 09 40 b9
0x0000000118bae4d8:   b0 03 a0 d2 10 3d 8d f2 df 01 10 6b 11 00 a0 d2
0x0000000118bae4e8:   11 eb 82 f2 a1 20 a0 d2 01 75 9f f2 a1 0b 00 54
0x0000000118bae4f8:   f0 03 0b aa ff 01 11 6b 21 2a 00 54 f1 03 0c aa
0x0000000118bae508:   ed 03 00 32 0a 12 40 b9 1d 32 40 39 41 f1 7d d3
0x0000000118bae518:   bd 5a 00 34 1f 32 00 39 2e 08 40 b9 c4 01 5d d2
0x0000000118bae528:   8a 10 40 f9 0e 2b 85 d2 0e 00 a0 f2 0e 01 c0 f2
0x0000000118bae538:   5f 01 0e eb 61 01 00 54 3f 02 01 eb ee 17 9f 1a
0x0000000118bae548:   8e 03 00 34 e0 03 0d 2a fd 7b 45 a9 ff 83 01 91
0x0000000118bae558:   88 a3 41 f9 ff 63 28 eb a8 6c 00 54 c0 03 5f d6
0x0000000118bae568:   00 2b 85 d2 00 00 a0 f2 00 01 c0 f2 85 14 40 f9
0x0000000118bae578:   a2 00 40 b9 a5 20 00 91 ff 63 3f eb c2 00 00 b4
0x0000000118bae588:   a8 84 40 f8 1f 00 08 eb 60 00 00 54 42 04 00 d1 


Stack slot to memory mapping:
stack at sp + 0 slots: 0x0000000700c0f6b0 is an oop: java.lang.Class 
{0x0000000700c0f6b0} - klass: 'java/lang/Class'
 - ---- fields (total size 14 words):
 - private volatile transient 'classRedefinedCount' 'I' @12  0
 - private volatile transient 'cachedConstructor' 'Ljava/lang/reflect/Constructor;' @40  NULL (0)
 - private transient 'name' 'Ljava/lang/String;' @44  "org.gradle.api.model.ObjectFactory"{0x0000000700c0f720} (e0181ee4)
 - private transient 'module' 'Ljava/lang/Module;' @48  a 'java/lang/Module'{0x0000000700076510} (e000eca2)
 - private final 'classLoader' 'Ljava/lang/ClassLoader;' @52  a 'org/gradle/internal/classloader/VisitableURLClassLoader'{0x0000000700079bd0} (e000f37a)
 - private transient 'classData' 'Ljava/lang/Object;' @56  NULL (0)
 - private transient 'packageName' 'Ljava/lang/String;' @60  "org.gradle.api.model"{0x0000000700c0f770} (e0181eee)
 - private final 'componentType' 'Ljava/lang/Class;' @64  [I{0x0000000700c0f7b0} (e0181ef6)
 - private volatile transient 'reflectionData' 'Ljava/lang/ref/SoftReference;' @68  a 'java/lang/ref/SoftReference'{0x0000000700c0f7c0} (e0181ef8)
 - private volatile transient 'genericInfo' 'Lsun/reflect/generics/repository/ClassRepository;' @72  NULL (0)
 - private volatile transient 'enumConstants' '[Ljava/lang/Object;' @76  NULL (0)
 - private volatile transient 'enumConstantDirectory' 'Ljava/util/Map;' @80  NULL (0)
 - private volatile transient 'annotationData' 'Ljava/lang/Class$AnnotationData;' @84  a 'java/lang/Class$AnnotationData'{0x0000000700c0f838} (e0181f07)
 - private volatile transient 'annotationType' 'Lsun/reflect/annotation/AnnotationType;' @88  NULL (0)
 - transient 'classValueMap' 'Ljava/lang/ClassValue$ClassValueMap;' @92  a 'java/lang/ClassValue$ClassValueMap'{0x000000071b13e3f0} (e3627c7e)
 - signature: Lorg/gradle/api/model/ObjectFactory;
 - fake entry for mirror: 'org/gradle/api/model/ObjectFactory'
 - fake entry for array: NULL
 - fake entry for oop_size: 14
 - fake entry for static_oop_field_count: 0
stack at sp + 1 slots: 0x0000000118db2cf4 is at entry_point+1012 in (nmethod*)0x0000000118db2690
Compiled method (c2) 5744127 18320       4       java.util.HashMap::putVal (300 bytes)
 total in heap  [0x0000000118db2690,0x0000000118db3d58] = 5832
 relocation     [0x0000000118db27e8,0x0000000118db28f0] = 264
 main code      [0x0000000118db2900,0x0000000118db36c0] = 3520
 stub code      [0x0000000118db36c0,0x0000000118db3850] = 400
 metadata       [0x0000000118db3850,0x0000000118db38a8] = 88
 scopes data    [0x0000000118db38a8,0x0000000118db3b38] = 656
 scopes pcs     [0x0000000118db3b38,0x0000000118db3c68] = 304
 dependencies   [0x0000000118db3c68,0x0000000118db3c70] = 8
 handler table  [0x0000000118db3c70,0x0000000118db3d48] = 216
 nul chk table  [0x0000000118db3d48,0x0000000118db3d58] = 16
0x0000000118db2c60:   6a 02 a0 d2 0a 04 85 f2 bf 03 0a 6b f3 03 00 aa
0x0000000118db2c70:   61 26 00 54 8a e3 c0 39 8a 11 00 35 f4 1b 40 f9
0x0000000118db2c80:   ea 03 14 aa eb 03 13 aa 6b 01 0a ca 6c fe 43 d3
0x0000000118db2c90:   6b fd 55 d3 8c 02 00 b9 2b 01 00 b4 13 01 00 b4
0x0000000118db2ca0:   4a fd 49 d3 0b 80 a0 d2 2b 00 c0 f2 60 01 0a 8b
0x0000000118db2cb0:   0a 00 c0 39 5f 11 00 71 01 11 00 54 ee 07 40 f9
0x0000000118db2cc0:   ca b1 42 29 8d 05 00 11 4a 05 00 11 cb 1d 40 b9
0x0000000118db2cd0:   ca b5 02 29 5f 01 0b 6b 0c 0d 00 54 e1 03 0e aa
0x0000000118db2ce0:   e2 27 40 b9 e9 ff 9f d2 e9 ff bf f2 e9 ff df f2
0x0000000118db2cf0:   ec d2 cf 97 f8 03 1f aa e0 03 18 aa fd 7b 45 a9
0x0000000118db2d00:   ff 83 01 91 
stack at sp + 2 slots: 0x000000070680ba77 points into unknown readable memory: e0
stack at sp + 3 slots: 0x000000072022fa10 is an oop: java.util.LinkedHashMap 
{0x000000072022fa10} - klass: 'java/util/LinkedHashMap'
 - ---- fields (total size 7 words):
 - transient 'keySet' 'Ljava/util/Set;' @12  NULL (0)
 - transient 'values' 'Ljava/util/Collection;' @16  NULL (0)
 - transient 'size' 'I' @20  2
 - transient 'modCount' 'I' @24  2
 - 'threshold' 'I' @28  12 (c)
 - final 'loadFactor' 'F' @32  0.750000 (3f400000)
 - transient 'table' '[Ljava/util/HashMap$Node;' @36  a 'java/util/HashMap$Node'[16] {0x000000072022fa48} (e4045f49)
 - transient 'entrySet' 'Ljava/util/Set;' @40  NULL (0)
 - final 'accessOrder' 'Z' @44  false
 - transient 'head' 'Ljava/util/LinkedHashMap$Entry;' @48  a 'java/util/LinkedHashMap$Entry'{0x000000072022fa98} (e4045f53)
 - transient 'tail' 'Ljava/util/LinkedHashMap$Entry;' @52  a 'java/util/LinkedHashMap$Entry'{0x000000072022fbe8} (e4045f7d)
stack at sp + 4 slots: 0x000000072022fb78 is an oop: org.gradle.api.internal.provider.TransformBackedProvider 
{0x000000072022fb78} - klass: 'org/gradle/api/internal/provider/TransformBackedProvider'
 - ---- fields (total size 3 words):
 - protected final 'type' 'Ljava/lang/Class;' @12  NULL (0)
 - protected final 'provider' 'Lorg/gradle/api/internal/provider/ProviderInternal;' @16  a 'org/gradle/api/internal/provider/DefaultProvider'{0x000000072022e3f8} (e4045c7f)
 - protected final 'transformer' 'Lorg/gradle/api/Transformer;' @20  a 'com/android/build/api/variant/impl/FileBasedDirectoryEntryImpl$asFiles$1'{0x000000072022fb68} (e4045f6d)
stack at sp + 5 slots: 0x0000000700079a88 is an oop: java.lang.Object 
{0x0000000700079a88} - klass: 'java/lang/Object'
 - ---- fields (total size 2 words):
stack at sp + 6 slots: 0x0000000100000000 is an unknown value
stack at sp + 7 slots: 0x000000072022fa48 is an oop: [Ljava.util.HashMap$Node; 
{0x000000072022fa48} - klass: 'java/util/HashMap$Node'[]
 - length: 16


Compiled method (c2) 5744127 13820       4       org.gradle.internal.service.DefaultServiceRegistry::isSatisfiedByAny (41 bytes)
 total in heap  [0x0000000118bae090,0x0000000118bafe20] = 7568
 relocation     [0x0000000118bae1e8,0x0000000118bae418] = 560
 main code      [0x0000000118bae440,0x0000000118baf300] = 3776
 stub code      [0x0000000118baf300,0x0000000118baf5f0] = 752
 oops           [0x0000000118baf5f0,0x0000000118baf5f8] = 8
 metadata       [0x0000000118baf5f8,0x0000000118baf6c0] = 200
 scopes data    [0x0000000118baf6c0,0x0000000118baf8f8] = 568
 scopes pcs     [0x0000000118baf8f8,0x0000000118bafbb8] = 704
 dependencies   [0x0000000118bafbb8,0x0000000118bafbc0] = 8
 handler table  [0x0000000118bafbc0,0x0000000118bafd70] = 432
 nul chk table  [0x0000000118bafd70,0x0000000118bafe20] = 176

[Constant Pool (empty)]

[MachCode]
[Verified Entry Point]
  # {method} {0x000000014c4a28f8} 'isSatisfiedByAny' '(Ljava/lang/reflect/Type;Ljava/util/List;)Z' in 'org/gradle/internal/service/DefaultServiceRegistry'
  # parm0:    c_rarg1:c_rarg1 
                        = 'java/lang/reflect/Type'
  # parm1:    c_rarg2:c_rarg2 
                        = 'java/util/List'
  #           [sp+0x60]  (sp of caller)
  0x0000000118bae440: 1f20 03d5 | e953 40d1 | 3f01 00f9 | ff83 01d1 | fd7b 05a9 | e103 00f9 

  0x0000000118bae458: ; implicit exception: dispatches to 0x0000000118baf1ec
  0x0000000118bae458: 4b08 40b9 

  0x0000000118bae45c: ;   {metadata('java/util/Collections$SingletonList')}
  0x0000000118bae45c: 8a20 a0d2 | 0a04 9bf2 | 7f01 0a6b | ec03 40b2 | 411f 0054 | 8b87 40f9 | 8a8f 40f9 | 6d61 0091 
  0x0000000118bae47c: 4e10 40b9 | bf01 0aeb | a257 0054 | 8d87 00f9 | 6c01 00f9 

  0x0000000118bae490: ;   {metadata('java/util/Collections$1')}
  0x0000000118bae490: ac03 a0d2 | 0c3d 8df2 | 6c09 00b9 | b0c1 80f9 | 7f15 00b9 | ea03 0032 | 6ab9 0129 | 6c09 40b9 
  0x0000000118bae4b0: ;   {metadata('java/util/Collections$1')}
  0x0000000118bae4b0: aa03 a0d2 | 0a3d 8df2 | 9f01 0a6b | 411b 0054 | ea03 0baa | 4d31 4039 | 4d29 0034 | 6e09 40b9 
  0x0000000118bae4d0: ec03 40f9 

  0x0000000118bae4d4: ; implicit exception: dispatches to 0x0000000118baf0e8
  0x0000000118bae4d4: 8f09 40b9 

  0x0000000118bae4d8: ;   {metadata('java/util/Collections$1')}
  0x0000000118bae4d8: b003 a0d2 | 103d 8df2 | df01 106b 

  0x0000000118bae4e4: ;   {metadata('java/lang/Class')}
  0x0000000118bae4e4: 1100 a0d2 | 11eb 82f2 

  0x0000000118bae4ec: ;   {metadata('sun/reflect/generics/reflectiveObjects/ParameterizedTypeImpl')}
  0x0000000118bae4ec: a120 a0d2 | 0175 9ff2 | a10b 0054 | f003 0baa | ff01 116b | 212a 0054 | f103 0caa | ed03 0032 
  0x0000000118bae50c: 0a12 40b9 | 1d32 4039 | 41f1 7dd3 | bd5a 0034 | 1f32 0039 

  0x0000000118bae520: ; implicit exception: dispatches to 0x0000000118baf218
  0x0000000118bae520: 2e08 40b9 | c401 5dd2 | 8a10 40f9 

  0x0000000118bae52c: ;   {metadata('java/lang/reflect/Type')}
  0x0000000118bae52c: 0e2b 85d2 | 0e00 a0f2 | 0e01 c0f2 | 5f01 0eeb | 6101 0054 | 3f02 01eb | ee17 9f1a | 8e03 0034 
  0x0000000118bae54c: e003 0d2a | fd7b 45a9 | ff83 0191 

  0x0000000118bae558: ;   {poll_return}
  0x0000000118bae558: 88a3 41f9 | ff63 28eb | a86c 0054 | c003 5fd6 

  0x0000000118bae568: ;   {metadata('java/lang/reflect/Type')}
  0x0000000118bae568: 002b 85d2 | 0000 a0f2 | 0001 c0f2 | 8514 40f9 | a200 40b9 | a520 0091 | ff63 3feb | c200 00b4 
  0x0000000118bae588: a884 40f8 | 1f00 08eb | 6000 0054 | 4204 00d1 | 82ff ffb5 | 6100 0054 | 8010 00f9 | e503 1faa 
  0x0000000118bae5a8: c5fc ffb4 | fd03 01aa | 2104 8012 

  0x0000000118bae5b4: ; ImmutableOopMap {rfp=Oop }
                      ;*checkcast {reexecute=0 rethrow=0 return_oop=0}
                      ; - org.gradle.internal.service.DefaultServiceRegistry::isSatisfiedByAny@22 (line 1398)
                      ;   {runtime_call UncommonTrapBlob}
  0x0000000118bae5b4: b304 d597 | 2a08 40b9 | 4401 5dd2 | 8e10 40f9 

  0x0000000118bae5c4: ;   {metadata('java/lang/reflect/ParameterizedType')}
  0x0000000118bae5c4: 0fc5 99d2 | af20 a0f2 | 0f01 c0f2 | 230a 40f9 | df01 0feb | 6116 0054 | ea03 01aa | f003 00f9 
  0x0000000118bae5e4: fd03 0d2a | ecaf 00a9 | f18f 01a9 | ea17 00f9 | e103 0aaa | e9ff 9fd2 | e9ff bff2 | e9ff dff2 
  0x0000000118bae604: ; ImmutableOopMap {[0]=Oop [8]=Oop [16]=Oop [24]=Oop [40]=Oop }
                      ;*invokeinterface getRawType {reexecute=0 rethrow=0 return_oop=1}
                      ; - org.gradle.internal.service.DefaultServiceRegistry::isSatisfiedBy@13 (line 1422)
                      ; - org.gradle.internal.service.DefaultServiceRegistry::isSatisfiedBy@22 (line 1411)
                      ; - org.gradle.internal.service.DefaultServiceRegistry::isSatisfiedByAny@28 (line 1399)
                      ;   {virtual_call}
  0x0000000118bae604: ffea d497 

  0x0000000118bae608: ; implicit exception: dispatches to 0x0000000118baf240
  0x0000000118bae608: 0b08 40b9 

  0x0000000118bae60c: ;   {metadata('java/lang/Class')}
  0x0000000118bae60c: 0a00 a0d2 | 0aeb 82f2 | 7f01 0a6b | 211d 0054 | e117 40f9 | e9ff 9fd2 | e9ff bff2 | e9ff dff2 
  0x0000000118bae62c: ; ImmutableOopMap {[0]=Oop [8]=Oop [16]=Oop [24]=Oop }
                      ;*invokeinterface getRawType {reexecute=0 rethrow=0 return_oop=1}
                      ; - org.gradle.internal.service.DefaultServiceRegistry::isSatisfiedBy@26 (line 1423)
                      ; - org.gradle.internal.service.DefaultServiceRegistry::isSatisfiedBy@22 (line 1411)
                      ; - org.gradle.internal.service.DefaultServiceRegistry::isSatisfiedByAny@28 (line 1399)
                      ;   {virtual_call}
  0x0000000118bae62c: f5ea d497 

  0x0000000118bae630: ; implicit exception: dispatches to 0x0000000118baf1f4
  0x0000000118bae630: 0a08 40b9 

  0x0000000118bae634: ;   {metadata('java/lang/Class')}
  0x0000000118bae634: 0c00 a0d2 | 0ceb 82f2 | 5f01 0c6b | 0154 0054 | ec13 40f9 

  0x0000000118bae648: ; implicit exception: dispatches to 0x0000000118baf25c
  0x0000000118bae648: 8b15 40b9 | 0408 40f9 | 0453 00b4 | 8ac8 6bf8 | 9f01 0aeb | 2118 0054 | ed03 1d2a | baff ff17 
  0x0000000118bae668: ;   {metadata('java/util/Arrays$ArrayItr')}
  0x0000000118bae668: 9003 a0d2 | 102b 8ff2 | df01 106b | a153 0054 | f003 0baa | ff01 116b | 8136 0054 | e103 0caa 
  0x0000000118bae688: ed03 0032 | 11aa 4129 | 4ff1 7dd3 

  0x0000000118bae694: ; implicit exception: dispatches to 0x0000000118baf208
  0x0000000118bae694: fd0d 40b9 | eac9 318b | 3f02 1d6b | ea53 0054 | 2e06 0011 | 0e0e 00b9 | 3f02 1d6b | e250 0054 
  0x0000000118bae6b4: 4a11 40b9 | 51f1 7dd3 

  0x0000000118bae6bc: ; implicit exception: dispatches to 0x0000000118baf210
  0x0000000118bae6bc: 2e0a 40b9 | c401 5dd2 | 8a10 40f9 

  0x0000000118bae6c8: ;   {metadata('java/lang/reflect/Type')}
  0x0000000118bae6c8: 0e2b 85d2 | 0e00 a0f2 | 0e01 c0f2 | 5f01 0eeb | 0119 0054 | 3f00 11eb | ee17 9f1a | 4ef3 ff35 
  0x0000000118bae6e8: 2a0a 40b9 | 4401 5dd2 | 8e10 40f9 

  0x0000000118bae6f4: ;   {metadata('java/lang/reflect/ParameterizedType')}
  0x0000000118bae6f4: 0fc5 99d2 | af20 a0f2 | 0f01 c0f2 | 2308 40f9 | df01 0feb | 612c 0054 | ea03 11aa | e10f 00f9 
  0x0000000118bae714: f003 00f9 | fd03 0d2a | ecaf 00a9 | e32b 02a9 | e103 0aaa | e9ff 9fd2 | e9ff bff2 | e9ff dff2 
  0x0000000118bae734: ; ImmutableOopMap {[0]=Oop [8]=Oop [16]=Oop [24]=Oop [40]=Oop }
                      ;*invokeinterface getRawType {reexecute=0 rethrow=0 return_oop=1}
                      ; - org.gradle.internal.service.DefaultServiceRegistry::isSatisfiedBy@13 (line 1422)
                      ; - org.gradle.internal.service.DefaultServiceRegistry::isSatisfiedBy@22 (line 1411)
                      ; - org.gradle.internal.service.DefaultServiceRegistry::isSatisfiedByAny@28 (line 1399)
                      ;   {virtual_call}
  0x0000000118bae734: b3ea d497 

  0x0000000118bae738: ; implicit exception: dispatches to 0x0000000118baf234
  0x0000000118bae738: 0b08 40b9 

  0x0000000118bae73c: ;   {metadata('java/lang/Class')}
  0x0000000118bae73c: 0a00 a0d2 | 0aeb 82f2 | 7f01 0a6b | 2105 0054 | e117 40f9 | e9ff 9fd2 | e9ff bff2 | e9ff dff2 
  0x0000000118bae75c: ; ImmutableOopMap {[0]=Oop [8]=Oop [16]=Oop [24]=Oop }
                      ;*invokeinterface getRawType {reexecute=0 rethrow=0 return_oop=1}
                      ; - org.gradle.internal.service.DefaultServiceRegistry::isSatisfiedBy@26 (line 1423)
                      ; - org.gradle.internal.service.DefaultServiceRegistry::isSatisfiedBy@22 (line 1411)
                      ; - org.gradle.internal.service.DefaultServiceRegistry::isSatisfiedByAny@28 (line 1399)
                      ;   {virtual_call}
  0x0000000118bae75c: a9ea d497 

  0x0000000118bae760: ; implicit exception: dispatches to 0x0000000118baf1f4
  0x0000000118bae760: 0a08 40b9 

  0x0000000118bae764: ;   {metadata('java/lang/Class')}
  0x0000000118bae764: 0c00 a0d2 | 0ceb 82f2 | 5f01 0c6b | 0151 0054 | ec13 40f9 

  0x0000000118bae778: ; implicit exception: dispatches to 0x0000000118baf254
  0x0000000118bae778: 8b15 40b9 | 0408 40f9 | 4450 00b4 | 8ac8 6bf8 | 9f01 0aeb | a0f6 ff54 | 7f81 0071 | 4102 0054 
  0x0000000118bae798: 9f00 0ceb | 20f6 ff54 | e003 0caa | 8514 40f9 | a200 40b9 | a520 0091 | ff63 3feb | c200 00b4 
  0x0000000118bae7b8: a884 40f8 | 1f00 08eb | 6000 0054 | 4204 00d1 | 82ff ffb5 | 6100 0054 | 8010 00f9 | e503 1faa 
  0x0000000118bae7d8: 45f4 ffb4 | ed03 1d2a | f033 40a9 | eb07 41a9 | 0400 0014 | ed03 1d2a | f033 40a9 | eb07 41a9 
  0x0000000118bae7f8: ; ImmutableOopMap {r11=Oop r12=Oop r16=Oop c_rarg1=Oop }
                      ;*goto {reexecute=1 rethrow=0 return_oop=0}
                      ; - (reexecute) org.gradle.internal.service.DefaultServiceRegistry::isSatisfiedByAny@36 (line 1402)
  0x0000000118bae7f8: 8ea7 41f9 

  0x0000000118bae7fc: ;   {poll}
  0x0000000118bae7fc: df01 40b9 | 6e09 40b9 

  0x0000000118bae804: ;   {metadata('java/util/Collections$1')}
  0x0000000118bae804: aa03 a0d2 | 0a3d 8df2 | df01 0a6b | a13e 0054 | ea03 0baa | 4a31 4039 | 8af3 ff35 | 7400 0014 
  0x0000000118bae824: ;   {metadata('java/util/Arrays$ArrayItr')}
  0x0000000118bae824: 8d03 a0d2 | 0d2b 8ff2 | 9f01 0d6b | 6146 0054 | ea03 0baa | 4d11 40b9 | acf1 7dd3 

  0x0000000118bae840: ; implicit exception: dispatches to 0x0000000118baf22c
  0x0000000118bae840: 8c0d 40b9 | 4d0d 40b9 | bf01 0c6b | eda7 9f1a | 1eff ff17 

  0x0000000118bae854: ;   {metadata('java/util/Arrays$ArrayList')}
  0x0000000118bae854: 8a03 a0d2 | 0a9d 8ff2 | 7f01 0a6b | 6145 0054 | 8087 40f9 | 8a8f 40f9 | 0b60 0091 | 7f01 0aeb 
  0x0000000118bae874: e23e 0054 | 8b87 00f9 | 0c00 00f9 

  0x0000000118bae880: ;   {metadata('java/util/Arrays$ArrayItr')}
  0x0000000118bae880: 8c03 a0d2 | 0c2b 8ff2 | 0c7c 0129 | 70c1 80f9 | 1f14 00b9 | 4a10 40b9 | 0a10 00b9 | eb03 00aa 
  0x0000000118bae8a0: 03ff ff17 

  0x0000000118bae8a4: ;   {metadata('java/lang/reflect/ParameterizedType')}
  0x0000000118bae8a4: 00c5 99d2 | a020 a0f2 | 0001 c0f2 | 8514 40f9 | a200 40b9 | a520 0091 | ff63 3feb | c200 00b4 
  0x0000000118bae8c4: a884 40f8 | 1f00 08eb | 6000 0054 | 4204 00d1 | 82ff ffb5 | 6100 0054 | 8010 00f9 | e503 1faa 
  0x0000000118bae8e4: c5e7 ffb4 

  0x0000000118bae8e8: ;   {metadata('java/lang/Class')}
  0x0000000118bae8e8: 0e00 a0d2 | 0eeb 82f2 | 5f01 0e6b | a106 0054 

  0x0000000118bae8f8: ; implicit exception: dispatches to 0x0000000118baf280
  0x0000000118bae8f8: 6a14 40b9 | 2408 40f9 | a441 00b4 | 8ec8 6af8 | 7f00 0eeb | 00e2 ff54 | 5f81 0071 | a105 0054 
  0x0000000118bae918: 9f00 03eb | 80e1 ff54 | e003 03aa | 8514 40f9 | a200 40b9 | a520 0091 | ff63 3feb | c200 00b4 
  0x0000000118bae938: a884 40f8 | 1f00 08eb | 6000 0054 | 4204 00d1 | 82ff ffb5 | 6100 0054 | 8010 00f9 | e503 1faa 
  0x0000000118bae958: 8503 00b5 | fcfe ff17 | 7f81 0071 | 4102 0054 | 9f00 0ceb | a0e7 ff54 | e003 0caa | 8514 40f9 
  0x0000000118bae978: a200 40b9 | a520 0091 | ff63 3feb | c200 00b4 | a884 40f8 | 1f00 08eb | 6000 0054 | 4204 00d1 
  0x0000000118bae998: 82ff ffb5 | 6100 0054 | 8010 00f9 | e503 1faa | c5e5 ffb4 | ed03 1d2a | f033 40a9 | eb47 41a9 
  0x0000000118bae9b8: 0400 0014 | ed03 1d2a | f033 40a9 | eb47 41a9 

  0x0000000118bae9c8: ; ImmutableOopMap {r11=Oop r12=Oop r16=Oop r17=Oop }
                      ;*goto {reexecute=1 rethrow=0 return_oop=0}
                      ; - (reexecute) org.gradle.internal.service.DefaultServiceRegistry::isSatisfiedByAny@36 (line 1402)
  0x0000000118bae9c8: 8ea7 41f9 

  0x0000000118bae9cc: ;   {poll}
  0x0000000118bae9cc: df01 40b9 | 6a09 40b9 

  0x0000000118bae9d4: ;   {metadata('java/util/Collections$1')}
  0x0000000118bae9d4: af03 a0d2 | 0f3d 8df2 | 5f01 0f6b | 2114 0054 | ea03 0baa | 4e31 4039 | 0ed9 ff35 | ed03 1f2a 
  0x0000000118bae9f4: d6fe ff17 

  0x0000000118bae9f8: ;   {metadata('java/lang/reflect/Type')}
  0x0000000118bae9f8: 002b 85d2 | 0000 a0f2 | 0001 c0f2 | 8514 40f9 | a200 40b9 | a520 0091 | ff63 3feb | c200 00b4 
  0x0000000118baea18: a884 40f8 | 1f00 08eb | 6000 0054 | 4204 00d1 | 82ff ffb5 | 6100 0054 | 8010 00f9 | e503 1faa 
  0x0000000118baea38: 25e5 ffb4 | fd03 11aa | dcfe ff17 | ff01 016b | 0135 0054 | ef03 0caa | ed03 0032 | 0e12 40b9 
  0x0000000118baea58: 1d32 4039 | c1f1 7dd3 | fd38 0034 | 1f32 0039 

  0x0000000118baea68: ; implicit exception: dispatches to 0x0000000118baf218
  0x0000000118baea68: 2a08 40b9 | 4401 5dd2 | 8a10 40f9 

  0x0000000118baea74: ;   {metadata('java/lang/reflect/Type')}
  0x0000000118baea74: 0e2b 85d2 | 0e00 a0f2 | 0e01 c0f2 | 5f01 0eeb | c10c 0054 | f103 01aa | 2e0a 40b9 | c401 5dd2 
  0x0000000118baea94: 8a10 40f9 

  0x0000000118baea98: ;   {metadata('java/lang/reflect/ParameterizedType')}
  0x0000000118baea98: 0ec5 99d2 | ae20 a0f2 | 0e01 c0f2 | 5f01 0eeb | 2105 0054 | ea03 11aa | ff01 0aeb | c0d4 ff54 
  0x0000000118baeab8: ed03 00b9 | ebc3 00a9 | efc7 01a9 | ea17 00f9 | fd03 0caa | e103 0aaa | 0975 9fd2 | a920 a0f2 
  0x0000000118baead8: 0901 c0f2 

  0x0000000118baeadc: ; ImmutableOopMap {rfp=Oop [8]=Oop [16]=Oop [24]=Oop [32]=Oop [40]=Oop }
                      ;*invokeinterface getOwnerType {reexecute=0 rethrow=0 return_oop=1}
                      ; - sun.reflect.generics.reflectiveObjects.ParameterizedTypeImpl::equals@20 (line 175)
                      ; - org.gradle.internal.service.DefaultServiceRegistry::isSatisfiedBy@2 (line 1407)
                      ; - org.gradle.internal.service.DefaultServiceRegistry::isSatisfiedByAny@28 (line 1399)
                      ;   {virtual_call}
  0x0000000118baeadc: 09e6 ef97 | e01b 00f9 | e117 40f9 | 0975 9fd2 | a920 a0f2 | 0901 c0f2 

  0x0000000118baeaf4: ; ImmutableOopMap {rfp=Oop [8]=Oop [16]=Oop [24]=Oop [32]=Oop [40]=Oop [48]=Oop }
                      ;*invokeinterface getRawType {reexecute=0 rethrow=0 return_oop=1}
                      ; - sun.reflect.generics.reflectiveObjects.ParameterizedTypeImpl::equals@27 (line 176)
                      ; - org.gradle.internal.service.DefaultServiceRegistry::isSatisfiedBy@2 (line 1407)
                      ; - org.gradle.internal.service.DefaultServiceRegistry::isSatisfiedByAny@28 (line 1399)
                      ;   {virtual_call}
  0x0000000118baeaf4: 03f5 0094 | ef0f 40f9 | eb15 40b9 | 61f1 7dd3 | ea1b 40f9 | e01f 00f9 | 3f00 0aeb | 8005 0054 
  0x0000000118baeb14: 4101 00b4 | e203 0aaa | e9ff 9fd2 | e9ff bff2 | e9ff dff2 

  0x0000000118baeb28: ; ImmutableOopMap {rfp=Oop [8]=Oop [16]=Oop [24]=Oop [32]=Oop [40]=Oop [56]=Oop }
                      ;*invokevirtual equals {reexecute=0 rethrow=0 return_oop=0}
                      ; - java.util.Objects::equals@11 (line 64)
                      ; - sun.reflect.generics.reflectiveObjects.ParameterizedTypeImpl::equals@39 (line 198)
                      ; - org.gradle.internal.service.DefaultServiceRegistry::isSatisfiedBy@2 (line 1407)
                      ; - org.gradle.internal.service.DefaultServiceRegistry::isSatisfiedByAny@28 (line 1399)
                      ;   {virtual_call}
  0x0000000118baeb28: b6e9 d497 | 8004 0035 | ef0f 40f9 | 0200 0014 | ef0f 40f9 | ec03 1daa | eb07 40f9 | f113 40f9 
  0x0000000118baeb48: 1400 0014 

  0x0000000118baeb4c: ;   {metadata('java/lang/reflect/ParameterizedType')}
  0x0000000118baeb4c: 00c5 99d2 | a020 a0f2 | 0001 c0f2 | 8514 40f9 | a200 40b9 | a520 0091 | ff63 3feb | c200 00b4 
  0x0000000118baeb6c: a884 40f8 | 1f00 08eb | 6000 0054 | 4204 00d1 | 82ff ffb5 | 6100 0054 | 8010 00f9 | e503 1faa 
  0x0000000118baeb8c: 05f9 ffb4 | ed03 00b9 | f00b 00f9 | eb07 00f9 | ef0f 00f9 | fd03 0caa | e103 0faa | e203 11aa 
  0x0000000118baebac: ; ImmutableOopMap {rfp=Oop [8]=Oop [16]=Oop [24]=Oop }
                      ;*invokestatic isSatisfiedBy {reexecute=0 rethrow=0 return_oop=0}
                      ; - org.gradle.internal.service.DefaultServiceRegistry::isSatisfiedBy@38 (line 1414)
                      ; - org.gradle.internal.service.DefaultServiceRegistry::isSatisfiedByAny@28 (line 1399)
                      ;   {static_call}
  0x0000000118baebac: f901 0094 | 2023 0034 | ed03 40b9 | 65fe ff17 | ef0f 40f9 | ea11 40b9 | 4af1 7dd3 | eb1f 40f9 
  0x0000000118baebcc: 5f01 0beb | 8000 0054 | 4afb ffb4 | 5f01 0beb | 01fb ff54 | eb0d 40b9 | 6af1 7dd3 | ef0f 00f9 
  0x0000000118baebec: ea1b 00f9 | e117 40f9 | 0975 9fd2 | a920 a0f2 | 0901 c0f2 

  0x0000000118baec00: ; ImmutableOopMap {rfp=Oop [8]=Oop [16]=Oop [24]=Oop [32]=Oop [48]=Oop }
                      ;*invokeinterface getActualTypeArguments {reexecute=0 rethrow=0 return_oop=1}
                      ; - sun.reflect.generics.reflectiveObjects.ParameterizedTypeImpl::equals@62 (line 201)
                      ; - org.gradle.internal.service.DefaultServiceRegistry::isSatisfiedBy@2 (line 1407)
                      ; - org.gradle.internal.service.DefaultServiceRegistry::isSatisfiedByAny@28 (line 1399)
                      ;   {virtual_call}
  0x0000000118baec00: 902b 0a94 | e11b 40f9 | e203 00aa 

  0x0000000118baec0c: ; ImmutableOopMap {rfp=Oop [8]=Oop [16]=Oop [24]=Oop [32]=Oop }
                      ;*invokestatic equals {reexecute=0 rethrow=0 return_oop=0}
                      ; - sun.reflect.generics.reflectiveObjects.ParameterizedTypeImpl::equals@67 (line 200)
                      ; - org.gradle.internal.service.DefaultServiceRegistry::isSatisfiedBy@2 (line 1407)
                      ; - org.gradle.internal.service.DefaultServiceRegistry::isSatisfiedByAny@28 (line 1399)
                      ;   {static_call}
  0x0000000118baec0c: 8da2 f197 | 40f9 ff34 | ed03 40b9 | 4dfe ff17 

  0x0000000118baec1c: ;   {metadata('java/lang/reflect/Type')}
  0x0000000118baec1c: 002b 85d2 | 0000 a0f2 | 0001 c0f2 | 8514 40f9 | a200 40b9 | a520 0091 | ff63 3feb | c200 00b4 
  0x0000000118baec3c: a884 40f8 | 1f00 08eb | 6000 0054 | 4204 00d1 | 82ff ffb5 | 6100 0054 | 8010 00f9 | e503 1faa 
  0x0000000118baec5c: 65f1 ffb4 | 53fe ff17 

  0x0000000118baec64: ;   {metadata('java/util/Arrays$ArrayItr')}
  0x0000000118baec64: 8e03 a0d2 | 0e2b 8ff2 | 5f01 0e6b | 6129 0054 | ea03 0baa | 4e11 40b9 | cef1 7dd3 

  0x0000000118baec80: ; implicit exception: dispatches to 0x0000000118baf26c
  0x0000000118baec80: cf0d 40b9 | 4a0d 40b9 | 5f01 0f6b | eea7 9f1a | 57ff ff17 

  0x0000000118baec94: ;   {metadata('java/lang/reflect/ParameterizedType')}
  0x0000000118baec94: 00c5 99d2 | a020 a0f2 | 0001 c0f2 | 8514 40f9 | a200 40b9 | a520 0091 | ff63 3feb | c200 00b4 
  0x0000000118baecb4: a884 40f8 | 1f00 08eb | 6000 0054 | 4204 00d1 | 82ff ffb5 | 6100 0054 | 8010 00f9 | e503 1faa 
  0x0000000118baecd4: c5d1 ffb4 

  0x0000000118baecd8: ;   {metadata('java/lang/Class')}
  0x0000000118baecd8: 0f00 a0d2 | 0feb 82f2 | 5f01 0f6b | a1d8 ff54 

  0x0000000118baece8: ; implicit exception: dispatches to 0x0000000118baf274
  0x0000000118baece8: 6e14 40b9 | 240a 40f9 | 0426 00b4 | 8ac8 6ef8 | 7f00 0aeb | 80c2 ff54 | df81 0071 | a1d7 ff54 
  0x0000000118baed08: 9f00 03eb | 00c2 ff54 | e003 03aa | 8514 40f9 | a200 40b9 | a520 0091 | ff63 3feb | c200 00b4 
  0x0000000118baed28: a884 40f8 | 1f00 08eb | 6000 0054 | 4204 00d1 | 82ff ffb5 | 6100 0054 | 8010 00f9 | e503 1faa 
  0x0000000118baed48: 85d5 ffb5 | 00fe ff17 | ff01 016b | a11c 0054 | ef03 0caa | ed03 0032 | 11aa 4129 | 40f1 7dd3 
  0x0000000118baed68: ; implicit exception: dispatches to 0x0000000118baf208
  0x0000000118baed68: 1d0c 40b9 | 0ac8 318b | 3f02 1d6b | ea22 0054 | 2e06 0011 | 0e0e 00b9 | 3f02 1d6b | c221 0054 
  0x0000000118baed88: 4a11 40b9 | 51f1 7dd3 

  0x0000000118baed90: ; implicit exception: dispatches to 0x0000000118baf210
  0x0000000118baed90: 2e0a 40b9 | c401 5dd2 | 8a10 40f9 

  0x0000000118baed9c: ;   {metadata('java/lang/reflect/Type')}
  0x0000000118baed9c: 0e2b 85d2 | 0e00 a0f2 | 0e01 c0f2 | 5f01 0eeb | 810f 0054 | ee03 11aa | ca09 40b9 | 4401 5dd2 
  0x0000000118baedbc: 8a10 40f9 

  0x0000000118baedc0: ;   {metadata('java/lang/reflect/ParameterizedType')}
  0x0000000118baedc0: 11c5 99d2 | b120 a0f2 | 1101 c0f2 | 5f01 11eb | 2105 0054 | ea03 0eaa | ff01 0aeb | 80bb ff54 
  0x0000000118baede0: ed03 00b9 | ebc3 00a9 | efbb 01a9 | ea17 00f9 | fd03 0caa | e103 0aaa | e9ff 9fd2 | e9ff bff2 
  0x0000000118baee00: e9ff dff2 

  0x0000000118baee04: ; ImmutableOopMap {rfp=Oop [8]=Oop [16]=Oop [24]=Oop [32]=Oop [40]=Oop }
                      ;*invokeinterface getOwnerType {reexecute=0 rethrow=0 return_oop=1}
                      ; - sun.reflect.generics.reflectiveObjects.ParameterizedTypeImpl::equals@20 (line 175)
                      ; - org.gradle.internal.service.DefaultServiceRegistry::isSatisfiedBy@2 (line 1407)
                      ; - org.gradle.internal.service.DefaultServiceRegistry::isSatisfiedByAny@28 (line 1399)
                      ;   {virtual_call}
  0x0000000118baee04: ffe8 d497 | e01b 00f9 | e117 40f9 | e9ff 9fd2 | e9ff bff2 | e9ff dff2 

  0x0000000118baee1c: ; ImmutableOopMap {rfp=Oop [8]=Oop [16]=Oop [24]=Oop [32]=Oop [40]=Oop [48]=Oop }
                      ;*invokeinterface getRawType {reexecute=0 rethrow=0 return_oop=1}
                      ; - sun.reflect.generics.reflectiveObjects.ParameterizedTypeImpl::equals@27 (line 176)
                      ; - org.gradle.internal.service.DefaultServiceRegistry::isSatisfiedBy@2 (line 1407)
                      ; - org.gradle.internal.service.DefaultServiceRegistry::isSatisfiedByAny@28 (line 1399)
                      ;   {virtual_call}
  0x0000000118baee1c: f9e8 d497 | ef0f 40f9 | ea15 40b9 | 41f1 7dd3 | ea1b 40f9 | e01f 00f9 | 3f00 0aeb | 2007 0054 
  0x0000000118baee3c: 4101 00b4 | e203 0aaa | e9ff 9fd2 | e9ff bff2 | e9ff dff2 

  0x0000000118baee50: ; ImmutableOopMap {rfp=Oop [8]=Oop [16]=Oop [24]=Oop [32]=Oop [40]=Oop [56]=Oop }
                      ;*invokevirtual equals {reexecute=0 rethrow=0 return_oop=0}
                      ; - java.util.Objects::equals@11 (line 64)
                      ; - sun.reflect.generics.reflectiveObjects.ParameterizedTypeImpl::equals@39 (line 198)
                      ; - org.gradle.internal.service.DefaultServiceRegistry::isSatisfiedBy@2 (line 1407)
                      ; - org.gradle.internal.service.DefaultServiceRegistry::isSatisfiedByAny@28 (line 1399)
                      ;   {virtual_call}
  0x0000000118baee50: ece8 d497 | 2006 0035 | ef0f 40f9 | 0200 0014 | ef0f 40f9 | ec03 1daa | eb07 40f9 | ee13 40f9 
  0x0000000118baee70: 1400 0014 

  0x0000000118baee74: ;   {metadata('java/lang/reflect/ParameterizedType')}
  0x0000000118baee74: 00c5 99d2 | a020 a0f2 | 0001 c0f2 | 8514 40f9 | a200 40b9 | a520 0091 | ff63 3feb | c200 00b4 
  0x0000000118baee94: a884 40f8 | 1f00 08eb | 6000 0054 | 4204 00d1 | 82ff ffb5 | 6100 0054 | 8010 00f9 | e503 1faa 
  0x0000000118baeeb4: 05f9 ffb4 | ed03 00b9 | f00b 00f9 | eb07 00f9 | ef0f 00f9 | fd03 0caa | e103 0faa | e203 0eaa 
  0x0000000118baeed4: ; ImmutableOopMap {rfp=Oop [8]=Oop [16]=Oop [24]=Oop }
                      ;*invokestatic isSatisfiedBy {reexecute=0 rethrow=0 return_oop=0}
                      ; - org.gradle.internal.service.DefaultServiceRegistry::isSatisfiedBy@38 (line 1414)
                      ; - org.gradle.internal.service.DefaultServiceRegistry::isSatisfiedByAny@28 (line 1399)
                      ;   {static_call}
  0x0000000118baeed4: 8be9 d497 | e0e6 ff35 

  0x0000000118baeedc: ; ImmutableOopMap {rfp=Oop [8]=Oop [16]=Oop [24]=Oop }
                      ;*goto {reexecute=1 rethrow=0 return_oop=0}
                      ; - (reexecute) org.gradle.internal.service.DefaultServiceRegistry::isSatisfiedByAny@36 (line 1402)
  0x0000000118baeedc: 8aa7 41f9 

  0x0000000118baeee0: ;   {poll}
  0x0000000118baeee0: 5f01 40b9 | eb07 40f9 | 6a09 40b9 

  0x0000000118baeeec: ;   {metadata('java/util/Collections$1')}
  0x0000000118baeeec: ad03 a0d2 | 0d3d 8df2 | 5f01 0d6b | a112 0054 | ea03 0baa | 4c31 4039 | 6cd7 ff34 | ec03 1daa 
  0x0000000118baef0c: ed03 40b9 | f03f 41a9 | 93ff ff17 | ef0f 40f9 | eb11 40b9 | 6af1 7dd3 | eb1f 40f9 | 5f01 0beb 
  0x0000000118baef2c: 8000 0054 | aaf9 ffb4 | 5f01 0beb | 61f9 ff54 | ea0d 40b9 | 4af1 7dd3 | ef0f 00f9 | ea1b 00f9 
  0x0000000118baef4c: e117 40f9 | e9ff 9fd2 | e9ff bff2 | e9ff dff2 

  0x0000000118baef5c: ; ImmutableOopMap {rfp=Oop [8]=Oop [16]=Oop [24]=Oop [32]=Oop [48]=Oop }
                      ;*invokeinterface getActualTypeArguments {reexecute=0 rethrow=0 return_oop=1}
                      ; - sun.reflect.generics.reflectiveObjects.ParameterizedTypeImpl::equals@62 (line 201)
                      ; - org.gradle.internal.service.DefaultServiceRegistry::isSatisfiedBy@2 (line 1407)
                      ; - org.gradle.internal.service.DefaultServiceRegistry::isSatisfiedByAny@28 (line 1399)
                      ;   {virtual_call}
  0x0000000118baef5c: a9e8 d497 | e11b 40f9 | e203 00aa 

  0x0000000118baef68: ; ImmutableOopMap {rfp=Oop [8]=Oop [16]=Oop [24]=Oop [32]=Oop }
                      ;*invokestatic equals {reexecute=0 rethrow=0 return_oop=0}
                      ; - sun.reflect.generics.reflectiveObjects.ParameterizedTypeImpl::equals@67 (line 200)
                      ; - org.gradle.internal.service.DefaultServiceRegistry::isSatisfiedBy@2 (line 1407)
                      ; - org.gradle.internal.service.DefaultServiceRegistry::isSatisfiedByAny@28 (line 1399)
                      ;   {static_call}
  0x0000000118baef68: 66e9 d497 | a0f7 ff34 | ed03 40b9 | 76fd ff17 | ddf1 7dd3 | ee0b 00b9 

  0x0000000118baef80: ;   {metadata('java/util/Collections$1')}
  0x0000000118baef80: 013d 8dd2 | a103 a0f2 | 0101 c0f2 

  0x0000000118baef8c: ; ImmutableOopMap {rfp=Oop [0]=Oop [8]=NarrowOop }
                      ;*new {reexecute=0 rethrow=0 return_oop=1}
                      ; - java.util.Collections::singletonIterator@0 (line 4808)
                      ; - java.util.Collections$SingletonList::iterator@4 (line 4951)
                      ; - org.gradle.internal.service.DefaultServiceRegistry::isSatisfiedByAny@1 (line 1398)
                      ;   {runtime_call _new_instance_Java}
  0x0000000118baef8c: 8dd1 d797 | eb03 00aa | ee0b 40b9 | 43fd ff17 

  0x0000000118baef9c: ;   {metadata('java/lang/reflect/Type')}
  0x0000000118baef9c: 002b 85d2 | 0000 a0f2 | 0001 c0f2 | 8514 40f9 | a200 40b9 | a520 0091 | ff63 3feb | c200 00b4 
  0x0000000118baefbc: a884 40f8 | 1f00 08eb | 6000 0054 | 4204 00d1 | 82ff ffb5 | 6100 0054 | 8010 00f9 | e503 1faa 
  0x0000000118baefdc: a5ee ffb4 | 97fe ff17 

  0x0000000118baefe4: ;   {metadata('java/util/Arrays$ArrayItr')}
  0x0000000118baefe4: 8f03 a0d2 | 0f2b 8ff2 | df01 0f6b | a10f 0054 | ea03 0baa | 4f11 40b9 | eef1 7dd3 

  0x0000000118baf000: ; implicit exception: dispatches to 0x0000000118baf26c
  0x0000000118baf000: ce0d 40b9 | 4f0d 40b9 | ff01 0e6b | eaa7 9f1a | 03fe ff17 

  0x0000000118baf014: ; ImmutableOopMap {rfp=Oop [8]=Oop [16]=Oop [24]=Oop }
                      ;*goto {reexecute=1 rethrow=0 return_oop=0}
                      ; - (reexecute) org.gradle.internal.service.DefaultServiceRegistry::isSatisfiedByAny@36 (line 1402)
  0x0000000118baf014: 8aa7 41f9 

  0x0000000118baf018: ;   {poll}
  0x0000000118baf018: 5f01 40b9 | eb07 40f9 | 6c09 40b9 

  0x0000000118baf024: ;   {metadata('java/util/Collections$1')}
  0x0000000118baf024: aa03 a0d2 | 0a3d 8df2 | 9f01 0a6b | 8102 0054 | ea03 0baa | 4a31 4039 | aacd ff34 | ec03 1daa 
  0x0000000118baf044: ed03 40b9 | f03f 41a9 | 82fe ff17 | fd03 02aa 

  0x0000000118baf054: ;   {metadata('java/util/Arrays$ArrayItr')}
  0x0000000118baf054: 012b 8fd2 | 8103 a0f2 | 0101 c0f2 

  0x0000000118baf060: ; ImmutableOopMap {rfp=Oop [0]=Oop }
                      ;*new {reexecute=0 rethrow=0 return_oop=1}
                      ; - java.util.Arrays$ArrayList::iterator@0 (line 4224)
                      ; - org.gradle.internal.service.DefaultServiceRegistry::isSatisfiedByAny@1 (line 1398)
                      ;   {runtime_call _new_instance_Java}
  0x0000000118baf060: 58d1 d797 | e203 1daa | 0bfe ff17 | ea03 0caa | f007 00f9 | 4117 8012 | ea03 00f9 

  0x0000000118baf07c: ; ImmutableOopMap {[0]=Oop [8]=Oop }
                      ;*ifeq {reexecute=1 rethrow=0 return_oop=0}
                      ; - (reexecute) java.util.Collections$1::next@4 (line 4814)
                      ; - org.gradle.internal.service.DefaultServiceRegistry::isSatisfiedByAny@17 (line 1398)
                      ;   {runtime_call UncommonTrapBlob}
  0x0000000118baf07c: 0102 d597 

  0x0000000118baf080: ;   {metadata('java/util/Arrays$ArrayItr')}
  0x0000000118baf080: 8d03 a0d2 | 0d2b 8ff2 | 9f01 0d6b | 6108 0054 | ea03 0baa | 4d11 40b9 | acf1 7dd3 

  0x0000000118baf09c: ; implicit exception: dispatches to 0x0000000118baf26c
  0x0000000118baf09c: 8c0d 40b9 | 4d0d 40b9 | bf01 0c6b | eaa7 9f1a | e4ff ff17 | e003 00f9 | fd07 40f9 | 6101 8012 
  0x0000000118baf0bc: ; ImmutableOopMap {rfp=Oop [0]=Oop [8]=Oop [16]=Oop }
                      ;*invokevirtual isAssignableFrom {reexecute=0 rethrow=0 return_oop=0}
                      ; - org.gradle.internal.service.DefaultServiceRegistry::isSatisfiedBy@34 (line 1423)
                      ; - org.gradle.internal.service.DefaultServiceRegistry::isSatisfiedBy@22 (line 1411)
                      ; - org.gradle.internal.service.DefaultServiceRegistry::isSatisfiedByAny@28 (line 1399)
                      ;   {runtime_call UncommonTrapBlob}
  0x0000000118baf0bc: f101 d597 | fd03 00aa | 2104 8012 

  0x0000000118baf0c8: ; ImmutableOopMap {rfp=Oop }
                      ;*checkcast {reexecute=0 rethrow=0 return_oop=0}
                      ; - org.gradle.internal.service.DefaultServiceRegistry::isSatisfiedBy@31 (line 1423)
                      ; - org.gradle.internal.service.DefaultServiceRegistry::isSatisfiedBy@22 (line 1411)
                      ; - org.gradle.internal.service.DefaultServiceRegistry::isSatisfiedByAny@28 (line 1399)
                      ;   {runtime_call UncommonTrapBlob}
  0x0000000118baf0c8: ee01 d597 | ea03 0caa | f003 00f9 | f10b 00b9 | ef0b 00f9 | 6103 8012 | fd03 0aaa 

  0x0000000118baf0e4: ; ImmutableOopMap {rfp=Oop [0]=Oop [16]=Oop }
                      ;*aaload {reexecute=0 rethrow=0 return_oop=0}
                      ; - java.util.Arrays$ArrayItr::next@34 (line 4248)
                      ; - org.gradle.internal.service.DefaultServiceRegistry::isSatisfiedByAny@17 (line 1398)
                      ;   {runtime_call UncommonTrapBlob}
  0x0000000118baf0e4: e701 d597 | 2111 8012 | fd03 0caa | eb03 00f9 | ed0b 00b9 

  0x0000000118baf0f8: ; ImmutableOopMap {rfp=Oop [0]=Oop }
                      ;*ifeq {reexecute=1 rethrow=0 return_oop=0}
                      ; - (reexecute) org.gradle.internal.service.DefaultServiceRegistry::isSatisfiedByAny@13 (line 1398)
                      ;   {runtime_call UncommonTrapBlob}
  0x0000000118baf0f8: e201 d597 | 2107 8012 | fd03 40f9 | eb07 00f9 

  0x0000000118baf108: ; ImmutableOopMap {rfp=Oop [8]=Oop }
                      ;*invokeinterface hasNext {reexecute=0 rethrow=0 return_oop=0}
                      ; - org.gradle.internal.service.DefaultServiceRegistry::isSatisfiedByAny@8 (line 1398)
                      ;   {runtime_call UncommonTrapBlob}
  0x0000000118baf108: de01 d597 | fd03 40f9 | 2107 8012 | e203 00f9 

  0x0000000118baf118: ; ImmutableOopMap {rfp=Oop [0]=Oop }
                      ;*invokeinterface iterator {reexecute=0 rethrow=0 return_oop=0}
                      ; - org.gradle.internal.service.DefaultServiceRegistry::isSatisfiedByAny@1 (line 1398)
                      ;   {runtime_call UncommonTrapBlob}
  0x0000000118baf118: da01 d597 | ea03 0caa | f007 00f9 | f113 00b9 | 4117 8012 | ea03 00f9 

  0x0000000118baf130: ; ImmutableOopMap {[0]=Oop [8]=Oop }
                      ;*if_icmplt {reexecute=1 rethrow=0 return_oop=0}
                      ; - (reexecute) java.util.Arrays$ArrayItr::next@11 (line 4244)
                      ; - org.gradle.internal.service.DefaultServiceRegistry::isSatisfiedByAny@17 (line 1398)
                      ;   {runtime_call UncommonTrapBlob}
  0x0000000118baf130: d401 d597 | ea03 0baa | e10b 00f9 | fd03 0caa | 6101 8012 | ec2b 00a9 

  0x0000000118baf148: ; ImmutableOopMap {rfp=Oop [0]=Oop [8]=Oop [16]=Oop }
                      ;*invokevirtual isAssignableFrom {reexecute=0 rethrow=0 return_oop=0}
                      ; - org.gradle.internal.service.DefaultServiceRegistry::isSatisfiedBy@55 (line 1427)
                      ; - org.gradle.internal.service.DefaultServiceRegistry::isSatisfiedBy@22 (line 1411)
                      ; - org.gradle.internal.service.DefaultServiceRegistry::isSatisfiedByAny@28 (line 1399)
                      ;   {runtime_call UncommonTrapBlob}
  0x0000000118baf148: ce01 d597 

  0x0000000118baf14c: ;   {metadata('java/util/Arrays$ArrayItr')}
  0x0000000118baf14c: 8c03 a0d2 | 0c2b 8ff2 | 5f01 0c6b | 4104 0054 | ea03 0baa | 4c11 40b9 | 8cf1 7dd3 

  0x0000000118baf168: ; implicit exception: dispatches to 0x0000000118baf26c
  0x0000000118baf168: 8d0d 40b9 | 4a0d 40b9 | 5f01 0d6b | eca7 9f1a | 63ff ff17 | ea03 0caa | f007 00f9 | bcff ff17 
  0x0000000118baf188: e003 00f9 | caff ff17 | fd03 00aa | ccff ff17 | ec03 1daa | ea03 0caa | 2107 8012 | fd03 0aaa 
  0x0000000118baf1a8: eb07 00f9 

  0x0000000118baf1ac: ; ImmutableOopMap {rfp=Oop [8]=Oop }
                      ;*invokeinterface hasNext {reexecute=0 rethrow=0 return_oop=0}
                      ; - org.gradle.internal.service.DefaultServiceRegistry::isSatisfiedByAny@8 (line 1398)
                      ;   {runtime_call UncommonTrapBlob}
  0x0000000118baf1ac: b501 d597 | ea03 0baa | f10b 00f9 | e1ff ff17 | ea03 0caa | f003 00f9 | f10b 00b9 | e00b 00f9 
  0x0000000118baf1cc: c4ff ff17 | ea03 0caa | f007 00f9 | f113 00b9 | d3ff ff17 | ec03 1daa | ea03 0caa | eeff ff17 
  0x0000000118baf1ec: 2101 8012 

  0x0000000118baf1f0: ; ImmutableOopMap {}
                      ;*invokeinterface iterator {reexecute=0 rethrow=0 return_oop=0}
                      ; - org.gradle.internal.service.DefaultServiceRegistry::isSatisfiedByAny@1 (line 1398)
                      ;   {runtime_call UncommonTrapBlob}
  0x0000000118baf1f0: a401 d597 | fd07 40f9 | 6101 8012 | e807 40f9 | e803 00f9 

  0x0000000118baf204: ; ImmutableOopMap {rfp=Oop [0]=Oop [16]=Oop }
                      ;*checkcast {reexecute=0 rethrow=0 return_oop=0}
                      ; - org.gradle.internal.service.DefaultServiceRegistry::isSatisfiedBy@31 (line 1423)
                      ; - org.gradle.internal.service.DefaultServiceRegistry::isSatisfiedBy@22 (line 1411)
                      ; - org.gradle.internal.service.DefaultServiceRegistry::isSatisfiedByAny@28 (line 1399)
                      ;   {runtime_call UncommonTrapBlob}
  0x0000000118baf204: 9f01 d597 | 2101 8012 

  0x0000000118baf20c: ; ImmutableOopMap {}
                      ;*arraylength {reexecute=0 rethrow=0 return_oop=0}
                      ; - java.util.Arrays$ArrayItr::next@10 (line 4244)
                      ; - org.gradle.internal.service.DefaultServiceRegistry::isSatisfiedByAny@17 (line 1398)
                      ;   {runtime_call UncommonTrapBlob}
  0x0000000118baf20c: 9d01 d597 | ea03 0caa | 0200 0014 | ea03 0caa | 6101 8012 | fd03 0aaa | eb03 00f9 

  0x0000000118baf228: ; ImmutableOopMap {rfp=Oop [0]=Oop }
                      ;*checkcast {reexecute=0 rethrow=0 return_oop=0}
                      ; - org.gradle.internal.service.DefaultServiceRegistry::isSatisfiedByAny@22 (line 1398)
                      ;   {runtime_call UncommonTrapBlob}
  0x0000000118baf228: 9601 d597 | 2101 8012 

  0x0000000118baf230: ; ImmutableOopMap {}
                      ;*arraylength {reexecute=0 rethrow=0 return_oop=0}
                      ; - java.util.Arrays$ArrayItr::hasNext@8 (line 4238)
                      ; - org.gradle.internal.service.DefaultServiceRegistry::isSatisfiedByAny@8 (line 1398)
                      ;   {runtime_call UncommonTrapBlob}
  0x0000000118baf230: 9401 d597 | e817 40f9 | e803 00f9 | 0300 0014 | e817 40f9 | e803 00f9 | fd07 40f9 | 6101 8012 
  0x0000000118baf250: ; ImmutableOopMap {rfp=Oop [0]=Oop [8]=Oop [16]=Oop }
                      ;*instanceof {reexecute=0 rethrow=0 return_oop=0}
                      ; - org.gradle.internal.service.DefaultServiceRegistry::isSatisfiedBy@18 (line 1422)
                      ; - org.gradle.internal.service.DefaultServiceRegistry::isSatisfiedBy@22 (line 1411)
                      ; - org.gradle.internal.service.DefaultServiceRegistry::isSatisfiedByAny@28 (line 1399)
                      ;   {runtime_call UncommonTrapBlob}
  0x0000000118baf250: 8c01 d597 | e003 00f9 | 0200 0014 | e003 00f9 | fd07 40f9 | 6101 8012 

  0x0000000118baf268: ; ImmutableOopMap {rfp=Oop [0]=Oop [8]=Oop [16]=Oop }
                      ;*invokevirtual isAssignableFrom {reexecute=0 rethrow=0 return_oop=0}
                      ; - org.gradle.internal.service.DefaultServiceRegistry::isSatisfiedBy@34 (line 1423)
                      ; - org.gradle.internal.service.DefaultServiceRegistry::isSatisfiedBy@22 (line 1411)
                      ; - org.gradle.internal.service.DefaultServiceRegistry::isSatisfiedByAny@28 (line 1399)
                      ;   {runtime_call UncommonTrapBlob}
  0x0000000118baf268: 8601 d597 | 2101 8012 

  0x0000000118baf270: ; ImmutableOopMap {}
                      ;*arraylength {reexecute=0 rethrow=0 return_oop=0}
                      ; - java.util.Arrays$ArrayItr::hasNext@8 (line 4238)
                      ; - org.gradle.internal.service.DefaultServiceRegistry::isSatisfiedByAny@8 (line 1398)
                      ;   {runtime_call UncommonTrapBlob}
  0x0000000118baf270: 8401 d597 | ea03 0baa | f10b 00f9 | 0300 0014 | ea03 0baa | e10b 00f9 | fd03 0caa | 6101 8012 
  0x0000000118baf290: ec2b 00a9 

  0x0000000118baf294: ; ImmutableOopMap {rfp=Oop [0]=Oop [8]=Oop [16]=Oop }
                      ;*invokevirtual isAssignableFrom {reexecute=0 rethrow=0 return_oop=0}
                      ; - org.gradle.internal.service.DefaultServiceRegistry::isSatisfiedBy@55 (line 1427)
                      ; - org.gradle.internal.service.DefaultServiceRegistry::isSatisfiedBy@22 (line 1411)
                      ; - org.gradle.internal.service.DefaultServiceRegistry::isSatisfiedByAny@28 (line 1399)
                      ;   {runtime_call UncommonTrapBlob}
  0x0000000118baf294: 7b01 d597 | e103 00aa | 1300 0014 | 1100 0014 | 1000 0014 | 0f00 0014 | 0e00 0014 | 0d00 0014 
  0x0000000118baf2b4: 0c00 0014 | e103 00aa | 0b00 0014 | 0900 0014 | 0800 0014 | 0700 0014 | 0600 0014 | 0500 0014 
  0x0000000118baf2d4: 0400 0014 | 0300 0014 | 0200 0014 | 0100 0014 | e103 00aa | fd7b 45a9 | ff83 0191 

  0x0000000118baf2f0: ;   {runtime_call _rethrow_Java}
  0x0000000118baf2f0: 74c9 d717 

  0x0000000118baf2f4: ;   {internal_word}
  0x0000000118baf2f4: 2893 ff10 | 88af 01f9 

  0x0000000118baf2fc: ;   {runtime_call SafepointBlob}
  0x0000000118baf2fc: c1ff d417 
[Stub Code]
  0x0000000118baf300: ;   {no_reloc}
  0x0000000118baf300: 4800 0058 | 0001 1fd6 | 80f8 0e18 | 0100 0000 

  0x0000000118baf310: ;   {trampoline_stub}
  0x0000000118baf310: 4800 0058 | 0001 1fd6 | 0092 0e18 | 0100 0000 

  0x0000000118baf320: ;   {trampoline_stub}
  0x0000000118baf320: 4800 0058 | 0001 1fd6 | 0092 0e18 | 0100 0000 

  0x0000000118baf330: ;   {trampoline_stub}
  0x0000000118baf330: 4800 0058 | 0001 1fd6 | 0092 0e18 | 0100 0000 

  0x0000000118baf340: ;   {trampoline_stub}
  0x0000000118baf340: 4800 0058 | 0001 1fd6 | 0092 0e18 | 0100 0000 

  0x0000000118baf350: ;   {trampoline_stub}
  0x0000000118baf350: 4800 0058 | 0001 1fd6 | 0083 7a18 | 0100 0000 

  0x0000000118baf360: ;   {trampoline_stub}
  0x0000000118baf360: 4800 0058 | 0001 1fd6 | 00bf be18 | 0100 0000 

  0x0000000118baf370: ;   {trampoline_stub}
  0x0000000118baf370: 4800 0058 | 0001 1fd6 | 0092 0e18 | 0100 0000 

  0x0000000118baf380: ;   {trampoline_stub}
  0x0000000118baf380: 4800 0058 | 0001 1fd6 | 90f3 ba18 | 0100 0000 

  0x0000000118baf390: ;   {static_stub}
  0x0000000118baf390: df3f 03d5 

  0x0000000118baf394: ;   {metadata({method} {0x000000014c4a2c68} 'isSatisfiedBy' '(Ljava/lang/reflect/ParameterizedType;Ljava/lang/reflect/Type;)Z' in 'org/gradle/internal/service/DefaultServiceRegistry')}
  0x0000000118baf394: 0c8d 85d2 | 4c89 a9f2 | 2c00 c0f2 | 08d7 9bd2 | c801 a3f2 | 2800 c0f2 | 0001 1fd6 

  0x0000000118baf3b0: ;   {trampoline_stub}
  0x0000000118baf3b0: 4800 0058 | 0001 1fd6 | 409a e318 | 0100 0000 

  0x0000000118baf3c0: ;   {trampoline_stub}
  0x0000000118baf3c0: 4800 0058 | 0001 1fd6 | 4076 8118 | 0100 0000 

  0x0000000118baf3d0: ;   {static_stub}
  0x0000000118baf3d0: df3f 03d5 

  0x0000000118baf3d4: ;   {metadata(NULL)}
  0x0000000118baf3d4: 0c00 80d2 | 0c00 a0f2 | 0c00 c0f2 | 0800 80d2 | 0800 a0f2 | 0800 c0f2 | 0001 1fd6 

  0x0000000118baf3f0: ;   {trampoline_stub}
  0x0000000118baf3f0: 4800 0058 | 0001 1fd6 | 0092 0e18 | 0100 0000 

  0x0000000118baf400: ;   {trampoline_stub}
  0x0000000118baf400: 4800 0058 | 0001 1fd6 | 0092 0e18 | 0100 0000 

  0x0000000118baf410: ;   {trampoline_stub}
  0x0000000118baf410: 4800 0058 | 0001 1fd6 | 0092 0e18 | 0100 0000 

  0x0000000118baf420: ;   {trampoline_stub}
  0x0000000118baf420: 4800 0058 | 0001 1fd6 | 0095 0e18 | 0100 0000 

  0x0000000118baf430: ;   {static_stub}
  0x0000000118baf430: df3f 03d5 

  0x0000000118baf434: ;   {metadata(NULL)}
  0x0000000118baf434: 0c00 80d2 | 0c00 a0f2 | 0c00 c0f2 | 0800 80d2 | 0800 a0f2 | 0800 c0f2 | 0001 1fd6 

  0x0000000118baf450: ;   {trampoline_stub}
  0x0000000118baf450: 4800 0058 | 0001 1fd6 | 0092 0e18 | 0100 0000 

  0x0000000118baf460: ;   {trampoline_stub}
  0x0000000118baf460: 4800 0058 | 0001 1fd6 | 0095 0e18 | 0100 0000 

  0x0000000118baf470: ;   {static_stub}
  0x0000000118baf470: df3f 03d5 

  0x0000000118baf474: ;   {metadata(NULL)}
  0x0000000118baf474: 0c00 80d2 | 0c00 a0f2 | 0c00 c0f2 | 0800 80d2 | 0800 a0f2 | 0800 c0f2 | 0001 1fd6 

  0x0000000118baf490: ;   {trampoline_stub}
  0x0000000118baf490: 4800 0058 | 0001 1fd6 | c035 1a18 | 0100 0000 

  0x0000000118baf4a0: ;   {trampoline_stub}
  0x0000000118baf4a0: 4800 0058 | 0001 1fd6 | c035 1a18 | 0100 0000 

  0x0000000118baf4b0: ;   {trampoline_stub}
  0x0000000118baf4b0: 4800 0058 | 0001 1fd6 | 80f8 0e18 | 0100 0000 

  0x0000000118baf4c0: ;   {trampoline_stub}
  0x0000000118baf4c0: 4800 0058 | 0001 1fd6 | 80f8 0e18 | 0100 0000 

  0x0000000118baf4d0: ;   {trampoline_stub}
  0x0000000118baf4d0: 4800 0058 | 0001 1fd6 | 80f8 0e18 | 0100 0000 

  0x0000000118baf4e0: ;   {trampoline_stub}
  0x0000000118baf4e0: 4800 0058 | 0001 1fd6 | 80f8 0e18 | 0100 0000 

  0x0000000118baf4f0: ;   {trampoline_stub}
  0x0000000118baf4f0: 4800 0058 | 0001 1fd6 | 80f8 0e18 | 0100 0000 

  0x0000000118baf500: ;   {trampoline_stub}
  0x0000000118baf500: 4800 0058 | 0001 1fd6 | 80f8 0e18 | 0100 0000 

  0x0000000118baf510: ;   {trampoline_stub}
  0x0000000118baf510: 4800 0058 | 0001 1fd6 | 80f8 0e18 | 0100 0000 

  0x0000000118baf520: ;   {trampoline_stub}
  0x0000000118baf520: 4800 0058 | 0001 1fd6 | 80f8 0e18 | 0100 0000 

  0x0000000118baf530: ;   {trampoline_stub}
  0x0000000118baf530: 4800 0058 | 0001 1fd6 | 80f8 0e18 | 0100 0000 

  0x0000000118baf540: ;   {trampoline_stub}
  0x0000000118baf540: 4800 0058 | 0001 1fd6 | 80f8 0e18 | 0100 0000 

  0x0000000118baf550: ;   {trampoline_stub}
  0x0000000118baf550: 4800 0058 | 0001 1fd6 | 80f8 0e18 | 0100 0000 

  0x0000000118baf560: ;   {trampoline_stub}
  0x0000000118baf560: 4800 0058 | 0001 1fd6 | 80f8 0e18 | 0100 0000 

  0x0000000118baf570: ;   {trampoline_stub}
  0x0000000118baf570: 4800 0058 | 0001 1fd6 | 80f8 0e18 | 0100 0000 

  0x0000000118baf580: ;   {trampoline_stub}
  0x0000000118baf580: 4800 0058 | 0001 1fd6 | 80f8 0e18 | 0100 0000 

  0x0000000118baf590: ;   {trampoline_stub}
  0x0000000118baf590: 4800 0058 | 0001 1fd6 | 80f8 0e18 | 0100 0000 

  0x0000000118baf5a0: ;   {trampoline_stub}
  0x0000000118baf5a0: 4800 0058 | 0001 1fd6 | 80f8 0e18 | 0100 0000 

  0x0000000118baf5b0: ;   {trampoline_stub}
  0x0000000118baf5b0: 4800 0058 | 0001 1fd6 | 80f8 0e18 | 0100 0000 

  0x0000000118baf5c0: ;   {trampoline_stub}
  0x0000000118baf5c0: 4800 0058 | 0001 1fd6 | 80f8 0e18 | 0100 0000 

  0x0000000118baf5d0: ;   {trampoline_stub}
  0x0000000118baf5d0: 4800 0058 | 0001 1fd6 | 80f8 0e18 | 0100 0000 
[Exception Handler]
  0x0000000118baf5e0: ;   {runtime_call ExceptionBlob}
  0x0000000118baf5e0: e86f d517 
[Deopt Handler Code]
  0x0000000118baf5e4: 1e00 0010 

  0x0000000118baf5e8: ;   {runtime_call DeoptimizationBlob}
  0x0000000118baf5e8: d6ff d417 | 0000 0000 
[/MachCode]


Compiled method (c2) 5744138 13821       4       org.gradle.internal.service.DefaultServiceRegistry$SingletonService::getService (33 bytes)
 total in heap  [0x0000000118bafe90,0x0000000118bb08f8] = 2664
 relocation     [0x0000000118baffe8,0x0000000118bb0080] = 152
 main code      [0x0000000118bb0080,0x0000000118bb0680] = 1536
 stub code      [0x0000000118bb0680,0x0000000118bb0720] = 160
 oops           [0x0000000118bb0720,0x0000000118bb0740] = 32
 metadata       [0x0000000118bb0740,0x0000000118bb0770] = 48
 scopes data    [0x0000000118bb0770,0x0000000118bb0808] = 152
 scopes pcs     [0x0000000118bb0808,0x0000000118bb0898] = 144
 dependencies   [0x0000000118bb0898,0x0000000118bb08a0] = 8
 handler table  [0x0000000118bb08a0,0x0000000118bb08e8] = 72
 nul chk table  [0x0000000118bb08e8,0x0000000118bb08f8] = 16

[Constant Pool (empty)]

[MachCode]
[Entry Point]
  # {method} {0x000000014c4c10e0} 'getService' '(Ljava/lang/reflect/Type;Lorg/gradle/internal/service/ServiceAccessToken;)Lorg/gradle/internal/service/Service;' in 'org/gradle/internal/service/DefaultServiceRegistry$SingletonService'
  # this:     c_rarg1:c_rarg1 
                        = 'org/gradle/internal/service/DefaultServiceRegistry$SingletonService'
  # parm0:    c_rarg2:c_rarg2 
                        = 'java/lang/reflect/Type'
  # parm1:    c_rarg3:c_rarg3 
                        = 'org/gradle/internal/service/ServiceAccessToken'
  #           [sp+0x40]  (sp of caller)
  0x0000000118bb0080: 2808 40b9 | 3f01 086b | 4000 0054 

  0x0000000118bb008c: ;   {runtime_call ic_miss_stub}
  0x0000000118bb008c: dde2 d417 
[Verified Entry Point]
  0x0000000118bb0090: 1f20 03d5 | e953 40d1 | 3f01 00f9 | ff03 01d1 | fd7b 03a9 | 2b18 40b9 | ed03 01aa | fd03 02aa 
  0x0000000118bb00b0: 61f1 7dd3 

  0x0000000118bb00b4: ; implicit exception: dispatches to 0x0000000118bb0478
  0x0000000118bb00b4: 2a08 40b9 

  0x0000000118bb00b8: ;   {metadata('org/gradle/internal/service/ServiceAccess$1')}
  0x0000000118bb00b8: 4c20 a0d2 | 0ca6 9bf2 | 5f01 0c6b | e110 0054 | aa1d 40b9 | ed03 00f9 | 42f1 7dd3 | e103 1daa 
  0x0000000118bb00d8: ; ImmutableOopMap {[0]=Oop }
                      ;*invokestatic isSatisfiedByAny {reexecute=0 rethrow=0 return_oop=0}
                      ; - org.gradle.internal.service.DefaultServiceRegistry::access$1900@2 (line 90)
                      ; - org.gradle.internal.service.DefaultServiceRegistry$SingletonService::getService@20 (line 812)
                      ;   {static_call}
  0x0000000118bb00d8: daf8 ff97 | 4011 0034 | f303 40f9 | 6a26 40b9 

  0x0000000118bb00e8: ;   {oop(a 'org/gradle/internal/service/DefaultServiceRegistry$SingletonService$BindState'{0x0000000700c1dd08})}
  0x0000000118bb00e8: 0c03 bcd2 | 2c74 87f2 | 5f01 0c6b | 0101 0054 | e003 13aa | fd7b 43a9 | ff03 0191 

  0x0000000118bb0104: ;   {poll_return}
  0x0000000118bb0104: 88a3 41f9 | ff63 28eb | a829 0054 | c003 5fd6 | ec83 0091 | 6b02 40f9 | ab01 0837 | 6a01 40b2 
  0x0000000118bb0124: 8a01 00f9 | eb03 0aaa | 6cfe ebc8 | 7f01 0aeb | 6002 0054 | e803 0091 | 6b01 08cb | eacf 72b2 
  0x0000000118bb0144: 6a01 0aea | 8a01 00f9 | 0d00 0014 | 6af9 0091 | e803 1faa | 5cfd e8c8 | 1f01 1feb | ea07 40b2 
  0x0000000118bb0164: 8a01 00f9 | c000 0054 | 1f01 1ceb | 8100 0054 | 6861 48f8 | 0805 0091 | 6861 08f8 | 4114 0054 
  0x0000000118bb0184: 6a26 40b9 

  0x0000000118bb0188: ;   {oop(a 'org/gradle/internal/service/DefaultServiceRegistry$SingletonService$BindState'{0x00000007009dcc98})}
  0x0000000118bb0188: 6c02 bcd2 | 6c32 97f2 | 5f01 0c6b | 5df1 7dd3 | a016 0054 

  0x0000000118bb019c: ;   {oop(a 'org/gradle/internal/service/DefaultServiceRegistry$SingletonService$BindState'{0x0000000700c197f0})}
  0x0000000118bb019c: 0c03 bcd2 | cc5f 86f2 | 5f01 0c6b | c113 0054 | 8be3 c039 | eb0a 0035 

  0x0000000118bb01b4: ;   {oop(a 'org/gradle/internal/service/DefaultServiceRegistry$SingletonService$BindState'{0x00000007009dcc98})}
  0x0000000118bb01b4: 0b93 99d2 | ab13 a0f2 | eb00 c0f2 | ea03 13aa | 6b01 0aca 

  0x0000000118bb01c8: ;   {oop(a 'org/gradle/internal/service/DefaultServiceRegistry$SingletonService$BindState'{0x00000007009dcc98})}
  0x0000000118bb01c8: 6d02 bcd2 | 6d32 97f2 | 6bfd 55d3 | 6d26 00b9 | 1d80 a0d2 | 3d00 c0f2 | cb00 00b4 | 4afd 49d3 
  0x0000000118bb01e8: a003 0a8b | 0a00 c039 | 5f11 0071 | a10b 0054 | f303 00f9 | e103 13aa | e9ff 9fd2 | e9ff bff2 
  0x0000000118bb0208: e9ff dff2 

  0x0000000118bb020c: ; ImmutableOopMap {[0]=Oop }
                      ;*invokevirtual bind {reexecute=0 rethrow=0 return_oop=0}
                      ; - org.gradle.internal.service.DefaultServiceRegistry$SingletonService::prepare@79 (line 789)
                      ; - org.gradle.internal.service.DefaultServiceRegistry$SingletonService::getService@29 (line 815)
                      ;   {virtual_call}
  0x0000000118bb020c: 4da4 d897 | 8be3 c039 | 2b09 0035 | f303 40f9 

  0x0000000118bb021c: ;   {oop(a 'org/gradle/internal/service/DefaultServiceRegistry$SingletonService$BindState'{0x0000000700c1dd08})}
  0x0000000118bb021c: 0ba1 9bd2 | 2b18 a0f2 | eb00 c0f2 | ea03 13aa | 6b01 0aca 

  0x0000000118bb0230: ;   {oop(a 'org/gradle/internal/service/DefaultServiceRegistry$SingletonService$BindState'{0x0000000700c1dd08})}
  0x0000000118bb0230: 0d03 bcd2 | 2d74 87f2 | 6bfd 55d3 | 6d26 00b9 | cb00 00b4 | 4afd 49d3 | a003 0a8b | 0a00 c039 
  0x0000000118bb0250: 5f11 0071 | 210b 0054 | ec83 0091 | 8b01 40f9 | 7f01 1feb | 8002 0054 | 6a02 40f9 | aa00 0837 
  0x0000000118bb0270: ea03 0caa | 6bfe aac8 | 5f01 0ceb | 0e00 0014 | 4a09 00d1 | 4b45 40f9 | ab00 00b4 | 6b05 00d1 
  0x0000000118bb0290: 4b45 00f9 | 7f01 0beb | 0700 0014 | 482d 49a9 | 0801 0baa | 1f01 1feb | 6800 00b5 | 4a01 0191 
  0x0000000118bb02b0: 5ffd 9fc8 | 20f2 ff54 | e183 0091 | e203 1caa | e003 13aa | c900 0010 | 894f 01f9 

  0x0000000118bb02cc: ;   {runtime_call SharedRuntime::complete_monitor_unlocking_C(oopDesc*, BasicLock*, JavaThread*)}
  0x0000000118bb02cc: 888b 80d2 | c810 a1f2 | 2800 c0f2 | 0001 3fd6 | 87ff ff17 | ed03 00f9 | e203 03aa | 094e 8fd2 
  0x0000000118bb02ec: 2982 a7f2 | 2900 c0f2 

  0x0000000118bb02f4: ; ImmutableOopMap {rfp=Oop [0]=Oop }
                      ;*invokeinterface contains {reexecute=0 rethrow=0 return_oop=0}
                      ; - org.gradle.internal.service.DefaultServiceRegistry$SingletonService::getService@5 (line 809)
                      ;   {virtual_call}
  0x0000000118bb02f4: e7f6 d497 | 6000 0034 | ed03 40f9 | 72ff ff17 | e003 1faa | 7dff ff17 | 6a26 40b9 | 40f1 7dd3 
  0x0000000118bb0314: 00f5 ffb4 | 8a13 40f9 | 8a08 00b4 | 8b1b 40f9 | 4c21 00d1 | 6a01 0a8b | 4081 1ff8 | 8c13 00f9 
  0x0000000118bb0334: a0ff ff17 | f303 40f9 | 6a26 40b9 | 40f1 7dd3 | c0f6 ffb4 | 8a13 40f9 | 0a08 00b4 | 8b1b 40f9 
  0x0000000118bb0354: 4c21 00d1 | 6a01 0a8b | 4081 1ff8 | 8c13 00f9 | aeff ff17 | 8a23 40f9 | 8b2b 40f9 | bf3b 03d5 
  0x0000000118bb0374: 0c00 c039 | 0cf4 ff34 | 1f00 0039 | 2a01 00b5 | e103 1caa | c900 0010 | 894f 01f9 

  0x0000000118bb0390: ;   {runtime_call G1BarrierSetRuntime::write_ref_field_post_entry(unsigned char volatile*, JavaThread*)}
  0x0000000118bb0390: 0855 93d2 | c806 a1f2 | 2800 c0f2 | 0001 3fd6 | 96ff ff17 | 4c21 00d1 | 6a01 0a8b | 4081 1ff8 
  0x0000000118bb03b0: 8c23 00f9 | 91ff ff17 | 8a2b 40f9 | 8b23 40f9 | bf3b 03d5 | 0c00 c039 | 8cf4 ff34 | 1f00 0039 
  0x0000000118bb03d0: 2b01 00b5 | e103 1caa | c900 0010 | 894f 01f9 

  0x0000000118bb03e0: ;   {runtime_call G1BarrierSetRuntime::write_ref_field_post_entry(unsigned char volatile*, JavaThread*)}
  0x0000000118bb03e0: 0855 93d2 | c806 a1f2 | 2800 c0f2 | 0001 3fd6 | 9aff ff17 | 6c21 00d1 | 4a01 0b8b | 4081 1ff8 
  0x0000000118bb0400: 8c23 00f9 | 95ff ff17 | fd03 13aa | e103 13aa | e283 0091 

  0x0000000118bb0414: ; ImmutableOopMap {rfp=Oop }
                      ;*monitorenter {reexecute=0 rethrow=0 return_oop=0}
                      ; - org.gradle.internal.service.DefaultServiceRegistry$SingletonService::prepare@15 (line 782)
                      ; - org.gradle.internal.service.DefaultServiceRegistry$SingletonService::getService@29 (line 815)
                      ;   {runtime_call _complete_monitor_locking_Java}
  0x0000000118bb0414: 0bba d797 | f303 1daa | 5aff ff17 | 4117 8012 | f3cf 00a9 

  0x0000000118bb0428: ; ImmutableOopMap {rfp=Oop [8]=Oop [16]=Oop }
                      ;*if_acmpne {reexecute=1 rethrow=0 return_oop=0}
                      ; - (reexecute) org.gradle.internal.service.DefaultServiceRegistry$SingletonService::prepare@68 (line 786)
                      ; - org.gradle.internal.service.DefaultServiceRegistry$SingletonService::getService@29 (line 815)
                      ;   {runtime_call UncommonTrapBlob}
  0x0000000118bb0428: 16fd d497 | e103 1caa | c900 0010 | 894f 01f9 

  0x0000000118bb0438: ;   {runtime_call G1BarrierSetRuntime::write_ref_field_pre_entry(oopDesc*, JavaThread*)}
  0x0000000118bb0438: 084e 93d2 | c806 a1f2 | 2800 c0f2 | 0001 3fd6 | 5bff ff17 | e103 1caa | c900 0010 | 894f 01f9 
  0x0000000118bb0458: ;   {runtime_call G1BarrierSetRuntime::write_ref_field_pre_entry(oopDesc*, JavaThread*)}
  0x0000000118bb0458: 084e 93d2 | c806 a1f2 | 2800 c0f2 | 0001 3fd6 | 6dff ff17 | 4117 8012 | f3cf 00a9 

  0x0000000118bb0474: ; ImmutableOopMap {rfp=Oop [8]=Oop [16]=Oop }
                      ;*if_acmpne {reexecute=1 rethrow=0 return_oop=0}
                      ; - (reexecute) org.gradle.internal.service.DefaultServiceRegistry$SingletonService::prepare@23 (line 783)
                      ; - org.gradle.internal.service.DefaultServiceRegistry$SingletonService::getService@29 (line 815)
                      ;   {runtime_call UncommonTrapBlob}
  0x0000000118bb0474: 03fd d497 | 2101 8012 | fd03 03aa 

  0x0000000118bb0480: ; ImmutableOopMap {rfp=Oop }
                      ;*invokeinterface contains {reexecute=0 rethrow=0 return_oop=0}
                      ; - org.gradle.internal.service.DefaultServiceRegistry$SingletonService::getService@5 (line 809)
                      ;   {runtime_call UncommonTrapBlob}
  0x0000000118bb0480: 00fd d497 | e103 1caa | c900 0010 | 894f 01f9 

  0x0000000118bb0490: ;   {runtime_call G1BarrierSetRuntime::write_ref_field_pre_entry(oopDesc*, JavaThread*)}
  0x0000000118bb0490: 084e 93d2 | c806 a1f2 | 2800 c0f2 | 0001 3fd6 | 0f00 0014 | e103 00aa | 3700 0014 | 0a08 40b9 
  0x0000000118bb04b0: 4a01 5dd2 | 4a25 40f9 

  0x0000000118bb04b8: ;   {metadata('java/lang/RuntimeException')}
  0x0000000118bb04b8: 0bbc 92d2 | 8b00 a0f2 | 0b01 c0f2 | f303 00aa | 5f01 0beb | 2106 0054 | 8ae3 c039 | 2a06 0035 
  0x0000000118bb04d8: f403 40f9 

  0x0000000118bb04dc: ;   {oop(a 'org/gradle/internal/service/DefaultServiceRegistry$SingletonService$BindState'{0x0000000700c197f0})}
  0x0000000118bb04dc: 0bfe 92d2 | 2b18 a0f2 | eb00 c0f2 | ea03 14aa | 6b01 0aca 

  0x0000000118bb04f0: ;   {oop(a 'org/gradle/internal/service/DefaultServiceRegistry$SingletonService$BindState'{0x0000000700c197f0})}
  0x0000000118bb04f0: 0c03 bcd2 | cc5f 86f2 | 6bfd 55d3 | 8c26 00b9 | cb00 00b4 | 4afd 49d3 | a003 0a8b | 0b00 c039 
  0x0000000118bb0510: 7f11 0071 | a105 0054 | ec83 0091 | 8b01 40f9 | 7f01 1feb | 8002 0054 | 8a02 40f9 | aa00 0837 
  0x0000000118bb0530: ea03 0caa | 8bfe aac8 | 5f01 0ceb | 0e00 0014 | 4a09 00d1 | 4b45 40f9 | ab00 00b4 | 6b05 00d1 
  0x0000000118bb0550: 4b45 00f9 | 7f01 0beb | 0700 0014 | 482d 49a9 | 0801 0baa | 1f01 1feb | 6800 00b5 | 4a01 0191 
  0x0000000118bb0570: 5ffd 9fc8 | 2105 0054 | e103 13aa | 0200 0014 | e103 00aa | fd7b 43a9 | ff03 0191 

  0x0000000118bb058c: ;   {runtime_call _rethrow_Java}
  0x0000000118bb058c: cdc4 d717 | f403 40f9 | e1ff ff17 | f403 40f9 | 8b26 40b9 | 60f1 7dd3 | c0f9 ffb4 | 8a13 40f9 
  0x0000000118bb05ac: caf6 ffb4 | 8b1b 40f9 | 4c21 00d1 | 6a01 0a8b | 4081 1ff8 | 8c13 00f9 | c6ff ff17 | 8a23 40f9 
  0x0000000118bb05cc: 8b2b 40f9 | bf3b 03d5 | 0d00 c039 | 0dfa ff34 | 1f00 0039 | 2a01 00b5 | e103 1caa | c900 0010 
  0x0000000118bb05ec: 894f 01f9 

  0x0000000118bb05f0: ;   {runtime_call G1BarrierSetRuntime::write_ref_field_post_entry(unsigned char volatile*, JavaThread*)}
  0x0000000118bb05f0: 0855 93d2 | c806 a1f2 | 2800 c0f2 | 0001 3fd6 | c6ff ff17 | 4c21 00d1 | 6a01 0a8b | 4081 1ff8 
  0x0000000118bb0610: 8c23 00f9 | c1ff ff17 | e183 0091 | e203 1caa | e003 14aa | c900 0010 | 894f 01f9 

  0x0000000118bb062c: ;   {runtime_call SharedRuntime::complete_monitor_unlocking_C(oopDesc*, BasicLock*, JavaThread*)}
  0x0000000118bb062c: 888b 80d2 | c810 a1f2 | 2800 c0f2 | 0001 3fd6 | cfff ff17 

  0x0000000118bb0640: ;   {internal_word}
  0x0000000118bb0640: 28d6 ff10 | 88af 01f9 

  0x0000000118bb0648: ;   {runtime_call SafepointBlob}
  0x0000000118bb0648: eefa d417 | 0000 0000 | 0000 0000 | 0000 0000 | 0000 0000 | 0000 0000 | 0000 0000 | 0000 0000 
  0x0000000118bb0668: 0000 0000 | 0000 0000 | 0000 0000 | 0000 0000 | 0000 0000 | 0000 0000 
[Stub Code]
  0x0000000118bb0680: ;   {no_reloc}
  0x0000000118bb0680: 4800 0058 | 0001 1fd6 | 40e4 ba18 | 0100 0000 

  0x0000000118bb0690: ;   {static_stub}
  0x0000000118bb0690: df3f 03d5 

  0x0000000118bb0694: ;   {metadata(NULL)}
  0x0000000118bb0694: 0c00 80d2 | 0c00 a0f2 | 0c00 c0f2 | 0800 80d2 | 0800 a0f2 | 0800 c0f2 | 0001 1fd6 

  0x0000000118bb06b0: ;   {trampoline_stub}
  0x0000000118bb06b0: 4800 0058 | 0001 1fd6 | 4093 1d18 | 0100 0000 

  0x0000000118bb06c0: ;   {trampoline_stub}
  0x0000000118bb06c0: 4800 0058 | 0001 1fd6 | 90de 0e18 | 0100 0000 

  0x0000000118bb06d0: ;   {trampoline_stub}
  0x0000000118bb06d0: 4800 0058 | 0001 1fd6 | 40ec 1918 | 0100 0000 

  0x0000000118bb06e0: ;   {trampoline_stub}
  0x0000000118bb06e0: 4800 0058 | 0001 1fd6 | 80f8 0e18 | 0100 0000 

  0x0000000118bb06f0: ;   {trampoline_stub}
  0x0000000118bb06f0: 4800 0058 | 0001 1fd6 | 80f8 0e18 | 0100 0000 

  0x0000000118bb0700: ;   {trampoline_stub}
  0x0000000118bb0700: 4800 0058 | 0001 1fd6 | 80f8 0e18 | 0100 0000 
[Exception Handler]
  0x0000000118bb0710: ;   {runtime_call ExceptionBlob}
  0x0000000118bb0710: 9c6b d517 
[Deopt Handler Code]
  0x0000000118bb0714: 1e00 0010 

  0x0000000118bb0718: ;   {runtime_call DeoptimizationBlob}
  0x0000000118bb0718: 8afb d417 | 0000 0000 
[/MachCode]


Compiled method (c2) 5744144 8341       4       org.gradle.internal.service.DefaultServiceRegistry$OwnServices::getService (317 bytes)
 total in heap  [0x0000000118944090,0x000000011894b5c8] = 30008
 relocation     [0x00000001189441e8,0x0000000118944b00] = 2328
 main code      [0x0000000118944b00,0x0000000118948200] = 14080
 stub code      [0x0000000118948200,0x0000000118948f90] = 3472
 oops           [0x0000000118948f90,0x0000000118948fe0] = 80
 metadata       [0x0000000118948fe0,0x0000000118949338] = 856
 scopes data    [0x0000000118949338,0x000000011894a250] = 3864
 scopes pcs     [0x000000011894a250,0x000000011894ae20] = 3024
 dependencies   [0x000000011894ae20,0x000000011894ae88] = 104
 handler table  [0x000000011894ae88,0x000000011894b3c8] = 1344
 nul chk table  [0x000000011894b3c8,0x000000011894b5c8] = 512

[Constant Pool (empty)]

[MachCode]
[Entry Point]
  # {method} {0x000000014c4b8a18} 'getService' '(Ljava/lang/reflect/Type;Lorg/gradle/internal/service/ServiceAccessToken;)Lorg/gradle/internal/service/Service;' in 'org/gradle/internal/service/DefaultServiceRegistry$OwnServices'
  # this:     c_rarg1:c_rarg1 
                        = 'org/gradle/internal/service/DefaultServiceRegistry$OwnServices'
  # parm0:    c_rarg2:c_rarg2 
                        = 'java/lang/reflect/Type'
  # parm1:    c_rarg3:c_rarg3 
                        = 'org/gradle/internal/service/ServiceAccessToken'
  #           [sp+0xc0]  (sp of caller)
  0x0000000118944b00: 2808 40b9 | 3f01 086b | 4000 0054 

  0x0000000118944b0c: ;   {runtime_call ic_miss_stub}
  0x0000000118944b0c: 3d90 de17 
[Verified Entry Point]
  0x0000000118944b10: 1f20 03d5 | e953 40d1 | 3f01 00f9 | ff03 03d1 | fd7b 0ba9 | e31b 00f9 | ea03 01aa | ef03 02aa 
  0x0000000118944b30: ; implicit exception: dispatches to 0x0000000118947c38
  0x0000000118944b30: 4e08 40b9 

  0x0000000118944b34: ;   {metadata('java/lang/Class')}
  0x0000000118944b34: 0c00 a0d2 | 0ceb 82f2 | df01 0c6b | a10f 0054 | f103 02aa | 2a0c 40b9 | f003 01aa | 4af1 7dd3 
  0x0000000118944b54: ; implicit exception: dispatches to 0x0000000118947c48
  0x0000000118944b54: 4b09 40b9 

  0x0000000118944b58: ;   {metadata('java/util/HashMap')}
  0x0000000118944b58: 4d01 a0d2 | 0d16 9df2 | 7f01 0d6b | 6127 0154 | 4b25 40b9 | 6df1 7dd3 | 8d05 00b4 | 2a02 40f9 
  0x0000000118944b78: ab0d 40b9 | 4c09 4092 | 7f01 0071 | 8945 0154 | 7d05 0051 | 9f05 00f1 | 411a 0054 | 4afd 48d3 
  0x0000000118944b98: 4079 0012 | e019 0034 | 0240 404a | ab03 020a | aac9 2b8b | 4a11 40b9 | 41f1 7dd3 | 6103 00b4 
  0x0000000118944bb8: 2b0c 40b9 | 7f01 026b | e100 0054 | 2b10 40b9 | 6af1 7dd3 | 5f01 11eb | 8009 0054 | 3f02 0aeb 
  0x0000000118944bd8: 4009 0054 | 2a18 40b9 | 4df1 7dd3 | ed01 00b4 | 2b08 40b9 

  0x0000000118944bec: ;   {metadata('java/util/HashMap$TreeNode')}
  0x0000000118944bec: 6a02 a0d2 | 0a6d 84f2 | 7f01 0a6b | c112 0054 | f003 00f9 | ee0b 00b9 | fd03 0faa | e303 11aa 
  0x0000000118944c0c: ; ImmutableOopMap {rfp=Oop [0]=Oop [48]=Oop }
                      ;*invokevirtual getTreeNode {reexecute=0 rethrow=0 return_oop=1}
                      ; - java.util.HashMap::getNode@95 (line 574)
                      ; - java.util.HashMap::get@2 (line 556)
                      ; - org.gradle.internal.service.DefaultServiceRegistry$OwnServices::getProviders@5 (line 517)
                      ; - org.gradle.internal.service.DefaultServiceRegistry$OwnServices::getService@5 (line 479)
                      ;   {optimized virtual_call}
  0x0000000118944c0c: bd90 de97 | 0007 00b5 | ef03 1daa | f003 40f9 | ee0b 40b9 

  0x0000000118944c20: ;   {oop(a 'java/util/Collections$EmptyList'{0x00000007000ad5f0})}
  0x0000000118944c20: 1dbe 9ad2 | 5d01 a0f2 | fd00 c0f2 | ee8b 00b9 | f013 00f9 | ef1f 00f9 | e103 1daa | 098e 84d2 
  0x0000000118944c40: 499f a5f2 | 2900 c0f2 

  0x0000000118944c48: ; ImmutableOopMap {rfp=Oop [32]=Oop [48]=Oop [56]=Oop }
                      ;*invokeinterface isEmpty {reexecute=0 rethrow=0 return_oop=0}
                      ; - org.gradle.internal.service.DefaultServiceRegistry$OwnServices::getService@10 (line 480)
                      ;   {virtual_call}
  0x0000000118944c48: aa8a e197 | 4004 0035 | ab0b 40b9 

  0x0000000118944c54: ;   {metadata('java/util/ArrayList')}
  0x0000000118944c54: 0a00 a0d2 | 0a26 9cf2 | 7f01 0a6b | ed03 1daa | 8111 0054 | f303 1daa | 6a12 40b9 | 5f05 0071 
  0x0000000118944c74: 4114 0054 | ac2d 4229 | 6af1 7dd3 | ac40 f937 | ec3f 0134 

  0x0000000118944c88: ; implicit exception: dispatches to 0x0000000118947c60
  0x0000000118944c88: 4b0d 40b9 | 7f01 0071 | c940 0154 | 4a11 40b9 | 41f1 7dd3 

  0x0000000118944c9c: ; implicit exception: dispatches to 0x0000000118947c54
  0x0000000118944c9c: 2a08 40b9 | 4401 5dd2 | 8a10 40f9 

  0x0000000118944ca8: ;   {metadata('org/gradle/internal/service/ServiceProvider')}
  0x0000000118944ca8: 00e8 96d2 | 4020 a0f2 | 0001 c0f2 | 5f01 00eb | 810a 0054 | e30b 43a9 | 0994 84d2 | 499f a5f2 
  0x0000000118944cc8: 2900 c0f2 

  0x0000000118944ccc: ; ImmutableOopMap {}
                      ;*invokeinterface getService {reexecute=0 rethrow=0 return_oop=1}
                      ; - org.gradle.internal.service.DefaultServiceRegistry$OwnServices::getService@42 (line 484)
                      ;   {virtual_call}
  0x0000000118944ccc: 5d8a e197 | 0200 0014 | e003 1faa | fd7b 4ba9 | ff03 0391 

  0x0000000118944ce0: ;   {poll_return}
  0x0000000118944ce0: 88a3 41f9 | ff63 28eb | e8a6 0154 | c003 5fd6 | e103 00aa | ef03 1daa | f003 40f9 | ee0b 40b9 
  0x0000000118944d00: 2b14 40b9 | 7df1 7dd3 | ddf8 ffb4 | ab0b 40b9 | 6401 5dd2 | 8a10 40f9 

  0x0000000118944d18: ;   {metadata('java/util/List')}
  0x0000000118944d18: 0bc1 9dd2 | cb00 a0f2 | 0b01 c0f2 | 5f01 0beb | a104 0054 | ee8b 00b9 | c0ff ff17 | c401 5dd2 
  0x0000000118944d38: 8b10 40f9 

  0x0000000118944d3c: ;   {metadata('java/lang/reflect/WildcardType')}
  0x0000000118944d3c: 00a6 90d2 | c020 a0f2 | 0001 c0f2 | 7f01 00eb | 6045 0154 | 8514 40f9 | a200 40b9 | a520 0091 
  0x0000000118944d5c: ff63 3feb | c200 00b4 | a884 40f8 | 1f00 08eb | 6000 0054 | 4204 00d1 | 82ff ffb5 | 6100 0054 
  0x0000000118944d7c: 8010 00f9 | e503 1faa | a543 01b4 

  0x0000000118944d88: ;   {metadata('sun/reflect/generics/reflectiveObjects/ParameterizedTypeImpl')}
  0x0000000118944d88: ab20 a0d2 | 0b75 9ff2 | df01 0b6b | 6172 0154 | eb03 0faa | 6b11 40b9 | 71f1 7dd3 

  0x0000000118944da4: ; implicit exception: dispatches to 0x0000000118947c68
  0x0000000118944da4: 2c0a 40b9 

  0x0000000118944da8: ;   {metadata('java/lang/Class')}
  0x0000000118944da8: 0b00 a0d2 | 0beb 82f2 | 9f01 0b6b | c171 0154 | 64ff ff17 

  0x0000000118944dbc: ;   {metadata('java/util/List')}
  0x0000000118944dbc: 00c1 9dd2 | c000 a0f2 | 0001 c0f2 | 8514 40f9 | a200 40b9 | a520 0091 | ff63 3feb | c200 00b4 
  0x0000000118944ddc: a884 40f8 | 1f00 08eb | 6000 0054 | 4204 00d1 | 82ff ffb5 | 6100 0054 | 8010 00f9 | e503 1faa 
  0x0000000118944dfc: 85f9 ffb4 | 2104 8012 

  0x0000000118944e04: ; ImmutableOopMap {rfp=Oop }
                      ;*checkcast {reexecute=0 rethrow=0 return_oop=0}
                      ; - org.gradle.internal.service.DefaultServiceRegistry$OwnServices::getProviders@10 (line 517)
                      ; - org.gradle.internal.service.DefaultServiceRegistry$OwnServices::getService@5 (line 479)
                      ;   {runtime_call UncommonTrapBlob}
  0x0000000118944e04: 9faa de97 | 8514 40f9 | a200 40b9 | a520 0091 | ff63 3feb | c200 00b4 | a884 40f8 | 1f00 08eb 
  0x0000000118944e24: 6000 0054 | 4204 00d1 | 82ff ffb5 | 6100 0054 | 8010 00f9 | e503 1faa | 05f4 ffb4 | fd03 01aa 
  0x0000000118944e44: 2104 8012 

  0x0000000118944e48: ; ImmutableOopMap {rfp=Oop }
                      ;*checkcast {reexecute=0 rethrow=0 return_oop=0}
                      ; - org.gradle.internal.service.DefaultServiceRegistry$OwnServices::getService@37 (line 484)
                      ;   {runtime_call UncommonTrapBlob}
  0x0000000118944e48: 8eaa de97 | 1f20 03d5 | aa0d 40b9 | 5f01 026b | 2101 0054 | aa11 40b9 | 4af1 7dd3 | 5f01 11eb 
  0x0000000118944e68: 6000 0054 | 3f02 0aeb | 6100 0054 | e103 0daa | a2ff ff17 | aa19 40b9 | 80a7 41f9 

  0x0000000118944e84: ; ImmutableOopMap {r13=Oop r15=Oop r16=Oop r17=Oop [48]=Oop }
                      ;*ifnonnull {reexecute=1 rethrow=0 return_oop=0}
                      ; - (reexecute) java.util.HashMap::getNode@145 (line 579)
                      ; - java.util.HashMap::get@2 (line 556)
                      ; - org.gradle.internal.service.DefaultServiceRegistry$OwnServices::getProviders@5 (line 517)
                      ; - org.gradle.internal.service.DefaultServiceRegistry$OwnServices::getService@5 (line 479)
  0x0000000118944e84: 4df1 7dd3 

  0x0000000118944e88: ;   {poll}
  0x0000000118944e88: 1f00 40b9 | 2dfe ffb5 | 64ff ff17 

  0x0000000118944e94: ;   {metadata('java/util/Collections$SingletonList')}
  0x0000000118944e94: 8a20 a0d2 | 0a04 9bf2 | 7f01 0a6b | 014a 0154 | e103 1daa | 2a08 40b9 

  0x0000000118944eac: ;   {metadata('java/util/ArrayList')}
  0x0000000118944eac: 0c00 a0d2 | 0c26 9cf2 | 5f01 0c6b | 00ee ff54 | e203 1f2a | 0904 9bd2 | 8920 a0f2 | 0901 c0f2 
  0x0000000118944ecc: ; ImmutableOopMap {[48]=Oop [56]=Oop }
                      ;*invokeinterface get {reexecute=0 rethrow=0 return_oop=1}
                      ; - org.gradle.internal.service.DefaultServiceRegistry$OwnServices::getService@32 (line 484)
                      ;   {virtual_call}
  0x0000000118944ecc: 3df4 3e96 | e103 00aa | 72ff ff17 | ef07 00a9 | ee13 00b9 | f1b7 01a9 | e103 11aa 

  0x0000000118944ee8: ; ImmutableOopMap {[0]=Oop [8]=Oop [24]=Oop [32]=Oop [48]=Oop }
                      ;*invokevirtual hashCode {reexecute=0 rethrow=0 return_oop=0}
                      ; - java.util.HashMap::hash@9 (line 338)
                      ; - java.util.HashMap::getNode@23 (line 568)
                      ; - java.util.HashMap::get@2 (line 556)
                      ; - org.gradle.internal.service.DefaultServiceRegistry$OwnServices::getProviders@5 (line 517)
                      ; - org.gradle.internal.service.DefaultServiceRegistry$OwnServices::getService@5 (line 479)
                      ;   {optimized virtual_call}
  0x0000000118944ee8: 0690 de97 | ef43 40a9 | ee13 40b9 | f1b7 41a9 | 2aff ff17 | 8087 40f9 | 8a8f 40f9 | 0b60 0091 
  0x0000000118944f08: 7f01 0aeb | 223b 0154 | ea03 40b2 | 8b87 00f9 

  0x0000000118944f18: ;   {metadata('java/util/ArrayList')}
  0x0000000118944f18: 0c00 a0d2 | 0c26 9cf2 | 0a00 00f9 | 0c7c 0129 | 70c1 80f9 | 1f08 00f9 | bf3a 03d5 | 6e12 40b9 
  0x0000000118944f38: f403 00aa | df01 0071 | edd3 0054 | ca7d 4093 | df01 4171 | 2900 0054 | df01 4171 | e83a 0154 
  0x0000000118944f58: 4af5 7ed3 | 8087 40f9 | 4a5d 0091 | 4bf1 7d92 | 8c8f 40f9 | 0b00 0b8b | 7f01 0ceb | e239 0154 
  0x0000000118944f78: 8b87 00f9 | ec03 40b2 | 70c1 80f9 | 0c00 00f9 

  0x0000000118944f88: ;   {metadata('java/lang/Object'[])}
  0x0000000118944f88: 0c00 a0d2 | 0caa 82f2 | 7001 81f9 | 0c08 00b9 | 4cfd 43d3 | 7041 81f9 | 0a40 0091 | 0e0c 00b9 
  0x0000000118944fa8: 8b09 00d1 | 6821 00f1 | 4300 0054 

  0x0000000118944fb4: ;   {runtime_call StubRoutines (2)}
  0x0000000118944fb4: c339 de97 | 6b00 1036 | 5f7d 81a8 | 5f7d 81a8 | 4b00 0836 | 5f7d 81a8 | 4b00 0036 | 5f01 00f9 
  0x0000000118944fd4: bf3a 03d5 | ea03 14aa | eb03 00aa | 6b01 0aca | 0cfc 43d3 | 6bfd 55d3 | 8c16 00b9 | 0b01 00b4 
  0x0000000118944ff4: 4afd 49d3 | 0b80 a0d2 | 2b00 c0f2 | 6001 0a8b | 0b00 c039 | 7f11 0071 | c11e 0154 | 8087 40f9 
  0x0000000118945014: 8a8f 40f9 | 0b80 0091 | 7f01 0aeb | 6233 0154 | ea03 40b2 | 8b87 00f9 

  0x000000011894502c: ;   {metadata('java/util/ArrayList$Itr')}
  0x000000011894502c: 4c03 a0d2 | 0cd6 95f2 | 0a00 00f9 | 0c7c 0129 | 70c1 80f9 | 1f0c 00f9 | ea7f 40b2 | 0a08 00f9 
  0x000000011894504c: 6bfe 43d3 | 6c0e 40b9 | fd03 00aa | aa0b 40b9 | 0cac 0229 

  0x0000000118945060: ;   {metadata('java/util/ArrayList$Itr')}
  0x0000000118945060: 4e03 a0d2 | 0ed6 95f2 | 5f01 0e6b | e142 0154 | 6b12 40b9 | ec03 1daa | 8a0d 40b9 | 5f01 0b6b 
  0x0000000118945080: 6100 0054 | e003 1faa | ee02 0014 | eb03 1f2a | ea03 1faa | f433 04a9 | eb87 00b9 | ea4b 00f9 
  0x00000001189450a0: 4f00 0014 | 8be3 c039 | 8b26 0135 

  0x00000001189450ac: ;   {oop(a 'org/gradle/internal/service/Service'[0] {0x0000000700e5d5b0})}
  0x00000001189450ac: 0bb6 9ad2 | ab1c a0f2 | eb00 c0f2 | ea2b 40f9 | 6b01 0aca 

  0x00000001189450c0: ;   {oop(a 'org/gradle/internal/service/Service'[0] {0x0000000700e5d5b0})}
  0x00000001189450c0: 8d03 bcd2 | cd56 97f2 | 6bfd 55d3 | ec2b 40f9 | 8d31 00b9 | 0b01 00b4 | 4afd 49d3 | 0b80 a0d2 
  0x00000001189450e0: 2b00 c0f2 | 6001 0a8b | 0a00 c039 | 5f11 0071 | c125 0154 | 8be3 c039 | ebfc 0035 

  0x00000001189450fc: ;   {oop(a 'org/gradle/internal/service/DefaultServiceRegistry$SingletonService$BindState'{0x0000000700c1dd08})}
  0x00000001189450fc: 0ba1 9bd2 | 2b18 a0f2 | eb00 c0f2 | ea2b 40f9 | 6b01 0aca 

  0x0000000118945110: ;   {oop(a 'org/gradle/internal/service/DefaultServiceRegistry$SingletonService$BindState'{0x0000000700c1dd08})}
  0x0000000118945110: 0d03 bcd2 | 2d74 87f2 | 6bfd 55d3 | ec2b 40f9 | 8d25 00b9 | 0b01 00b4 | 4afd 49d3 | 0b80 a0d2 
  0x0000000118945130: 2b00 c0f2 | 6001 0a8b | 0b00 c039 | 7f11 0071 | a1fe 0054 | ed83 0291 | ec2b 40f9 | aa01 40f9 
  0x0000000118945150: 5f01 1feb | 8002 0054 | 8b01 40f9 | ab00 0837 | eb03 0daa | 8afd abc8 | 7f01 0deb | 0e00 0014 
  0x0000000118945170: 6b09 00d1 | 6a45 40f9 | aa00 00b4 | 4a05 00d1 | 6a45 00f9 | 5f01 0aeb | 0700 0014 | 6829 49a9 
  0x0000000118945190: 0801 0aaa | 1f01 1feb | 6800 00b5 | 6b01 0191 | 7ffd 9fc8 | a137 0154 | e22b 40f9 | e123 40f9 
  0x00000001189451b0: ; ImmutableOopMap {[32]=Oop [48]=Oop [56]=Oop [64]=Oop [72]=Oop }
                      ;*invokeinterface add {reexecute=0 rethrow=0 return_oop=0}
                      ; - org.gradle.internal.service.DefaultServiceRegistry$OwnServices::getService@113 (line 491)
                      ;   {optimized virtual_call}
  0x00000001189451b0: 18d0 f897 

  0x00000001189451b4: ; ImmutableOopMap {[32]=Oop [48]=Oop [56]=Oop [64]=Oop [72]=Oop }
                      ;*goto {reexecute=1 rethrow=0 return_oop=0}
                      ; - (reexecute) org.gradle.internal.service.DefaultServiceRegistry$OwnServices::getService@119 (line 493)
  0x00000001189451b4: 8aa7 41f9 

  0x00000001189451b8: ;   {poll}
  0x00000001189451b8: 5f01 40b9 | ea27 40f9 | 4a19 40b9 | 4af1 7dd3 

  0x00000001189451c8: ; implicit exception: dispatches to 0x0000000118947c98
  0x00000001189451c8: 4b11 40b9 | ea27 40f9 | 4a0d 40b9 | 5f01 0b6b | 0053 0054 | e127 40f9 

  0x00000001189451e0: ; ImmutableOopMap {[32]=Oop [48]=Oop [56]=Oop [64]=Oop [72]=Oop }
                      ;*invokeinterface next {reexecute=0 rethrow=0 return_oop=1}
                      ; - org.gradle.internal.service.DefaultServiceRegistry$OwnServices::getService@83 (line 488)
                      ;   {optimized virtual_call}
  0x00000001189451e0: 5c1c f797 | e00b 00f9 

  0x00000001189451e8: ; implicit exception: dispatches to 0x0000000118947c80
  0x00000001189451e8: 0a08 40b9 

  0x00000001189451ec: ;   {metadata('org/gradle/internal/service/DefaultServiceRegistry$FactoryMethodService')}
  0x00000001189451ec: 4c20 a0d2 | 0cb3 9cf2 | 5f01 0c6b | 2150 0154 | ea03 00aa | ea2b 00f9 | 4a19 40b9 | 41f1 7dd3 
  0x000000011894520c: ; implicit exception: dispatches to 0x0000000118947c88
  0x000000011894520c: 2b08 40b9 

  0x0000000118945210: ;   {metadata('org/gradle/internal/service/ServiceAccess$1')}
  0x0000000118945210: 4a20 a0d2 | 0aa6 9bf2 | 7f01 0a6b | 01c2 0054 | ea2b 40f9 | 4a1d 40b9 | 5df1 7dd3 

  0x000000011894522c: ; implicit exception: dispatches to 0x0000000118947c90
  0x000000011894522c: ab0b 40b9 

  0x0000000118945230: ;   {metadata('java/util/Collections$SingletonList')}
  0x0000000118945230: 8c20 a0d2 | 0c04 9bf2 | 7f01 0c6b | e16c 0054 | aa13 40b9 | 8087 40f9 | ea03 00b9 | 8a8f 40f9 
  0x0000000118945250: 0b60 0091 | 7f01 0aeb | 0213 0154 | ea03 40b2 | 8b87 00f9 | 0a00 00f9 

  0x0000000118945268: ;   {metadata('java/util/Collections$1')}
  0x0000000118945268: aa03 a0d2 | 0a3d 8df2 | 0a08 00b9 | 70c1 80f9 | 1f08 00f9 | ea03 0032 | 0a0c 00b9 | eb03 40b9 
  0x0000000118945288: 0b10 00b9 | ea03 00aa | ea0f 00f9 | ea0f 40f9 | 4a09 40b9 

  0x000000011894529c: ;   {metadata('java/util/Collections$1')}
  0x000000011894529c: ac03 a0d2 | 0c3d 8df2 | 5f01 0c6b | c167 0054 | ea0f 40f9 | 4b31 4039 | eb2b 00b9 | ea2b 40b9 
  0x00000001189452bc: caf7 ff34 | ea0f 40f9 | ea2f 00f9 | 4a09 40b9 

  0x00000001189452cc: ;   {metadata('java/util/Collections$1')}
  0x00000001189452cc: ac03 a0d2 | 0c3d 8df2 | 5f01 0c6b | 0158 0054 | ea2f 40f9 | fd03 0aaa | 4a31 4039 | ea2f 00b9 
  0x00000001189452ec: ;   {metadata('java/lang/Class')}
  0x00000001189452ec: 0c00 a0d2 | 0ceb 82f2 | ea8b 40b9 | 5f01 0c6b | 41a7 0054 | ea1f 40f9 | ea03 00f9 | ea03 1daa 
  0x000000011894530c: 4b11 40b9 | 6af1 7dd3 | ea07 00f9 | ea2f 40b9 | aa2a 0134 | ea03 1daa | 5f31 0039 | ea07 40f9 
  0x000000011894532c: ; implicit exception: dispatches to 0x0000000118947c78
  0x000000011894532c: 4a09 40b9 | 4401 5dd2 | 8a10 40f9 

  0x0000000118945338: ;   {metadata('java/lang/reflect/Type')}
  0x0000000118945338: 0b2b 85d2 | 0b00 a0f2 | 0b01 c0f2 | 5f01 0beb | 6140 0054 | ea07 40f9 | eb03 0aaa | ea03 40f9 
  0x0000000118945358: 5f01 0beb | ea17 9f1a | 8a49 0034 | ea2b 40f9 | 4b25 40b9 

  0x000000011894536c: ;   {oop(a 'org/gradle/internal/service/DefaultServiceRegistry$SingletonService$BindState'{0x0000000700c1dd08})}
  0x000000011894536c: 0a03 bcd2 | 2a74 87f2 | 7f01 0a6b | 80f1 ff54 | ed83 0291 | ec2b 40f9 | 8b01 40f9 | ab01 0837 
  0x000000011894538c: 6a01 40b2 | aa01 00f9 | eb03 0aaa | 8dfd ebc8 | 7f01 0aeb | 6002 0054 | e803 0091 | 6b01 08cb 
  0x00000001189453ac: eacf 72b2 | 6a01 0aea | aa01 00f9 | 0d00 0014 | 6af9 0091 | e803 1faa | 5cfd e8c8 | 1f01 1feb 
  0x00000001189453cc: ea07 40b2 | aa01 00f9 | c000 0054 | 1f01 1ceb | 8100 0054 | 6861 48f8 | 0805 0091 | 6861 08f8 
  0x00000001189453ec: a124 0154 | ea2b 40f9 | 4a25 40b9 

  0x00000001189453f8: ;   {oop(a 'org/gradle/internal/service/DefaultServiceRegistry$SingletonService$BindState'{0x00000007009dcc98})}
  0x00000001189453f8: 6c02 bcd2 | 6c32 97f2 | 5f01 0c6b | 5df1 7dd3 | e028 0154 

  0x000000011894540c: ;   {oop(a 'org/gradle/internal/service/DefaultServiceRegistry$SingletonService$BindState'{0x0000000700c197f0})}
  0x000000011894540c: 0b03 bcd2 | cb5f 86f2 | 5f01 0b6b | 2126 0154 | 8be3 c039 | 2be2 0035 

  0x0000000118945424: ;   {oop(a 'org/gradle/internal/service/DefaultServiceRegistry$SingletonService$BindState'{0x00000007009dcc98})}
  0x0000000118945424: 0b93 99d2 | ab13 a0f2 | eb00 c0f2 | ea2b 40f9 | 6b01 0aca 

  0x0000000118945438: ;   {oop(a 'org/gradle/internal/service/DefaultServiceRegistry$SingletonService$BindState'{0x00000007009dcc98})}
  0x0000000118945438: 6e02 bcd2 | 6e32 97f2 | 6bfd 55d3 | ec2b 40f9 | 8e25 00b9 | 0b01 00b4 | 4afd 49d3 | 0b80 a0d2 
  0x0000000118945458: 2b00 c0f2 | 6001 0a8b | 0b00 c039 | 7f11 0071 | e1e2 0054 | e12b 40f9 

  0x0000000118945470: ; ImmutableOopMap {[32]=Oop [48]=Oop [56]=Oop [64]=Oop [72]=Oop [80]=Oop }
                      ;*invokespecial getMethod {reexecute=0 rethrow=0 return_oop=1}
                      ; - org.gradle.internal.service.DefaultServiceRegistry$FactoryMethodService::getParameterTypes@1 (line 1032)
                      ; - org.gradle.internal.service.DefaultServiceRegistry$FactoryService::bind@1 (line 911)
                      ; - org.gradle.internal.service.DefaultServiceRegistry$SingletonService::prepare@79 (line 789)
                      ; - org.gradle.internal.service.DefaultServiceRegistry$SingletonService::getService@29 (line 815)
                      ; - org.gradle.internal.service.DefaultServiceRegistry$OwnServices::getService@97 (line 489)
                      ;   {optimized virtual_call}
  0x0000000118945470: 040d 1d96 | e00b 00f9 

  0x0000000118945478: ; implicit exception: dispatches to 0x0000000118947cd8
  0x0000000118945478: 0a08 40b9 | 4a01 5dd2 | 4a1d 40f9 

  0x0000000118945484: ;   {metadata('org/gradle/internal/service/AbstractServiceMethod')}
  0x0000000118945484: 0b93 82d2 | 6b20 a0f2 | 0b01 c0f2 | 5f01 0beb | e11f 0154 | ea03 00aa | 4a19 40b9 | 4af1 7dd3 
  0x00000001189454a4: ea2f 00f9 

  0x00000001189454a8: ; implicit exception: dispatches to 0x0000000118947ce0
  0x00000001189454a8: 4a0d 40b9 | ea13 00b9 | 5f01 0071 | 89df ff54 | 5f01 4171 | c80c 0154 | 4a7d 7e93 | 8b87 40f9 
  0x00000001189454c8: 4a5d 0091 | ec03 0baa | 4bf1 7d92 | 8d8f 40f9 | 8b01 0b8b | 7f01 0deb | a20b 0154 | 8b87 00f9 
  0x00000001189454e8: ed03 40b2 | 70c1 80f9 | 8d01 00f9 

  0x00000001189454f4: ;   {metadata('org/gradle/internal/service/Service'[])}
  0x00000001189454f4: 4e20 a0d2 | 0e7f 9ef2 | 7001 81f9 | 4dfd 43d3 | 8e09 00b9 | ea03 0caa | 7041 81f9 | ee13 40b9 
  0x0000000118945514: 8a41 0091 | 8e0d 00b9 | ab09 00d1 | 6821 00f1 | 4300 0054 

  0x0000000118945528: ;   {runtime_call StubRoutines (2)}
  0x0000000118945528: 6638 de97 | 6b00 1036 | 5f7d 81a8 | 5f7d 81a8 | 4b00 0836 | 5f7d 81a8 | 4b00 0036 | 5f01 00f9 
  0x0000000118945548: bf3a 03d5 | ea03 0caa | 8be3 c039 | f303 0aaa | 6be0 0035 | eb2b 40f9 | ea03 13aa | 4a01 0bca 
  0x0000000118945568: ec13 40b9 | 9505 0051 | 6cfe 43d3 | 4afd 55d3 | ed2b 40f9 | ac31 00b9 | 0a01 00b4 | 6afd 49d3 
  0x0000000118945588: 0b80 a0d2 | 2b00 c0f2 | 6001 0a8b | 0b00 c039 | 7f11 0071 | c1df 0054 | eb13 40b9 | bf02 0b6b 
  0x00000001189455a8: c218 0154 | eb03 1f2a | eb83 00b9 | a200 0014 | 6d15 0134 | eb33 40f9 | 7f01 0aeb | ea17 9f1a 
  0x00000001189455c8: eb0f 40f9 | 7f31 0039 | 6a78 0035 | ea37 40f9 | 4b09 40b9 

  0x00000001189455dc: ;   {metadata('java/util/Collections$1')}
  0x00000001189455dc: ac03 a0d2 | 0c3d 8df2 | 7f01 0c6b | 415f 0054 | 4b31 4039 | cb13 0135 | ea2b 40f9 | 4a2d 40b9 
  0x00000001189455fc: eb2b 40f9 | 6c0d 40b9 | ac18 0034 | 8bf1 7dd3 | 6b15 40b9 | 4af1 7dd3 | ea0f 00f9 | 6af1 7dd3 
  0x000000011894561c: ea17 00f9 | ea33 40f9 

  0x0000000118945624: ; implicit exception: dispatches to 0x0000000118947ca8
  0x0000000118945624: 4b09 40b9 | 6401 5dd2 | 8a10 40f9 

  0x0000000118945630: ;   {metadata('java/lang/reflect/ParameterizedType')}
  0x0000000118945630: 0cc5 99d2 | ac20 a0f2 | 0c01 c0f2 | 5f01 0ceb | 211d 0054 

  0x0000000118945644: ;   {metadata('sun/reflect/generics/reflectiveObjects/ParameterizedTypeImpl')}
  0x0000000118945644: ac20 a0d2 | 0c75 9ff2 | 7f01 0c6b | e12d 0154 | ea33 40f9 | ea37 00f9 | 4a11 40b9 | 4af1 7dd3 
  0x0000000118945664: ea3b 00f9 

  0x0000000118945668: ; implicit exception: dispatches to 0x0000000118947cb8
  0x0000000118945668: 4b09 40b9 

  0x000000011894566c: ;   {metadata('java/lang/Class')}
  0x000000011894566c: 0a00 a0d2 | 0aeb 82f2 | 7f01 0a6b | 010d 0154 | ea3b 40f9 

  0x0000000118945680: ;   {oop(a 'java/lang/Class'{0x00000007008ea358} = 'org/gradle/internal/Factory')}
  0x0000000118945680: 0b6b 94d2 | cb11 a0f2 | eb00 c0f2 | 4009 40f9 | ea3b 00f9 | 5f01 0beb | 800b 0154 

  0x000000011894569c: ; implicit exception: dispatches to 0x0000000118947cc0
  0x000000011894569c: 0a14 40b9 

  0x00000001189456a0: ;   {metadata('java/util/List')}
  0x00000001189456a0: 0bc1 9dd2 | cb00 a0f2 | 0b01 c0f2 | 6bc9 6af8 | 1f00 0beb | 6127 0054 | ea37 40f9 | 4b0d 40b9 
  0x00000001189456c0: 6df1 7dd3 

  0x00000001189456c4: ; implicit exception: dispatches to 0x0000000118947cc8
  0x00000001189456c4: aa0d 40b9 | ea0b 00b9 | 4a7d 7e93 | 4a5d 0091 | ae09 40b9 | 5df1 7d92 | eb0b 40b9 | 7f01 4171 
  0x00000001189456e4: a8f2 0054 | 8a87 40f9 | 8c8f 40f9 | 4b01 1d8b | 7f01 0ceb | 02f2 0054 | ec03 40b2 | 8b87 00f9 
  0x0000000118945704: 4c01 00f9 | 70c1 80f9 | 4e09 00b9 | 7001 81f9 | ec0b 40b9 | 4c0d 00b9 | 7041 81f9 | ea37 00f9 
  0x0000000118945724: 4a41 0091 | ab43 00d1 | f303 0aaa | e103 0aaa | 62fd 43d3 | a041 0091 

  0x000000011894573c: ;   {runtime_call StubRoutines (2)}
  0x000000011894573c: 013c de97 | ea0b 40b9 | 5f01 0071 | a907 0154 | ea03 13aa | 4b01 40b9 | 61f1 7dd3 | e20f 40f9 
  0x000000011894575c: e317 40f9 

  0x0000000118945760: ; ImmutableOopMap {[32]=Oop [48]=Oop [56]=Oop [64]=Oop [72]=Oop [80]=Oop [88]=Oop [96]=Oop }
                      ;*invokestatic getCollectionService {reexecute=0 rethrow=0 return_oop=1}
                      ; - org.gradle.internal.service.DefaultServiceRegistry::find@83 (line 1289)
                      ; - org.gradle.internal.service.DefaultServiceRegistry::access$2300@3 (line 90)
                      ; - org.gradle.internal.service.DefaultServiceRegistry$FactoryService::bind@153 (line 934)
                      ; - org.gradle.internal.service.DefaultServiceRegistry$SingletonService::prepare@79 (line 789)
                      ; - org.gradle.internal.service.DefaultServiceRegistry$SingletonService::getService@29 (line 815)
                      ; - org.gradle.internal.service.DefaultServiceRegistry$OwnServices::getService@97 (line 489)
                      ;   {static_call}
  0x0000000118945760: 688f de97 | e00f 00f9 | ea0f 40f9 

  0x000000011894576c: ; implicit exception: dispatches to 0x0000000118947cd0
  0x000000011894576c: 4a09 40b9 | eb2b 40f9 | 6c31 40b9 | 4401 5dd2 | 9df1 7dd3 

  0x0000000118945780: ; implicit exception: dispatches to 0x0000000118947cb0
  0x0000000118945780: aa0f 40b9 | ac0b 40b9 | 8b10 40f9 | ee83 40b9 | df01 0a6b | 2203 0154 

  0x0000000118945798: ;   {metadata('org/gradle/internal/service/Service'[])}
  0x0000000118945798: 4a20 a0d2 | 0a7f 9ef2 | 9f01 0a6b | e102 0154 

  0x00000001189457a8: ;   {metadata('org/gradle/internal/service/Service')}
  0x00000001189457a8: 0a28 97d2 | 4a20 a0f2 | 0a01 c0f2 | 7f01 0aeb | 811a 0054 | ea03 40f9 | aa03 0a8b | 5341 0091 
  0x00000001189457c8: 8ae3 c039 | 0aa7 0035 | eb0f 40f9 | ea03 13aa | 6b01 0aca | ec0f 40f9 | 8cfd 43d3 | 6bfd 55d3 
  0x00000001189457e8: 6c02 00b9 | 0b01 00b4 | 4afd 49d3 | 0b80 a0d2 | 2b00 c0f2 | 6001 0a8b | 0b00 c039 | 7f11 0071 
  0x0000000118945808: 81a6 0054 | e10f 40f9 | e22b 40f9 | 09fe 91d2 | c9b6 a7f2 | 2900 c0f2 

  0x0000000118945820: ; ImmutableOopMap {[32]=Oop [48]=Oop [56]=Oop [64]=Oop [72]=Oop [80]=Oop [88]=Oop }
                      ;*invokeinterface requiredBy {reexecute=0 rethrow=0 return_oop=0}
                      ; - org.gradle.internal.service.DefaultServiceRegistry$FactoryService::bind@285 (line 951)
                      ; - org.gradle.internal.service.DefaultServiceRegistry$SingletonService::prepare@79 (line 789)
                      ; - org.gradle.internal.service.DefaultServiceRegistry$SingletonService::getService@29 (line 815)
                      ; - org.gradle.internal.service.DefaultServiceRegistry$OwnServices::getService@97 (line 489)
                      ;   {virtual_call}
  0x0000000118945820: 8887 e197 | eb83 40b9 | 6a05 0011 | ec13 40b9 | ea83 00b9 | 5f01 0c6b | eac5 ff54 | ea2b 40f9 
  0x0000000118945840: 4b1d 40b9 | 6af1 7dd3 | ea0f 00f9 | ea83 40b9 | 4a7d 7e93 | ea03 00f9 | eb03 40f9 | ea2f 40f9 
  0x0000000118945860: 4a01 0b8b | 4a11 40b9 | 4af1 7dd3 | ea33 00f9 | ea0f 40f9 

  0x0000000118945874: ; implicit exception: dispatches to 0x0000000118947ca0
  0x0000000118945874: 4b09 40b9 

  0x0000000118945878: ;   {metadata('java/util/Collections$SingletonList')}
  0x0000000118945878: 8c20 a0d2 | 0c04 9bf2 | 7f01 0c6b | 613d 0054 | 8087 40f9 | 4b11 40b9 | 8a8f 40f9 | eb0b 00b9 
  0x0000000118945898: 0b60 0091 | 7f01 0aeb | a2e1 0054 | ea03 40b2 | 8b87 00f9 | 0a00 00f9 

  0x00000001189458b0: ;   {metadata('java/util/Collections$1')}
  0x00000001189458b0: aa03 a0d2 | 0a3d 8df2 | 0a08 00b9 | 70c1 80f9 | 1f08 00f9 | ea03 0032 | 0a0c 00b9 | eb0b 40b9 
  0x00000001189458d0: 0b10 00b9 | ea03 00aa | ea0f 00f9 | ea0f 40f9 | 4a09 40b9 

  0x00000001189458e4: ;   {metadata('java/util/Collections$1')}
  0x00000001189458e4: ac03 a0d2 | 0c3d 8df2 | 5f01 0c6b | 8125 0054 | ea0f 40f9 | 4a31 4039 | ea17 00b9 | ea17 40b9 
  0x0000000118945904: 0a01 0035 | ea2b 40f9 | 4c0d 40b9 | 4a2d 40b9 | ace7 ff35 | 5df1 7dd3 | 2101 8012 

  0x0000000118945920: ; ImmutableOopMap {rfp=Oop [32]=Oop [48]=Oop [56]=Oop [64]=Oop [72]=Oop [80]=Oop [88]=Oop [96]=Oop }
                      ;*getfield allServices {reexecute=1 rethrow=0 return_oop=0}
                      ; - (reexecute) org.gradle.internal.service.DefaultServiceRegistry::access$2400@1 (line 90)
                      ; - org.gradle.internal.service.DefaultServiceRegistry$FactoryService::bind@150 (line 934)
                      ; - org.gradle.internal.service.DefaultServiceRegistry$SingletonService::prepare@79 (line 789)
                      ; - org.gradle.internal.service.DefaultServiceRegistry$SingletonService::getService@29 (line 815)
                      ; - org.gradle.internal.service.DefaultServiceRegistry$OwnServices::getService@97 (line 489)
                      ;   {runtime_call UncommonTrapBlob}
  0x0000000118945920: d8a7 de97 | ea0f 40f9 | ea37 00f9 | 4a09 40b9 | eb33 40f9 

  0x0000000118945934: ; implicit exception: dispatches to 0x00000001189459dc
  0x0000000118945934: 6c09 40b9 | ec0b 00b9 

  0x000000011894593c: ;   {metadata('java/util/Collections$1')}
  0x000000011894593c: ac03 a0d2 | 0c3d 8df2 | 5f01 0c6b | 813b 0054 | ea37 40f9 | ea0f 00f9 | 4d31 4039 

  0x0000000118945958: ;   {metadata('java/lang/Class')}
  0x0000000118945958: 0c00 a0d2 | 0ceb 82f2 | ea0b 40b9 | 5f01 0c6b | c14d 0054 | ea0f 40f9 | 4b11 40b9 | 6af1 7dd3 
  0x0000000118945978: ; implicit exception: dispatches to 0x00000001189459dc
  0x0000000118945978: 4b09 40b9 | 6401 5dd2 | 8b10 40f9 

  0x0000000118945984: ;   {metadata('java/lang/reflect/Type')}
  0x0000000118945984: 0c2b 85d2 | 0c00 a0f2 | 0c01 c0f2 | 7f01 0ceb | 20e1 ff54 

  0x0000000118945998: ;   {metadata('java/lang/reflect/Type')}
  0x0000000118945998: 002b 85d2 | 0000 a0f2 | 0001 c0f2 | 8514 40f9 | a200 40b9 | a520 0091 | ff63 3feb | c200 00b4 
  0x00000001189459b8: a884 40f8 | 1f00 08eb | 6000 0054 | 4204 00d1 | 82ff ffb5 | 6100 0054 | 8010 00f9 | e503 1faa 
  0x00000001189459d8: 05df ffb4 | 2111 8012 

  0x00000001189459e0: ; ImmutableOopMap {[32]=Oop [48]=Oop [56]=Oop [64]=Oop [72]=Oop [80]=Oop [88]=Oop [96]=Oop [104]=Oop }
                      ;*ifeq {reexecute=1 rethrow=0 return_oop=0}
                      ; - (reexecute) org.gradle.internal.service.DefaultServiceRegistry::isEqualToAnyType@13 (line 1389)
                      ; - org.gradle.internal.service.DefaultServiceRegistry::access$2100@2 (line 90)
                      ; - org.gradle.internal.service.DefaultServiceRegistry$FactoryService::bind@44 (line 919)
                      ; - org.gradle.internal.service.DefaultServiceRegistry$SingletonService::prepare@79 (line 789)
                      ; - org.gradle.internal.service.DefaultServiceRegistry$SingletonService::getService@29 (line 815)
                      ; - org.gradle.internal.service.DefaultServiceRegistry$OwnServices::getService@97 (line 489)
                      ;   {runtime_call UncommonTrapBlob}
  0x00000001189459e0: a8a7 de97 

  0x00000001189459e4: ;   {metadata('java/lang/reflect/ParameterizedType')}
  0x00000001189459e4: 00c5 99d2 | a020 a0f2 | 0001 c0f2 | 8514 40f9 | a200 40b9 | a520 0091 | ff63 3feb | c200 00b4 
  0x0000000118945a04: a884 40f8 | 1f00 08eb | 6000 0054 | 4204 00d1 | 82ff ffb5 | 6100 0054 | 8010 00f9 | e503 1faa 
  0x0000000118945a24: 05e1 ffb4 

  0x0000000118945a28: ;   {metadata('java/lang/Class')}
  0x0000000118945a28: 0a00 a0d2 | 0aeb 82f2 | 7f01 0a6b | 810f 0154 | ea33 40f9 | ea37 00f9 | 4a09 40f9 | 6a00 00b4 
  0x0000000118945a48: 4b09 40b9 | 0bf8 f837 

  0x0000000118945a50: ; implicit exception: dispatches to 0x0000000118947cf0
  0x0000000118945a50: 4b11 40b9 | 6a01 1312 | 8af9 0035 

  0x0000000118945a5c: ;   {oop(a 'java/lang/Class'{0x00000007ffd008c8} = 'java/lang/Object')}
  0x0000000118945a5c: 0b19 81d2 | 0bfa bff2 | eb00 c0f2 | ea37 40f9 | 5f01 0beb | 40f9 0054 | ea17 40f9 

  0x0000000118945a78: ; implicit exception: dispatches to 0x0000000118947cf8
  0x0000000118945a78: 4a09 40b9 

  0x0000000118945a7c: ;   {metadata('org/gradle/internal/service/DefaultServiceRegistry$CompositeServiceProvider')}
  0x0000000118945a7c: 0c21 a0d2 | 0c67 99f2 | 5f01 0c6b | e169 0054 | ea17 40f9 | 4b0d 40b9 | 6af1 7dd3 | ea17 00f9 
  0x0000000118945a9c: ; implicit exception: dispatches to 0x0000000118947d0c
  0x0000000118945a9c: 4b0d 40b9 | eb17 00b9 | 7f01 0071 | a902 0054 | 6b05 0051 | ec17 40b9 | 7f01 0c6b | 02f6 0054 
  0x0000000118945abc: fd03 1f2a | ea17 40f9 | 4ac9 3d8b | 4b11 40b9 | 61f1 7dd3 | e30f 40f9 | e237 40f9 | 09da 81d2 
  0x0000000118945adc: 69fb a5f2 | 2900 c0f2 

  0x0000000118945ae4: ; ImmutableOopMap {[24]=Oop [32]=Oop [40]=Oop [48]=Oop [56]=Oop [64]=Oop [72]=Oop [80]=Oop [88]=Oop [96]=Oop [104]=Oop }
                      ;*invokeinterface getService {reexecute=0 rethrow=0 return_oop=1}
                      ; - org.gradle.internal.service.DefaultServiceRegistry$CompositeServiceProvider::getService@29 (line 1200)
                      ; - org.gradle.internal.service.DefaultServiceRegistry::find@121 (line 1297)
                      ; - org.gradle.internal.service.DefaultServiceRegistry::access$2300@3 (line 90)
                      ; - org.gradle.internal.service.DefaultServiceRegistry$FactoryService::bind@153 (line 934)
                      ; - org.gradle.internal.service.DefaultServiceRegistry$SingletonService::prepare@79 (line 789)
                      ; - org.gradle.internal.service.DefaultServiceRegistry$SingletonService::getService@29 (line 815)
                      ; - org.gradle.internal.service.DefaultServiceRegistry$OwnServices::getService@97 (line 489)
                      ;   {virtual_call}
  0x0000000118945ae4: d786 e197 | c000 00b5 | bd07 0011 | ea17 40b9 | bf03 0a6b | 4bfe ff54 | e003 1faa | e00f 00f9 
  0x0000000118945b04: 19ff ff17 

  0x0000000118945b08: ;   {metadata('org/gradle/internal/service/Service')}
  0x0000000118945b08: 0028 97d2 | 4020 a0f2 | 0001 c0f2 | 8514 40f9 | a200 40b9 | a520 0091 | ff63 3feb | c200 00b4 
  0x0000000118945b28: a884 40f8 | 1f00 08eb | 6000 0054 | 4204 00d1 | 82ff ffb5 | 6100 0054 | 8010 00f9 | e503 1faa 
  0x0000000118945b48: a5e3 ffb4 | 2104 8012 

  0x0000000118945b50: ; ImmutableOopMap {rfp=Oop [24]=Oop [32]=Oop [48]=Oop [56]=Oop [64]=Oop [72]=Oop [80]=Oop [88]=Oop }
                      ;*aastore {reexecute=1 rethrow=0 return_oop=0}
                      ; - (reexecute) org.gradle.internal.service.DefaultServiceRegistry$FactoryService::bind@281 (line 950)
                      ; - org.gradle.internal.service.DefaultServiceRegistry$SingletonService::prepare@79 (line 789)
                      ; - org.gradle.internal.service.DefaultServiceRegistry$SingletonService::getService@29 (line 815)
                      ; - org.gradle.internal.service.DefaultServiceRegistry$OwnServices::getService@97 (line 489)
                      ;   {runtime_call UncommonTrapBlob}
  0x0000000118945b50: 4ca7 de97 

  0x0000000118945b54: ;   {metadata('java/lang/reflect/Type')}
  0x0000000118945b54: 002b 85d2 | 0000 a0f2 | 0001 c0f2 | 8514 40f9 | a200 40b9 | a520 0091 | ff63 3feb | c200 00b4 
  0x0000000118945b74: a884 40f8 | 1f00 08eb | 6000 0054 | 4204 00d1 | 82ff ffb5 | 6100 0054 | 8010 00f9 | e503 1faa 
  0x0000000118945b94: c5bd ffb4 | 2104 8012 

  0x0000000118945b9c: ; ImmutableOopMap {[8]=Oop }
                      ;*checkcast {reexecute=0 rethrow=0 return_oop=0}
                      ; - org.gradle.internal.service.DefaultServiceRegistry::isSatisfiedByAny@22 (line 1398)
                      ; - org.gradle.internal.service.DefaultServiceRegistry::access$1900@2 (line 90)
                      ; - org.gradle.internal.service.DefaultServiceRegistry$SingletonService::getService@20 (line 812)
                      ; - org.gradle.internal.service.DefaultServiceRegistry$OwnServices::getService@97 (line 489)
                      ;   {runtime_call UncommonTrapBlob}
  0x0000000118945b9c: 39a7 de97 | 5f81 0071 | e102 0054 

  0x0000000118945ba8: ;   {metadata('java/util/List')}
  0x0000000118945ba8: 0ac1 9dd2 | ca00 a0f2 | 0a01 c0f2 | 1f00 0aeb | 00d8 ff54 

  0x0000000118945bbc: ;   {metadata('java/util/List')}
  0x0000000118945bbc: 04c1 9dd2 | c400 a0f2 | 0401 c0f2 | 8514 40f9 | a200 40b9 | a520 0091 | ff63 3feb | c200 00b4 
  0x0000000118945bdc: a884 40f8 | 1f00 08eb | 6000 0054 | 4204 00d1 | 82ff ffb5 | 6100 0054 | 8010 00f9 | e503 1faa 
  0x0000000118945bfc: e5d5 ffb4 | e13b 40f9 

  0x0000000118945c04: ; ImmutableOopMap {[24]=Oop [32]=Oop [40]=Oop [48]=Oop [56]=Oop [64]=Oop [72]=Oop [80]=Oop [88]=Oop [96]=Oop [104]=Oop }
                      ;*invokestatic assertValidServiceType {reexecute=0 rethrow=0 return_oop=0}
                      ; - org.gradle.internal.service.DefaultServiceRegistry::find@92 (line 1291)
                      ; - org.gradle.internal.service.DefaultServiceRegistry::access$2300@3 (line 90)
                      ; - org.gradle.internal.service.DefaultServiceRegistry$FactoryService::bind@153 (line 934)
                      ; - org.gradle.internal.service.DefaultServiceRegistry$SingletonService::prepare@79 (line 789)
                      ; - org.gradle.internal.service.DefaultServiceRegistry$SingletonService::getService@29 (line 815)
                      ; - org.gradle.internal.service.DefaultServiceRegistry$OwnServices::getService@97 (line 489)
                      ;   {static_call}
  0x0000000118945c04: 3f8e de97 | ea17 40f9 

  0x0000000118945c0c: ; implicit exception: dispatches to 0x0000000118947ce8
  0x0000000118945c0c: 4b09 40b9 

  0x0000000118945c10: ;   {metadata('org/gradle/internal/service/DefaultServiceRegistry$CompositeServiceProvider')}
  0x0000000118945c10: 0c21 a0d2 | 0c67 99f2 | 7f01 0c6b | c1e5 0054 | e103 0aaa | e30f 40f9 | e237 40f9 

  0x0000000118945c2c: ; ImmutableOopMap {[32]=Oop [48]=Oop [56]=Oop [64]=Oop [72]=Oop [80]=Oop [88]=Oop [96]=Oop }
                      ;*invokeinterface getService {reexecute=0 rethrow=0 return_oop=1}
                      ; - org.gradle.internal.service.DefaultServiceRegistry::find@98 (line 1292)
                      ; - org.gradle.internal.service.DefaultServiceRegistry::access$2300@3 (line 90)
                      ; - org.gradle.internal.service.DefaultServiceRegistry$FactoryService::bind@153 (line 934)
                      ; - org.gradle.internal.service.DefaultServiceRegistry$SingletonService::prepare@79 (line 789)
                      ; - org.gradle.internal.service.DefaultServiceRegistry$SingletonService::getService@29 (line 815)
                      ; - org.gradle.internal.service.DefaultServiceRegistry$OwnServices::getService@97 (line 489)
                      ;   {optimized virtual_call}
  0x0000000118945c2c: b58c de97 | e00f 00f9 | cdfe ff17 | f423 40f9 | e04b 40f9 | 8c12 40b9 | ac84 ff34 | 8a16 40b9 
  0x0000000118945c4c: 4bf1 7dd3 | 9f05 0071 | c1ed 0054 | 0cee f837 | 0ced 0034 

  0x0000000118945c60: ; implicit exception: dispatches to 0x0000000118947d3c
  0x0000000118945c60: 6a0d 40b9 | 5f01 0071 | 09ee 0054 | 6a11 40b9 | 4af1 7dd3 

  0x0000000118945c74: ; implicit exception: dispatches to 0x0000000118947d44
  0x0000000118945c74: 4b09 40b9 

  0x0000000118945c78: ;   {metadata('org/gradle/internal/service/DefaultServiceRegistry$FactoryMethodService')}
  0x0000000118945c78: 4d20 a0d2 | 0db3 9cf2 | 7f01 0d6b | 41fd 0054 | e003 0aaa | 13fc ff17 | ea03 0baa | 4a09 40b9 
  0x0000000118945c98: 4401 5dd2 | ed03 40f9 | ad09 40f9 | 8c10 40f9 | ed07 00f9 

  0x0000000118945cac: ;   {metadata('java/lang/reflect/ParameterizedType')}
  0x0000000118945cac: 0dc5 99d2 | ad20 a0f2 | 0d01 c0f2 | 9f01 0deb | 412a 0054 | ea03 0baa | ea0b 00f9 | e103 0aaa 
  0x0000000118945ccc: e9ff 9fd2 | e9ff bff2 | e9ff dff2 

  0x0000000118945cd8: ; ImmutableOopMap {rfp=Oop [0]=Oop [16]=Oop [24]=Oop [32]=Oop [48]=Oop [56]=Oop [64]=Oop [72]=Oop [80]=Oop [88]=Oop }
                      ;*invokeinterface getRawType {reexecute=0 rethrow=0 return_oop=1}
                      ; - org.gradle.internal.service.DefaultServiceRegistry::isSatisfiedBy@13 (line 1422)
                      ; - org.gradle.internal.service.DefaultServiceRegistry::isSatisfiedBy@22 (line 1411)
                      ; - org.gradle.internal.service.DefaultServiceRegistry::isSatisfiedByAny@28 (line 1399)
                      ; - org.gradle.internal.service.DefaultServiceRegistry::access$1900@2 (line 90)
                      ; - org.gradle.internal.service.DefaultServiceRegistry$SingletonService::getService@20 (line 812)
                      ; - org.gradle.internal.service.DefaultServiceRegistry$OwnServices::getService@97 (line 489)
                      ;   {virtual_call}
  0x0000000118945cd8: 4a8d de97 

  0x0000000118945cdc: ; implicit exception: dispatches to 0x0000000118947d94
  0x0000000118945cdc: 0b08 40b9 

  0x0000000118945ce0: ;   {metadata('java/lang/Class')}
  0x0000000118945ce0: 0a00 a0d2 | 0aeb 82f2 | 7f01 0a6b | c104 0054 | e10b 40f9 | e9ff 9fd2 | e9ff bff2 | e9ff dff2 
  0x0000000118945d00: ; ImmutableOopMap {rfp=Oop [0]=Oop [24]=Oop [32]=Oop [48]=Oop [56]=Oop [64]=Oop [72]=Oop [80]=Oop [88]=Oop }
                      ;*invokeinterface getRawType {reexecute=0 rethrow=0 return_oop=1}
                      ; - org.gradle.internal.service.DefaultServiceRegistry::isSatisfiedBy@26 (line 1423)
                      ; - org.gradle.internal.service.DefaultServiceRegistry::isSatisfiedBy@22 (line 1411)
                      ; - org.gradle.internal.service.DefaultServiceRegistry::isSatisfiedByAny@28 (line 1399)
                      ; - org.gradle.internal.service.DefaultServiceRegistry::access$1900@2 (line 90)
                      ; - org.gradle.internal.service.DefaultServiceRegistry$SingletonService::getService@20 (line 812)
                      ; - org.gradle.internal.service.DefaultServiceRegistry$OwnServices::getService@97 (line 489)
                      ;   {virtual_call}
  0x0000000118945d00: 408d de97 

  0x0000000118945d04: ; implicit exception: dispatches to 0x0000000118947d00
  0x0000000118945d04: 0a08 40b9 

  0x0000000118945d08: ;   {metadata('java/lang/Class')}
  0x0000000118945d08: 0c00 a0d2 | 0ceb 82f2 | 5f01 0c6b | c1e2 0054 | ea07 40f9 

  0x0000000118945d1c: ; implicit exception: dispatches to 0x0000000118947db8
  0x0000000118945d1c: 4b15 40b9 | 0408 40f9 | 84e1 00b4 | 8ac8 6bf8 | ec07 40f9 | 9f01 0aeb | 80b1 ff54 | 7f81 0071 
  0x0000000118945d3c: 4102 0054 | 9f00 0ceb | 00b1 ff54 | e003 0caa | 8514 40f9 | a200 40b9 | a520 0091 | ff63 3feb 
  0x0000000118945d5c: c200 00b4 | a884 40f8 | 1f00 08eb | 6000 0054 | 4204 00d1 | 82ff ffb5 | 6100 0054 | 8010 00f9 
  0x0000000118945d7c: e503 1faa | 25af ffb4 

  0x0000000118945d84: ; ImmutableOopMap {rfp=Oop [0]=Oop [24]=Oop [32]=Oop [48]=Oop [56]=Oop [64]=Oop [72]=Oop [80]=Oop [88]=Oop }
                      ;*goto {reexecute=1 rethrow=0 return_oop=0}
                      ; - (reexecute) org.gradle.internal.service.DefaultServiceRegistry::isSatisfiedByAny@36 (line 1402)
                      ; - org.gradle.internal.service.DefaultServiceRegistry::access$1900@2 (line 90)
                      ; - org.gradle.internal.service.DefaultServiceRegistry$SingletonService::getService@20 (line 812)
                      ; - org.gradle.internal.service.DefaultServiceRegistry$OwnServices::getService@97 (line 489)
  0x0000000118945d84: 8aa7 41f9 

  0x0000000118945d88: ;   {poll}
  0x0000000118945d88: 5f01 40b9 | ea03 1daa | 4b31 4039 | eb2f 00b9 | eba0 ff34 | 5bfd ff17 

  0x0000000118945da0: ;   {metadata('java/util/Arrays$ArrayItr')}
  0x0000000118945da0: 8b03 a0d2 | 0b2b 8ff2 | 5f01 0b6b | a1df 0054 | ea0f 40f9 | 4b11 40b9 | 6bf1 7dd3 

  0x0000000118945dbc: ; implicit exception: dispatches to 0x0000000118947d1c
  0x0000000118945dbc: 6c0d 40b9 | 4a0d 40b9 | 5f01 0c6b | 4a4d 0054 | eb03 0032 | eb17 00b9 | cbfe ff17 

  0x0000000118945dd8: ;   {metadata('java/util/Arrays$ArrayItr')}
  0x0000000118945dd8: 8c03 a0d2 | 0c2b 8ff2 | 5f01 0c6b | 61de 0054 | ea2f 40f9 | ea33 00f9 | eb33 40f9 | 6c0d 40b9 
  0x0000000118945df8: ;   {metadata('java/lang/Class')}
  0x0000000118945df8: 0d00 a0d2 | 0deb 82f2 | eb8b 40b9 | 7f01 0d6b | 4a11 40b9 | ec2f 00b9 | a19e 0054 | eb1f 40f9 
  0x0000000118945e18: eb03 00f9 | 4af1 7dd3 | ea0f 00f9 

  0x0000000118945e24: ; implicit exception: dispatches to 0x0000000118947d24
  0x0000000118945e24: 5d0d 40b9 | eb2f 40b9 | 4ac9 2b8b | 7f01 1d6b | 0ae0 0054 | 6c05 0011 | eb33 40f9 | 6c0d 00b9 
  0x0000000118945e44: ec2f 40b9 | 9f01 1d6b | e2da 0054 | 4b11 40b9 | 6af1 7dd3 | ea07 00f9 

  0x0000000118945e5c: ; implicit exception: dispatches to 0x0000000118947c78
  0x0000000118945e5c: 4a09 40b9 | 4401 5dd2 | 8a10 40f9 

  0x0000000118945e68: ;   {metadata('java/lang/reflect/Type')}
  0x0000000118945e68: 0b2b 85d2 | 0b00 a0f2 | 0b01 c0f2 | 5f01 0beb | 2148 0054 | eb2b 40a9 | 7f01 0aeb | eb17 9f1a 
  0x0000000118945e88: eba6 ff35 | 4c09 40b9 | 8401 5dd2 | ed03 40f9 | ad09 40f9 | 8b10 40f9 | fd03 0daa 

  0x0000000118945ea4: ;   {metadata('java/lang/reflect/ParameterizedType')}
  0x0000000118945ea4: 0dc5 99d2 | ad20 a0f2 | 0d01 c0f2 | 7f01 0deb | e175 0054 | ea07 00f9 | e103 0aaa | e9ff 9fd2 
  0x0000000118945ec4: e9ff bff2 | e9ff dff2 

  0x0000000118945ecc: ; ImmutableOopMap {[0]=Oop [8]=Oop [32]=Oop [48]=Oop [56]=Oop [64]=Oop [72]=Oop [80]=Oop [88]=Oop [96]=Oop }
                      ;*invokeinterface getRawType {reexecute=0 rethrow=0 return_oop=1}
                      ; - org.gradle.internal.service.DefaultServiceRegistry::isSatisfiedBy@13 (line 1422)
                      ; - org.gradle.internal.service.DefaultServiceRegistry::isSatisfiedBy@22 (line 1411)
                      ; - org.gradle.internal.service.DefaultServiceRegistry::isSatisfiedByAny@28 (line 1399)
                      ; - org.gradle.internal.service.DefaultServiceRegistry::access$1900@2 (line 90)
                      ; - org.gradle.internal.service.DefaultServiceRegistry$SingletonService::getService@20 (line 812)
                      ; - org.gradle.internal.service.DefaultServiceRegistry$OwnServices::getService@97 (line 489)
                      ;   {virtual_call}
  0x0000000118945ecc: cd8c de97 

  0x0000000118945ed0: ; implicit exception: dispatches to 0x0000000118947d88
  0x0000000118945ed0: 0a08 40b9 

  0x0000000118945ed4: ;   {metadata('java/lang/Class')}
  0x0000000118945ed4: 0c00 a0d2 | 0ceb 82f2 | 5f01 0c6b | 8104 0054 | e107 40f9 | e9ff 9fd2 | e9ff bff2 | e9ff dff2 
  0x0000000118945ef4: ; ImmutableOopMap {[0]=Oop [32]=Oop [48]=Oop [56]=Oop [64]=Oop [72]=Oop [80]=Oop [88]=Oop [96]=Oop }
                      ;*invokeinterface getRawType {reexecute=0 rethrow=0 return_oop=1}
                      ; - org.gradle.internal.service.DefaultServiceRegistry::isSatisfiedBy@26 (line 1423)
                      ; - org.gradle.internal.service.DefaultServiceRegistry::isSatisfiedBy@22 (line 1411)
                      ; - org.gradle.internal.service.DefaultServiceRegistry::isSatisfiedByAny@28 (line 1399)
                      ; - org.gradle.internal.service.DefaultServiceRegistry::access$1900@2 (line 90)
                      ; - org.gradle.internal.service.DefaultServiceRegistry$SingletonService::getService@20 (line 812)
                      ; - org.gradle.internal.service.DefaultServiceRegistry$OwnServices::getService@97 (line 489)
                      ;   {virtual_call}
  0x0000000118945ef4: c38c de97 

  0x0000000118945ef8: ; implicit exception: dispatches to 0x0000000118947d00
  0x0000000118945ef8: 0b08 40b9 

  0x0000000118945efc: ;   {metadata('java/lang/Class')}
  0x0000000118945efc: 0a00 a0d2 | 0aeb 82f2 | 7f01 0a6b | 01de 0054 

  0x0000000118945f0c: ; implicit exception: dispatches to 0x0000000118947db0
  0x0000000118945f0c: aa17 40b9 | 0408 40f9 | 64dd 00b4 | 8bc8 6af8 | bf03 0beb | 20a2 ff54 | 5f81 0071 | 4102 0054 
  0x0000000118945f2c: 9f00 1deb | a0a1 ff54 | e003 1daa | 8514 40f9 | a200 40b9 | a520 0091 | ff63 3feb | c200 00b4 
  0x0000000118945f4c: a884 40f8 | 1f00 08eb | 6000 0054 | 4204 00d1 | 82ff ffb5 | 6100 0054 | 8010 00f9 | e503 1faa 
  0x0000000118945f6c: c59f ffb4 

  0x0000000118945f70: ; ImmutableOopMap {[0]=Oop [32]=Oop [48]=Oop [56]=Oop [64]=Oop [72]=Oop [80]=Oop [88]=Oop [96]=Oop }
                      ;*goto {reexecute=1 rethrow=0 return_oop=0}
                      ; - (reexecute) org.gradle.internal.service.DefaultServiceRegistry::isSatisfiedByAny@36 (line 1402)
                      ; - org.gradle.internal.service.DefaultServiceRegistry::access$1900@2 (line 90)
                      ; - org.gradle.internal.service.DefaultServiceRegistry$SingletonService::getService@20 (line 812)
                      ; - org.gradle.internal.service.DefaultServiceRegistry$OwnServices::getService@97 (line 489)
  0x0000000118945f70: 8aa7 41f9 

  0x0000000118945f74: ;   {poll}
  0x0000000118945f74: 5f01 40b9 | ea33 40f9 | 4a11 40b9 | 4bf1 7dd3 

  0x0000000118945f84: ; implicit exception: dispatches to 0x0000000118947df8
  0x0000000118945f84: 6b0d 40b9 | ec33 40f9 | 8c0d 40b9 | ec2f 00b9 | 9f01 0b6b | 2bf4 ff54 | 86fc ff17 

  0x0000000118945fa0: ;   {metadata('java/util/Arrays$ArrayItr')}
  0x0000000118945fa0: 8b03 a0d2 | 0b2b 8ff2 | 5f01 0b6b | 61d0 0054 | ea0f 40f9 | 4b11 40b9 | 6bf1 7dd3 

  0x0000000118945fbc: ; implicit exception: dispatches to 0x0000000118947d2c
  0x0000000118945fbc: 6c0d 40b9 | 4a0d 40b9 | 5f01 0c6b | 4a4f 0054 | ea03 0032 | ea2b 00b9 | b9fc ff17 

  0x0000000118945fd8: ;   {metadata('java/util/Arrays$ArrayList')}
  0x0000000118945fd8: 8a03 a0d2 | 0a9d 8ff2 | 7f01 0a6b | e1ce 0054 | 8087 40f9 | 8a8f 40f9 | 0b60 0091 | 7f01 0aeb 
  0x0000000118945ff8: 02be 0054 | ea03 40b2 | 8b87 00f9 | 0a00 00f9 

  0x0000000118946008: ;   {metadata('java/util/Arrays$ArrayItr')}
  0x0000000118946008: 8a03 a0d2 | 0a2b 8ff2 | 0a7c 0129 | 70c1 80f9 | 1f08 00f9 | ac13 40b9 | 0c10 00b9 | ea03 00aa 
  0x0000000118946028: ea0f 00f9 | 9afc ff17 

  0x0000000118946030: ;   {metadata('java/util/Arrays$ArrayList')}
  0x0000000118946030: 8a03 a0d2 | 0a9d 8ff2 | 7f01 0a6b | 61cc 0054 | ea0f 40f9 | 8087 40f9 | fd03 0aaa | 8a8f 40f9 
  0x0000000118946050: 0b60 0091 | 7f01 0aeb | a2bb 0054 | ea03 40b2 | 8b87 00f9 | 0a00 00f9 

  0x0000000118946068: ;   {metadata('java/util/Arrays$ArrayItr')}
  0x0000000118946068: 8a03 a0d2 | 0a2b 8ff2 | 0a7c 0129 | 70c1 80f9 | 1f08 00f9 | ea03 1daa | 4c11 40b9 | 0c10 00b9 
  0x0000000118946088: ea03 00aa | ea0f 00f9 | 13fe ff17 | 1f20 03d5 | 1f20 03d5 | 1f20 03d5 | 6a05 0011 | eb0f 40f9 
  0x00000001189460a8: ec2f 40b9 | 6a0d 00b9 | ec2b 0529 | 1e00 0014 

  0x00000001189460b8: ;   {metadata('java/util/Arrays$ArrayItr')}
  0x00000001189460b8: 8b03 a0d2 | 0b2b 8ff2 | 5f01 0b6b | c1c8 ff54 | ea37 40f9 | 4b11 40b9 | ea0f 00f9 | 4a0d 40b9 
  0x00000001189460d8: ea2b 00b9 

  0x00000001189460dc: ;   {metadata('java/lang/Class')}
  0x00000001189460dc: 0d00 a0d2 | 0deb 82f2 | ea0b 40b9 | 5f01 0d6b | 416a 0054 | 6af1 7dd3 | ea3b 00f9 

  0x00000001189460f8: ; implicit exception: dispatches to 0x00000001189459dc
  0x00000001189460f8: 4b0d 40b9 | ea2b 40b9 | eb17 00b9 | 5f01 0b6b | ea05 0054 | 4a05 0011 | ea2f 00b9 | ea0f 40f9 
  0x0000000118946118: ec2f 40b9 | ee33 40f9 

  0x0000000118946120: ;   {metadata('java/util/Collections$1')}
  0x0000000118946120: ad03 a0d2 | 0d3d 8df2 | 4c0d 00b9 | eb2b 40b9 | ea3b 40f9 | 4ac9 2b8b | eb17 40b9 | ec2b 40b9 
  0x0000000118946140: 9f01 0b6b | e2c1 0054 | 4a11 40b9 | 5df1 7dd3 

  0x0000000118946150: ; implicit exception: dispatches to 0x0000000118947d14
  0x0000000118946150: ab0b 40b9 | 6401 5dd2 | 8a10 40f9 

  0x000000011894615c: ;   {metadata('java/lang/reflect/Type')}
  0x000000011894615c: 0b2b 85d2 | 0b00 a0f2 | 0b01 c0f2 | 5f01 0beb | 410b 0054 | df01 1deb | eb17 9f1a | eb75 0035 
  0x000000011894617c: ; ImmutableOopMap {r14=Oop [24]=Oop [32]=Oop [48]=Oop [56]=Oop [64]=Oop [72]=Oop [80]=Oop [88]=Oop [96]=Oop [104]=Oop [112]=Oop }
                      ;*goto {reexecute=1 rethrow=0 return_oop=0}
                      ; - (reexecute) org.gradle.internal.service.DefaultServiceRegistry::isEqualToAnyType@36 (line 1393)
                      ; - org.gradle.internal.service.DefaultServiceRegistry::access$2100@2 (line 90)
                      ; - org.gradle.internal.service.DefaultServiceRegistry$FactoryService::bind@44 (line 919)
                      ; - org.gradle.internal.service.DefaultServiceRegistry$SingletonService::prepare@79 (line 789)
                      ; - org.gradle.internal.service.DefaultServiceRegistry$SingletonService::getService@29 (line 815)
                      ; - org.gradle.internal.service.DefaultServiceRegistry$OwnServices::getService@97 (line 489)
  0x000000011894617c: 8aa7 41f9 

  0x0000000118946180: ;   {poll}
  0x0000000118946180: 5f01 40b9 | ea37 40f9 | 4b09 40b9 | 7f01 0d6b | 4147 0054 | 4a31 4039 | ca00 0035 | ea2b 40f9 
  0x00000001189461a0: 4a2d 40b9 | eb2b 40f9 | 6c0d 40b9 | 16fd ff17 | ea17 40b9 | eb2f 40b9 | 7f01 0a6b | 2bf7 ff54 
  0x00000001189461c0: 0200 0014 | ea2f 00b9 | 4117 8012 

  0x00000001189461cc: ; ImmutableOopMap {[24]=Oop [32]=Oop [48]=Oop [56]=Oop [64]=Oop [72]=Oop [80]=Oop [88]=Oop [96]=Oop }
                      ;*if_icmplt {reexecute=1 rethrow=0 return_oop=0}
                      ; - (reexecute) java.util.Arrays$ArrayItr::next@11 (line 4244)
                      ; - org.gradle.internal.service.DefaultServiceRegistry::isEqualToAnyType@17 (line 1389)
                      ; - org.gradle.internal.service.DefaultServiceRegistry::access$2100@2 (line 90)
                      ; - org.gradle.internal.service.DefaultServiceRegistry$FactoryService::bind@44 (line 919)
                      ; - org.gradle.internal.service.DefaultServiceRegistry$SingletonService::prepare@79 (line 789)
                      ; - org.gradle.internal.service.DefaultServiceRegistry$SingletonService::getService@29 (line 815)
                      ; - org.gradle.internal.service.DefaultServiceRegistry$OwnServices::getService@97 (line 489)
                      ;   {runtime_call UncommonTrapBlob}
  0x00000001189461cc: ada5 de97 

  0x00000001189461d0: ;   {metadata('java/util/Arrays$ArrayItr')}
  0x00000001189461d0: 8a03 a0d2 | 0a2b 8ff2 | 7f01 0a6b | a1c0 0054 | ea37 40f9 | 4b11 40b9 | 6bf1 7dd3 

  0x00000001189461ec: ; implicit exception: dispatches to 0x0000000118947d34
  0x00000001189461ec: 6c0d 40b9 | 4a0d 40b9 | 5f01 0c6b | ea42 0054 | eb03 0032 | fcfc ff17 

  0x0000000118946204: ;   {metadata('java/lang/reflect/ParameterizedType')}
  0x0000000118946204: 00c5 99d2 | a020 a0f2 | 0001 c0f2 | 8514 40f9 | a200 40b9 | a520 0091 | ff63 3feb | c200 00b4 
  0x0000000118946224: a884 40f8 | 1f00 08eb | 6000 0054 | 4204 00d1 | 82ff ffb5 | 6100 0054 | 8010 00f9 | e503 1faa 
  0x0000000118946244: e5d3 ffb4 

  0x0000000118946248: ;   {metadata('java/lang/Class')}
  0x0000000118946248: 0c00 a0d2 | 0ceb 82f2 | 5f01 0c6b | 81d9 ff54 | ea03 0baa | ea17 00f9 | ea07 40f9 

  0x0000000118946264: ; implicit exception: dispatches to 0x0000000118947d7c
  0x0000000118946264: 4a15 40b9 | eb17 40f9 | 6409 40f9 | e4bf 00b4 | 8bc8 6af8 | ec07 40f9 | 9f01 0beb | 2087 ff54 
  0x0000000118946284: 5f81 0071 | e1d7 ff54 | 9f00 0ceb | a086 ff54 | e003 0caa | 8514 40f9 | a200 40b9 | a520 0091 
  0x00000001189462a4: ff63 3feb | c200 00b4 | a884 40f8 | 1f00 08eb | 6000 0054 | 4204 00d1 | 82ff ffb5 | 6100 0054 
  0x00000001189462c4: 8010 00f9 | e503 1faa | c5d5 ffb5 | 25fc ff17 

  0x00000001189462d4: ;   {metadata('java/lang/reflect/Type')}
  0x00000001189462d4: 002b 85d2 | 0000 a0f2 | 0001 c0f2 | 8514 40f9 | a200 40b9 | a520 0091 | ff63 3feb | c200 00b4 
  0x00000001189462f4: a884 40f8 | 1f00 08eb | 6000 0054 | 4204 00d1 | 82ff ffb5 | 6100 0054 | 8010 00f9 | e503 1faa 
  0x0000000118946314: e5f2 ffb4 | 2104 8012 

  0x000000011894631c: ; ImmutableOopMap {rfp=Oop [32]=Oop [48]=Oop [56]=Oop [64]=Oop [72]=Oop [80]=Oop [88]=Oop [96]=Oop }
                      ;*checkcast {reexecute=0 rethrow=0 return_oop=0}
                      ; - org.gradle.internal.service.DefaultServiceRegistry::isEqualToAnyType@22 (line 1389)
                      ; - org.gradle.internal.service.DefaultServiceRegistry::access$2100@2 (line 90)
                      ; - org.gradle.internal.service.DefaultServiceRegistry$FactoryService::bind@44 (line 919)
                      ; - org.gradle.internal.service.DefaultServiceRegistry$SingletonService::prepare@79 (line 789)
                      ; - org.gradle.internal.service.DefaultServiceRegistry$SingletonService::getService@29 (line 815)
                      ; - org.gradle.internal.service.DefaultServiceRegistry$OwnServices::getService@97 (line 489)
                      ;   {runtime_call UncommonTrapBlob}
  0x000000011894631c: 59a5 de97 

  0x0000000118946320: ;   {metadata('sun/reflect/generics/reflectiveObjects/ParameterizedTypeImpl')}
  0x0000000118946320: ac20 a0d2 | 0c75 9ff2 | 5f01 0c6b | 81b5 ff54 | ea03 0baa | ea17 00f9 | ea0f 40f9 | 4b11 40b9 
  0x0000000118946340: 7df1 7dd3 | adbb 0034 | 5f31 0039 

  0x000000011894634c: ; implicit exception: dispatches to 0x0000000118947d14
  0x000000011894634c: aa0b 40b9 | 4401 5dd2 | 8a10 40f9 

  0x0000000118946358: ;   {metadata('java/lang/reflect/Type')}
  0x0000000118946358: 0b2b 85d2 | 0b00 a0f2 | 0b01 c0f2 | 5f01 0beb | 2143 0054 | ab0b 40b9 | 6401 5dd2 | 8a10 40f9 
  0x0000000118946378: ;   {metadata('java/lang/reflect/ParameterizedType')}
  0x0000000118946378: 0bc5 99d2 | ab20 a0f2 | 0b01 c0f2 | 5f01 0beb | 2105 0054 | ea03 1daa | fd03 0aaa | ea17 40f9 
  0x0000000118946398: 5f01 1deb | 000a 0054 | e103 1daa | e9ff 9fd2 | e9ff bff2 | e9ff dff2 

  0x00000001189463b0: ; ImmutableOopMap {rfp=Oop [24]=Oop [32]=Oop [40]=Oop [48]=Oop [56]=Oop [64]=Oop [72]=Oop [80]=Oop [88]=Oop [96]=Oop [104]=Oop }
                      ;*invokeinterface getOwnerType {reexecute=0 rethrow=0 return_oop=1}
                      ; - sun.reflect.generics.reflectiveObjects.ParameterizedTypeImpl::equals@20 (line 175)
                      ; - org.gradle.internal.service.DefaultServiceRegistry::isEqualToAnyType@28 (line 1390)
                      ; - org.gradle.internal.service.DefaultServiceRegistry::access$2100@2 (line 90)
                      ; - org.gradle.internal.service.DefaultServiceRegistry$FactoryService::bind@44 (line 919)
                      ; - org.gradle.internal.service.DefaultServiceRegistry$SingletonService::prepare@79 (line 789)
                      ; - org.gradle.internal.service.DefaultServiceRegistry$SingletonService::getService@29 (line 815)
                      ; - org.gradle.internal.service.DefaultServiceRegistry$OwnServices::getService@97 (line 489)
                      ;   {virtual_call}
  0x00000001189463b0: 948b de97 | e03b 00f9 | e103 1daa | e9ff 9fd2 | e9ff bff2 | e9ff dff2 

  0x00000001189463c8: ; ImmutableOopMap {rfp=Oop [24]=Oop [32]=Oop [40]=Oop [48]=Oop [56]=Oop [64]=Oop [72]=Oop [80]=Oop [88]=Oop [96]=Oop [104]=Oop [112]=Oop }
                      ;*invokeinterface getRawType {reexecute=0 rethrow=0 return_oop=1}
                      ; - sun.reflect.generics.reflectiveObjects.ParameterizedTypeImpl::equals@27 (line 176)
                      ; - org.gradle.internal.service.DefaultServiceRegistry::isEqualToAnyType@28 (line 1390)
                      ; - org.gradle.internal.service.DefaultServiceRegistry::access$2100@2 (line 90)
                      ; - org.gradle.internal.service.DefaultServiceRegistry$FactoryService::bind@44 (line 919)
                      ; - org.gradle.internal.service.DefaultServiceRegistry$SingletonService::prepare@79 (line 789)
                      ; - org.gradle.internal.service.DefaultServiceRegistry$SingletonService::getService@29 (line 815)
                      ; - org.gradle.internal.service.DefaultServiceRegistry$OwnServices::getService@97 (line 489)
                      ;   {virtual_call}
  0x00000001189463c8: 8e8b de97 | ea17 40f9 | 4b15 40b9 | 61f1 7dd3 | ea3b 40f9 | e03f 00f9 | 3f00 0aeb | 0001 0054 
  0x00000001189463e8: 61b8 00b4 | e203 0aaa | e9ff 9fd2 | e9ff bff2 | e9ff dff2 

  0x00000001189463fc: ; ImmutableOopMap {rfp=Oop [24]=Oop [32]=Oop [40]=Oop [48]=Oop [56]=Oop [64]=Oop [72]=Oop [80]=Oop [88]=Oop [96]=Oop [104]=Oop [120]=Oop }
                      ;*invokevirtual equals {reexecute=0 rethrow=0 return_oop=0}
                      ; - java.util.Objects::equals@11 (line 64)
                      ; - sun.reflect.generics.reflectiveObjects.ParameterizedTypeImpl::equals@39 (line 198)
                      ; - org.gradle.internal.service.DefaultServiceRegistry::isEqualToAnyType@28 (line 1390)
                      ; - org.gradle.internal.service.DefaultServiceRegistry::access$2100@2 (line 90)
                      ; - org.gradle.internal.service.DefaultServiceRegistry$FactoryService::bind@44 (line 919)
                      ; - org.gradle.internal.service.DefaultServiceRegistry$SingletonService::prepare@79 (line 789)
                      ; - org.gradle.internal.service.DefaultServiceRegistry$SingletonService::getService@29 (line 815)
                      ; - org.gradle.internal.service.DefaultServiceRegistry$OwnServices::getService@97 (line 489)
                      ;   {virtual_call}
  0x00000001189463fc: 818b de97 | 8003 0034 | ea17 40f9 | 4b11 40b9 | 6af1 7dd3 | ec3f 40f9 | 5f01 0ceb | 8004 0054 
  0x000000011894641c: 2ab8 00b4 | 5f01 0ceb | 2004 0054 | 1200 0014 

  0x000000011894642c: ;   {metadata('java/lang/reflect/ParameterizedType')}
  0x000000011894642c: 00c5 99d2 | a020 a0f2 | 0001 c0f2 | 8514 40f9 | a200 40b9 | a520 0091 | ff63 3feb | c200 00b4 
  0x000000011894644c: a884 40f8 | 1f00 08eb | 6000 0054 | 4204 00d1 | 82ff ffb5 | 6100 0054 | 8010 00f9 | e503 1faa 
  0x000000011894646c: 05f9 ffb4 

  0x0000000118946470: ; ImmutableOopMap {[24]=Oop [32]=Oop [40]=Oop [48]=Oop [56]=Oop [64]=Oop [72]=Oop [80]=Oop [88]=Oop [96]=Oop [104]=Oop }
                      ;*goto {reexecute=1 rethrow=0 return_oop=0}
                      ; - (reexecute) org.gradle.internal.service.DefaultServiceRegistry::isEqualToAnyType@36 (line 1393)
                      ; - org.gradle.internal.service.DefaultServiceRegistry::access$2100@2 (line 90)
                      ; - org.gradle.internal.service.DefaultServiceRegistry$FactoryService::bind@44 (line 919)
                      ; - org.gradle.internal.service.DefaultServiceRegistry$SingletonService::prepare@79 (line 789)
                      ; - org.gradle.internal.service.DefaultServiceRegistry$SingletonService::getService@29 (line 815)
                      ; - org.gradle.internal.service.DefaultServiceRegistry$OwnServices::getService@97 (line 489)
  0x0000000118946470: 8aa7 41f9 

  0x0000000118946474: ;   {poll}
  0x0000000118946474: 5f01 40b9 | ea37 40f9 | 4a09 40b9 

  0x0000000118946480: ;   {metadata('java/util/Collections$1')}
  0x0000000118946480: ac03 a0d2 | 0c3d 8df2 | 5f01 0c6b | 017e 0054 | ea37 40f9 | 4b31 4039 | eb8a ff34 | ea0f 40f9 
  0x00000001189464a0: 4d31 4039 | a5ff ff17 | ea17 40f9 | 4b0d 40b9 | 6af1 7dd3 | ea3b 00f9 | e103 1daa | e9ff 9fd2 
  0x00000001189464c0: e9ff bff2 | e9ff dff2 

  0x00000001189464c8: ; ImmutableOopMap {[24]=Oop [32]=Oop [40]=Oop [48]=Oop [56]=Oop [64]=Oop [72]=Oop [80]=Oop [88]=Oop [96]=Oop [104]=Oop [112]=Oop }
                      ;*invokeinterface getActualTypeArguments {reexecute=0 rethrow=0 return_oop=1}
                      ; - sun.reflect.generics.reflectiveObjects.ParameterizedTypeImpl::equals@62 (line 201)
                      ; - org.gradle.internal.service.DefaultServiceRegistry::isEqualToAnyType@28 (line 1390)
                      ; - org.gradle.internal.service.DefaultServiceRegistry::access$2100@2 (line 90)
                      ; - org.gradle.internal.service.DefaultServiceRegistry$FactoryService::bind@44 (line 919)
                      ; - org.gradle.internal.service.DefaultServiceRegistry$SingletonService::prepare@79 (line 789)
                      ; - org.gradle.internal.service.DefaultServiceRegistry$SingletonService::getService@29 (line 815)
                      ; - org.gradle.internal.service.DefaultServiceRegistry$OwnServices::getService@97 (line 489)
                      ;   {virtual_call}
  0x00000001189464c8: 4e8b de97 | e13b 40f9 | e203 00aa 

  0x00000001189464d4: ; ImmutableOopMap {[24]=Oop [32]=Oop [40]=Oop [48]=Oop [56]=Oop [64]=Oop [72]=Oop [80]=Oop [88]=Oop [96]=Oop [104]=Oop }
                      ;*invokestatic equals {reexecute=0 rethrow=0 return_oop=0}
                      ; - sun.reflect.generics.reflectiveObjects.ParameterizedTypeImpl::equals@67 (line 200)
                      ; - org.gradle.internal.service.DefaultServiceRegistry::isEqualToAnyType@28 (line 1390)
                      ; - org.gradle.internal.service.DefaultServiceRegistry::access$2100@2 (line 90)
                      ; - org.gradle.internal.service.DefaultServiceRegistry$FactoryService::bind@44 (line 919)
                      ; - org.gradle.internal.service.DefaultServiceRegistry$SingletonService::prepare@79 (line 789)
                      ; - org.gradle.internal.service.DefaultServiceRegistry$SingletonService::getService@29 (line 815)
                      ; - org.gradle.internal.service.DefaultServiceRegistry$OwnServices::getService@97 (line 489)
                      ;   {static_call}
  0x00000001189464d4: 0b8c de97 | c0fc ff34 | ea2b 40f9 | 4a0d 40b9 | eb2b 40f9 | 6c2d 40b9 | ed0b 40b9 | a401 5dd2 
  0x00000001189464f4: 8cf1 7dd3 | 8b10 40f9 | 4af1 7dd3 | ec0f 00f9 

  0x0000000118946504: ; implicit exception: dispatches to 0x0000000118947d4c
  0x0000000118946504: 4a19 40b9 | 4af1 7dd3 | ea17 00f9 

  0x0000000118946510: ;   {metadata('java/lang/reflect/ParameterizedType')}
  0x0000000118946510: 0ac5 99d2 | aa20 a0f2 | 0a01 c0f2 | 7f01 0aeb | 412c 0054 

  0x0000000118946524: ;   {metadata('sun/reflect/generics/reflectiveObjects/ParameterizedTypeImpl')}
  0x0000000118946524: ac20 a0d2 | 0c75 9ff2 | bf01 0c6b | 61b7 0054 | ea33 40f9 | ea37 00f9 | 4a11 40b9 | 4af1 7dd3 
  0x0000000118946544: ea3b 00f9 

  0x0000000118946548: ; implicit exception: dispatches to 0x0000000118947d64
  0x0000000118946548: 4b09 40b9 

  0x000000011894654c: ;   {metadata('java/lang/Class')}
  0x000000011894654c: 0a00 a0d2 | 0aeb 82f2 | 7f01 0a6b | 21a8 0054 | ea3b 40f9 

  0x0000000118946560: ;   {oop(a 'java/lang/Class'{0x00000007008ea358} = 'org/gradle/internal/Factory')}
  0x0000000118946560: 0b6b 94d2 | cb11 a0f2 | eb00 c0f2 | 4009 40f9 | ea3b 00f9 | 5f01 0beb | a0a6 0054 

  0x000000011894657c: ; implicit exception: dispatches to 0x0000000118947d6c
  0x000000011894657c: 0b14 40b9 

  0x0000000118946580: ;   {metadata('java/util/List')}
  0x0000000118946580: 0ac1 9dd2 | ca00 a0f2 | 0a01 c0f2 | 4ac9 6bf8 | 1f00 0aeb | 0134 0054 | ea37 40f9 | 4b0d 40b9 
  0x00000001189465a0: 6ef1 7dd3 

  0x00000001189465a4: ; implicit exception: dispatches to 0x0000000118947d74
  0x00000001189465a4: cb0d 40b9 | 6a7d 7e93 | 4a5d 0091 | cd09 40b9 | 5df1 7d92 | eb0b 00b9 | 7f01 4171 | 0893 0054 
  0x00000001189465c4: 8a87 40f9 | 8c8f 40f9 | 4b01 1d8b | 7f01 0ceb | 6292 0054 | ec03 40b2 | 8b87 00f9 | 4c01 00f9 
  0x00000001189465e4: 70c1 80f9 | 4d09 00b9 | 7001 81f9 | ed0b 40b9 | 4d0d 00b9 | 7041 81f9 | ab43 00d1 | 62fd 43d3 
  0x0000000118946604: ea37 00f9 | 4a41 0091 | f303 0aaa | e103 0aaa | c041 0091 

  0x0000000118946618: ;   {runtime_call StubRoutines (2)}
  0x0000000118946618: 4a38 de97 | eb0b 40b9 | 7f01 0071 | 09a2 0054 | ea03 13aa | 4b01 40b9 | 61f1 7dd3 | e20f 40f9 
  0x0000000118946638: e317 40f9 

  0x000000011894663c: ; ImmutableOopMap {[32]=Oop [48]=Oop [56]=Oop [64]=Oop [72]=Oop [80]=Oop [88]=Oop [96]=Oop }
                      ;*invokestatic getCollectionService {reexecute=0 rethrow=0 return_oop=1}
                      ; - org.gradle.internal.service.DefaultServiceRegistry::find@83 (line 1289)
                      ; - org.gradle.internal.service.DefaultServiceRegistry::access$2300@3 (line 90)
                      ; - org.gradle.internal.service.DefaultServiceRegistry$FactoryService::bind@62 (line 921)
                      ; - org.gradle.internal.service.DefaultServiceRegistry$SingletonService::prepare@79 (line 789)
                      ; - org.gradle.internal.service.DefaultServiceRegistry$SingletonService::getService@29 (line 815)
                      ; - org.gradle.internal.service.DefaultServiceRegistry$OwnServices::getService@97 (line 489)
                      ;   {static_call}
  0x000000011894663c: b18b de97 | e017 00f9 | ea2b 40f9 | 4b31 40b9 | 7df1 7dd3 | ea03 40f9 | aa03 0a8b | eb17 40f9 
  0x000000011894665c: ; implicit exception: dispatches to 0x0000000118947d54
  0x000000011894665c: 6b09 40b9 

  0x0000000118946660: ; implicit exception: dispatches to 0x0000000118947d5c
  0x0000000118946660: ad0f 40b9 | 5541 0091 | ac0b 40b9 | ea83 40b9 | 5f01 0d6b | 429e 0054 

  0x0000000118946678: ;   {metadata('org/gradle/internal/service/Service'[])}
  0x0000000118946678: 4a20 a0d2 | 0a7f 9ef2 | 9f01 0a6b | 019e 0054 

  0x0000000118946688: ;   {metadata('org/gradle/internal/service/DefaultServiceRegistry$FactoryMethodService')}
  0x0000000118946688: 4a20 a0d2 | 0ab3 9cf2 | 7f01 0a6b | 01ac 0054 | 8ae3 c039 | ea81 0035 | ea17 40f9 | f403 0aaa 
  0x00000001189466a8: ea03 15aa | eb03 14aa | 6b01 0aca | 93fe 43d3 | 6bfd 55d3 | b302 00b9 | 0b01 00b4 | 4afd 49d3 
  0x00000001189466c8: 0b80 a0d2 | 2b00 c0f2 | 6001 0a8b | 0a00 c039 | 5f11 0071 | c182 0054 | 8be3 c039 | 0b81 0035 
  0x00000001189466e8: ea2b 40f9 | eb03 14aa | 6b01 0aca | 6bfd 55d3 | ec2b 40f9 | 9335 00b9 | 2b89 ffb4 | 4afd 49d3 
  0x0000000118946708: 0b80 a0d2 | 2b00 c0f2 | 6001 0a8b | 0b00 c039 | 7f11 0071 | 4088 ff54 | 8a2b 40f9 | 8b23 40f9 
  0x0000000118946728: bf3b 03d5 | 0d00 c039 | ad87 ff34 | 1f00 0039 | 2b01 00b5 | e103 1caa | c900 0010 | 894f 01f9 
  0x0000000118946748: ;   {runtime_call G1BarrierSetRuntime::write_ref_field_post_entry(unsigned char volatile*, JavaThread*)}
  0x0000000118946748: 0855 93d2 | c806 a1f2 | 2800 c0f2 | 0001 3fd6 | 33fc ff17 | 6c21 00d1 | 4a01 0b8b | 4081 1ff8 
  0x0000000118946768: 8c23 00f9 | 2efc ff17 | ea03 1f2a | ea17 00b9 | 62fc ff17 

  0x000000011894677c: ;   {metadata('java/lang/reflect/Type')}
  0x000000011894677c: 002b 85d2 | 0000 a0f2 | 0001 c0f2 | 8514 40f9 | a200 40b9 | a520 0091 | ff63 3feb | c200 00b4 
  0x000000011894679c: a884 40f8 | 1f00 08eb | 6000 0054 | 4204 00d1 | 82ff ffb5 | 6100 0054 | 8010 00f9 | e503 1faa 
  0x00000001189467bc: 05b6 ffb4 | f6fc ff17 | e30f 40f9 | e117 40f9 | e237 40f9 | e9ff 9fd2 | e9ff bff2 | e9ff dff2 
  0x00000001189467dc: ; ImmutableOopMap {[32]=Oop [48]=Oop [56]=Oop [64]=Oop [72]=Oop [80]=Oop [88]=Oop [96]=Oop }
                      ;*invokeinterface getService {reexecute=0 rethrow=0 return_oop=1}
                      ; - org.gradle.internal.service.DefaultServiceRegistry::find@121 (line 1297)
                      ; - org.gradle.internal.service.DefaultServiceRegistry::access$2300@3 (line 90)
                      ; - org.gradle.internal.service.DefaultServiceRegistry$FactoryService::bind@153 (line 934)
                      ; - org.gradle.internal.service.DefaultServiceRegistry$SingletonService::prepare@79 (line 789)
                      ; - org.gradle.internal.service.DefaultServiceRegistry$SingletonService::getService@29 (line 815)
                      ; - org.gradle.internal.service.DefaultServiceRegistry$OwnServices::getService@97 (line 489)
                      ;   {virtual_call}
  0x00000001189467dc: 898a de97 | c8fc ff17 

  0x00000001189467e4: ;   {metadata('sun/reflect/generics/reflectiveObjects/ParameterizedTypeImpl')}
  0x00000001189467e4: ac20 a0d2 | 0c75 9ff2 | 5f01 0c6b | 018e 0054 | ea1f 40f9 | ea03 00f9 | ea03 1daa | 4b11 40b9 
  0x0000000118946804: 6af1 7dd3 | ea07 00f9 | ea2f 40b9 | 0a83 0034 | ea03 1daa | 5f31 0039 | ea07 40f9 

  0x0000000118946820: ; implicit exception: dispatches to 0x0000000118947c78
  0x0000000118946820: 4a09 40b9 | 4401 5dd2 | 8a10 40f9 

  0x000000011894682c: ;   {metadata('java/lang/reflect/Type')}
  0x000000011894682c: 0b2b 85d2 | 0b00 a0f2 | 0b01 c0f2 | 5f01 0beb | 6127 0054 | ea07 40f9 | 4b09 40b9 | 6401 5dd2 
  0x000000011894684c: ea17 00f9 | 8a10 40f9 

  0x0000000118946854: ;   {metadata('java/lang/reflect/ParameterizedType')}
  0x0000000118946854: 0bc5 99d2 | ab20 a0f2 | 0b01 c0f2 | 5f01 0beb | 2105 0054 | ea17 40f9 | ea07 00f9 | ea2f 40a9 
  0x0000000118946874: 5f01 0beb | 6057 ff54 | e103 0baa | 0975 9fd2 | a920 a0f2 | 0901 c0f2 

  0x000000011894688c: ; ImmutableOopMap {rfp=Oop [0]=Oop [8]=Oop [24]=Oop [32]=Oop [40]=Oop [48]=Oop [56]=Oop [64]=Oop [72]=Oop [80]=Oop [88]=Oop }
                      ;*invokeinterface getOwnerType {reexecute=0 rethrow=0 return_oop=1}
                      ; - sun.reflect.generics.reflectiveObjects.ParameterizedTypeImpl::equals@20 (line 175)
                      ; - org.gradle.internal.service.DefaultServiceRegistry::isSatisfiedBy@2 (line 1407)
                      ; - org.gradle.internal.service.DefaultServiceRegistry::isSatisfiedByAny@28 (line 1399)
                      ; - org.gradle.internal.service.DefaultServiceRegistry::access$1900@2 (line 90)
                      ; - org.gradle.internal.service.DefaultServiceRegistry$SingletonService::getService@20 (line 812)
                      ; - org.gradle.internal.service.DefaultServiceRegistry$OwnServices::getService@97 (line 489)
                      ;   {virtual_call}
  0x000000011894688c: 9d86 f997 | e00b 00f9 | e107 40f9 | 0975 9fd2 | a920 a0f2 | 0901 c0f2 

  0x00000001189468a4: ; ImmutableOopMap {rfp=Oop [0]=Oop [8]=Oop [16]=Oop [24]=Oop [32]=Oop [40]=Oop [48]=Oop [56]=Oop [64]=Oop [72]=Oop [80]=Oop [88]=Oop }
                      ;*invokeinterface getRawType {reexecute=0 rethrow=0 return_oop=1}
                      ; - sun.reflect.generics.reflectiveObjects.ParameterizedTypeImpl::equals@27 (line 176)
                      ; - org.gradle.internal.service.DefaultServiceRegistry::isSatisfiedBy@2 (line 1407)
                      ; - org.gradle.internal.service.DefaultServiceRegistry::isSatisfiedByAny@28 (line 1399)
                      ; - org.gradle.internal.service.DefaultServiceRegistry::access$1900@2 (line 90)
                      ; - org.gradle.internal.service.DefaultServiceRegistry$SingletonService::getService@20 (line 812)
                      ; - org.gradle.internal.service.DefaultServiceRegistry$OwnServices::getService@97 (line 489)
                      ;   {virtual_call}
  0x00000001189468a4: 9795 0a94 | ea03 40f9 | 4b15 40b9 | 61f1 7dd3 | ea0b 40f9 | e033 00f9 | 3f00 0aeb | 0001 0054 
  0x00000001189468c4: e193 00b4 | e203 0aaa | e9ff 9fd2 | e9ff bff2 | e9ff dff2 

  0x00000001189468d8: ; ImmutableOopMap {rfp=Oop [0]=Oop [8]=Oop [24]=Oop [32]=Oop [40]=Oop [48]=Oop [56]=Oop [64]=Oop [72]=Oop [80]=Oop [88]=Oop [96]=Oop }
                      ;*invokevirtual equals {reexecute=0 rethrow=0 return_oop=0}
                      ; - java.util.Objects::equals@11 (line 64)
                      ; - sun.reflect.generics.reflectiveObjects.ParameterizedTypeImpl::equals@39 (line 198)
                      ; - org.gradle.internal.service.DefaultServiceRegistry::isSatisfiedBy@2 (line 1407)
                      ; - org.gradle.internal.service.DefaultServiceRegistry::isSatisfiedByAny@28 (line 1399)
                      ; - org.gradle.internal.service.DefaultServiceRegistry::access$1900@2 (line 90)
                      ; - org.gradle.internal.service.DefaultServiceRegistry$SingletonService::getService@20 (line 812)
                      ; - org.gradle.internal.service.DefaultServiceRegistry$OwnServices::getService@97 (line 489)
                      ;   {virtual_call}
  0x00000001189468d8: 4a8a de97 | 8003 0034 | ea03 40f9 | 4b11 40b9 | 6af1 7dd3 | ec33 40f9 | 5f01 0ceb | 2004 0054 
  0x00000001189468f8: 2a94 00b4 | 5f01 0ceb | c003 0054 | 1200 0014 

  0x0000000118946908: ;   {metadata('java/lang/reflect/ParameterizedType')}
  0x0000000118946908: 00c5 99d2 | a020 a0f2 | 0001 c0f2 | 8514 40f9 | a200 40b9 | a520 0091 | ff63 3feb | c200 00b4 
  0x0000000118946928: a884 40f8 | 1f00 08eb | 6000 0054 | 4204 00d1 | 82ff ffb5 | 6100 0054 | 8010 00f9 | e503 1faa 
  0x0000000118946948: 05f9 ffb4 | e103 40f9 | e217 40f9 

  0x0000000118946954: ; ImmutableOopMap {rfp=Oop [0]=Oop [24]=Oop [32]=Oop [48]=Oop [56]=Oop [64]=Oop [72]=Oop [80]=Oop [88]=Oop }
                      ;*invokestatic isSatisfiedBy {reexecute=0 rethrow=0 return_oop=0}
                      ; - org.gradle.internal.service.DefaultServiceRegistry::isSatisfiedBy@38 (line 1414)
                      ; - org.gradle.internal.service.DefaultServiceRegistry::isSatisfiedByAny@28 (line 1399)
                      ; - org.gradle.internal.service.DefaultServiceRegistry::access$1900@2 (line 90)
                      ; - org.gradle.internal.service.DefaultServiceRegistry$SingletonService::getService@20 (line 812)
                      ; - org.gradle.internal.service.DefaultServiceRegistry$OwnServices::getService@97 (line 489)
                      ;   {static_call}
  0x0000000118946954: 1b07 0094 | 6050 ff35 

  0x000000011894695c: ; ImmutableOopMap {rfp=Oop [0]=Oop [24]=Oop [32]=Oop [48]=Oop [56]=Oop [64]=Oop [72]=Oop [80]=Oop [88]=Oop }
                      ;*goto {reexecute=1 rethrow=0 return_oop=0}
                      ; - (reexecute) org.gradle.internal.service.DefaultServiceRegistry::isSatisfiedByAny@36 (line 1402)
                      ; - org.gradle.internal.service.DefaultServiceRegistry::access$1900@2 (line 90)
                      ; - org.gradle.internal.service.DefaultServiceRegistry$SingletonService::getService@20 (line 812)
                      ; - org.gradle.internal.service.DefaultServiceRegistry$OwnServices::getService@97 (line 489)
  0x000000011894695c: 8aa7 41f9 

  0x0000000118946960: ;   {poll}
  0x0000000118946960: 5f01 40b9 | ea03 1daa | 4a31 4039 | ea2f 00b9 | 6af4 ff35 | 10fa ff17 | ea03 40f9 | 4b0d 40b9 
  0x0000000118946980: 6af1 7dd3 | ea0b 00f9 | e107 40f9 | 0975 9fd2 | a920 a0f2 | 0901 c0f2 

  0x0000000118946998: ; ImmutableOopMap {rfp=Oop [0]=Oop [16]=Oop [24]=Oop [32]=Oop [40]=Oop [48]=Oop [56]=Oop [64]=Oop [72]=Oop [80]=Oop [88]=Oop }
                      ;*invokeinterface getActualTypeArguments {reexecute=0 rethrow=0 return_oop=1}
                      ; - sun.reflect.generics.reflectiveObjects.ParameterizedTypeImpl::equals@62 (line 201)
                      ; - org.gradle.internal.service.DefaultServiceRegistry::isSatisfiedBy@2 (line 1407)
                      ; - org.gradle.internal.service.DefaultServiceRegistry::isSatisfiedByAny@28 (line 1399)
                      ; - org.gradle.internal.service.DefaultServiceRegistry::access$1900@2 (line 90)
                      ; - org.gradle.internal.service.DefaultServiceRegistry$SingletonService::getService@20 (line 812)
                      ; - org.gradle.internal.service.DefaultServiceRegistry$OwnServices::getService@97 (line 489)
                      ;   {virtual_call}
  0x0000000118946998: 2acc 1394 | e10b 40f9 | e203 00aa 

  0x00000001189469a4: ; ImmutableOopMap {rfp=Oop [0]=Oop [24]=Oop [32]=Oop [40]=Oop [48]=Oop [56]=Oop [64]=Oop [72]=Oop [80]=Oop [88]=Oop }
                      ;*invokestatic equals {reexecute=0 rethrow=0 return_oop=0}
                      ; - sun.reflect.generics.reflectiveObjects.ParameterizedTypeImpl::equals@67 (line 200)
                      ; - org.gradle.internal.service.DefaultServiceRegistry::isSatisfiedBy@2 (line 1407)
                      ; - org.gradle.internal.service.DefaultServiceRegistry::isSatisfiedByAny@28 (line 1399)
                      ; - org.gradle.internal.service.DefaultServiceRegistry::access$1900@2 (line 90)
                      ; - org.gradle.internal.service.DefaultServiceRegistry$SingletonService::getService@20 (line 812)
                      ; - org.gradle.internal.service.DefaultServiceRegistry$OwnServices::getService@97 (line 489)
                      ;   {static_call}
  0x00000001189469a4: 2743 fb97 | 20fd ff34 | 6efa ff17 | eb03 1f2a | eb2b 00b9 | 40fa ff17 | ae88 0035 

  0x00000001189469c0: ;   {oop(a 'java/lang/Object'[0] {0x0000000700090798})}
  0x00000001189469c0: 0bf3 80d2 | 2b01 a0f2 | eb00 c0f2 | ea03 14aa | 6b01 0aca 

  0x00000001189469d4: ;   {oop(a 'java/lang/Object'[0] {0x0000000700090798})}
  0x00000001189469d4: 2c00 bcd2 | 6c1e 84f2 | 6bfd 55d3 | 8c16 00b9 | 6b31 ffb4 | 4afd 49d3 | 0b80 a0d2 | 2b00 c0f2 
  0x00000001189469f4: 6001 0a8b | 0b00 c039 | 7f11 0071 | 8030 ff54 | 8a23 40f9 | 8b2b 40f9 | bf3b 03d5 | 0d00 c039 
  0x0000000118946a14: ed2f ff34 | 1f00 0039 | 2a01 00b5 | e103 1caa | c900 0010 | 894f 01f9 

  0x0000000118946a2c: ;   {runtime_call G1BarrierSetRuntime::write_ref_field_post_entry(unsigned char volatile*, JavaThread*)}
  0x0000000118946a2c: 0855 93d2 | c806 a1f2 | 2800 c0f2 | 0001 3fd6 | 75f9 ff17 | 4c21 00d1 | 6a01 0a8b | 4081 1ff8 
  0x0000000118946a4c: 8c23 00f9 | 70f9 ff17 | eb03 1f2a | e6fa ff17 | e21b 40f9 | 09fe 88d2 | 89b6 a7f2 | 2900 c0f2 
  0x0000000118946a6c: ; ImmutableOopMap {[32]=Oop [48]=Oop [56]=Oop [64]=Oop [72]=Oop [80]=Oop }
                      ;*invokeinterface contains {reexecute=0 rethrow=0 return_oop=0}
                      ; - org.gradle.internal.service.DefaultServiceRegistry$SingletonService::getService@5 (line 809)
                      ; - org.gradle.internal.service.DefaultServiceRegistry$OwnServices::getService@97 (line 489)
                      ;   {virtual_call}
  0x0000000118946a6c: 099d de97 | 203a ff34 | ebf9 ff17 

  0x0000000118946a78: ;   {metadata('java/util/Arrays$ArrayItr')}
  0x0000000118946a78: 8c03 a0d2 | 0c2b 8ff2 | 7f01 0c6b | 617b 0054 | 4c11 40b9 | 8bf1 7dd3 

  0x0000000118946a90: ; implicit exception: dispatches to 0x0000000118947d34
  0x0000000118946a90: 6b0d 40b9 | 4c0d 40b9 | 9f01 0b6b | 6a2d 0054 | ea03 0032 | bdfd ff17 

  0x0000000118946aa8: ;   {metadata('java/lang/reflect/ParameterizedType')}
  0x0000000118946aa8: 00c5 99d2 | a020 a0f2 | 0001 c0f2 | 8514 40f9 | a200 40b9 | a520 0091 | ff63 3feb | c200 00b4 
  0x0000000118946ac8: a884 40f8 | 1f00 08eb | 6000 0054 | 4204 00d1 | 82ff ffb5 | 6100 0054 | 8010 00f9 | e503 1faa 
  0x0000000118946ae8: e5d1 ffb4 

  0x0000000118946aec: ;   {metadata('java/lang/Class')}
  0x0000000118946aec: 0c00 a0d2 | 0ceb 82f2 | bf01 0c6b | 6188 0054 | ea33 40f9 | ea37 00f9 | 4a09 40f9 | 6a00 00b4 
  0x0000000118946b0c: 4b09 40b9 | eb7e f837 

  0x0000000118946b14: ; implicit exception: dispatches to 0x0000000118947dd8
  0x0000000118946b14: 4b11 40b9 | 6a01 1312 | 4a82 0035 

  0x0000000118946b20: ;   {oop(a 'java/lang/Class'{0x00000007ffd008c8} = 'java/lang/Object')}
  0x0000000118946b20: 0b19 81d2 | 0bfa bff2 | eb00 c0f2 | ea37 40f9 | 5f01 0beb | 0082 0054 | ea17 40f9 

  0x0000000118946b3c: ; implicit exception: dispatches to 0x0000000118947de0
  0x0000000118946b3c: 4a09 40b9 

  0x0000000118946b40: ;   {metadata('org/gradle/internal/service/DefaultServiceRegistry$CompositeServiceProvider')}
  0x0000000118946b40: 0c21 a0d2 | 0c67 99f2 | 5f01 0c6b | 4150 0054 | ea17 40f9 | 4b0d 40b9 | 6af1 7dd3 | ea3b 00f9 
  0x0000000118946b60: ; implicit exception: dispatches to 0x0000000118947de8
  0x0000000118946b60: 4a0d 40b9 | ea17 00b9 | 5f01 0071 | a902 0054 | 4b05 0051 | 7f01 0a6b | 027d 0054 | fd03 1f2a 
  0x0000000118946b80: ea3b 40f9 | 4ac9 3d8b | 4b11 40b9 | 61f1 7dd3 | e30f 40f9 | e237 40f9 | e9ff 9fd2 | e9ff bff2 
  0x0000000118946ba0: e9ff dff2 

  0x0000000118946ba4: ; ImmutableOopMap {[24]=Oop [32]=Oop [48]=Oop [56]=Oop [64]=Oop [72]=Oop [80]=Oop [88]=Oop [96]=Oop [104]=Oop [112]=Oop }
                      ;*invokeinterface getService {reexecute=0 rethrow=0 return_oop=1}
                      ; - org.gradle.internal.service.DefaultServiceRegistry$CompositeServiceProvider::getService@29 (line 1200)
                      ; - org.gradle.internal.service.DefaultServiceRegistry::find@121 (line 1297)
                      ; - org.gradle.internal.service.DefaultServiceRegistry::access$2300@3 (line 90)
                      ; - org.gradle.internal.service.DefaultServiceRegistry$FactoryService::bind@62 (line 921)
                      ; - org.gradle.internal.service.DefaultServiceRegistry$SingletonService::prepare@79 (line 789)
                      ; - org.gradle.internal.service.DefaultServiceRegistry$SingletonService::getService@29 (line 815)
                      ; - org.gradle.internal.service.DefaultServiceRegistry$OwnServices::getService@97 (line 489)
                      ;   {virtual_call}
  0x0000000118946ba4: 9789 de97 | e017 00f9 | c0d4 ffb5 | bd07 0011 | eb17 40b9 | bf03 0b6b | 2bfe ff54 | ea03 1faa 
  0x0000000118946bc4: ea17 00f9 | 9ffe ff17 

  0x0000000118946bcc: ;   {metadata('java/lang/reflect/Type')}
  0x0000000118946bcc: 002b 85d2 | 0000 a0f2 | 0001 c0f2 | 8514 40f9 | a200 40b9 | a520 0091 | ff63 3feb | c200 00b4 
  0x0000000118946bec: a884 40f8 | 1f00 08eb | 6000 0054 | 4204 00d1 | 82ff ffb5 | 6100 0054 | 8010 00f9 | e503 1faa 
  0x0000000118946c0c: 05bb ffb4 | c2fd ff17 | 7f81 0071 | e102 0054 

  0x0000000118946c1c: ;   {metadata('java/util/List')}
  0x0000000118946c1c: 0ac1 9dd2 | ca00 a0f2 | 0a01 c0f2 | 1f00 0aeb | 60cb ff54 

  0x0000000118946c30: ;   {metadata('java/util/List')}
  0x0000000118946c30: 04c1 9dd2 | c400 a0f2 | 0401 c0f2 | 8514 40f9 | a200 40b9 | a520 0091 | ff63 3feb | c200 00b4 
  0x0000000118946c50: a884 40f8 | 1f00 08eb | 6000 0054 | 4204 00d1 | 82ff ffb5 | 6100 0054 | 8010 00f9 | e503 1faa 
  0x0000000118946c70: 45c9 ffb4 | e13b 40f9 

  0x0000000118946c78: ; ImmutableOopMap {[24]=Oop [32]=Oop [40]=Oop [48]=Oop [56]=Oop [64]=Oop [72]=Oop [80]=Oop [88]=Oop [96]=Oop [104]=Oop }
                      ;*invokestatic assertValidServiceType {reexecute=0 rethrow=0 return_oop=0}
                      ; - org.gradle.internal.service.DefaultServiceRegistry::find@92 (line 1291)
                      ; - org.gradle.internal.service.DefaultServiceRegistry::access$2300@3 (line 90)
                      ; - org.gradle.internal.service.DefaultServiceRegistry$FactoryService::bind@62 (line 921)
                      ; - org.gradle.internal.service.DefaultServiceRegistry$SingletonService::prepare@79 (line 789)
                      ; - org.gradle.internal.service.DefaultServiceRegistry$SingletonService::getService@29 (line 815)
                      ; - org.gradle.internal.service.DefaultServiceRegistry$OwnServices::getService@97 (line 489)
                      ;   {static_call}
  0x0000000118946c78: 228a de97 | ea17 40f9 

  0x0000000118946c80: ; implicit exception: dispatches to 0x0000000118947dd0
  0x0000000118946c80: 4a09 40b9 

  0x0000000118946c84: ;   {metadata('org/gradle/internal/service/DefaultServiceRegistry$CompositeServiceProvider')}
  0x0000000118946c84: 0c21 a0d2 | 0c67 99f2 | 5f01 0c6b | a172 0054 | e117 40f9 | e30f 40f9 | e237 40f9 

  0x0000000118946ca0: ; ImmutableOopMap {[32]=Oop [48]=Oop [56]=Oop [64]=Oop [72]=Oop [80]=Oop [88]=Oop [96]=Oop }
                      ;*invokeinterface getService {reexecute=0 rethrow=0 return_oop=1}
                      ; - org.gradle.internal.service.DefaultServiceRegistry::find@98 (line 1292)
                      ; - org.gradle.internal.service.DefaultServiceRegistry::access$2300@3 (line 90)
                      ; - org.gradle.internal.service.DefaultServiceRegistry$FactoryService::bind@62 (line 921)
                      ; - org.gradle.internal.service.DefaultServiceRegistry$SingletonService::prepare@79 (line 789)
                      ; - org.gradle.internal.service.DefaultServiceRegistry$SingletonService::getService@29 (line 815)
                      ; - org.gradle.internal.service.DefaultServiceRegistry$OwnServices::getService@97 (line 489)
                      ;   {optimized virtual_call}
  0x0000000118946ca0: 9888 de97 | e017 00f9 | 67fe ff17 | 6b02 40b9 | 60f1 7dd3 | e058 ffb4 | 8a13 40f9 | 4a5c 00b4 
  0x0000000118946cc0: 8b1b 40f9 | 4c21 00d1 | 6a01 0a8b | 4081 1ff8 | 8c13 00f9 | bffa ff17 | 8a23 40f9 | 8b2b 40f9 
  0x0000000118946ce0: bf3b 03d5 | 0d00 c039 | 2d59 ff34 | 1f00 0039 | 2a01 00b5 | e103 1caa | c900 0010 | 894f 01f9 
  0x0000000118946d00: ;   {runtime_call G1BarrierSetRuntime::write_ref_field_post_entry(unsigned char volatile*, JavaThread*)}
  0x0000000118946d00: 0855 93d2 | c806 a1f2 | 2800 c0f2 | 0001 3fd6 | bffa ff17 | 4c21 00d1 | 6a01 0a8b | 4081 1ff8 
  0x0000000118946d20: 8c23 00f9 | bafa ff17 

  0x0000000118946d28: ;   {metadata('java/lang/reflect/Type')}
  0x0000000118946d28: 002b 85d2 | 0000 a0f2 | 0001 c0f2 | 8514 40f9 | a200 40b9 | a520 0091 | ff63 3feb | c200 00b4 
  0x0000000118946d48: a884 40f8 | 1f00 08eb | 6000 0054 | 4204 00d1 | 82ff ffb5 | 6100 0054 | 8010 00f9 | e503 1faa 
  0x0000000118946d68: c5d6 ffb4 | 8bfb ff17 

  0x0000000118946d70: ;   {metadata('java/lang/reflect/ParameterizedType')}
  0x0000000118946d70: 00c5 99d2 | a020 a0f2 | 0001 c0f2 | 8514 40f9 | a200 40b9 | a520 0091 | ff63 3feb | c200 00b4 
  0x0000000118946d90: a884 40f8 | 1f00 08eb | 6000 0054 | 4204 00d1 | 82ff ffb5 | 6100 0054 | 8010 00f9 | e503 1faa 
  0x0000000118946db0: 4588 ffb4 

  0x0000000118946db4: ;   {metadata('java/lang/Class')}
  0x0000000118946db4: 0b00 a0d2 | 0beb 82f2 | 9f01 0b6b | 818d ff54 | ea17 00f9 

  0x0000000118946dc8: ; implicit exception: dispatches to 0x0000000118947d7c
  0x0000000118946dc8: aa17 40b9 | eb17 40f9 | 6409 40f9 | c464 00b4 | 8bc8 6af8 | bf03 0beb | 202c ff54 | 5f81 0071 
  0x0000000118946de8: 418c ff54 | 9f00 1deb | a02b ff54 | e003 1daa | 8514 40f9 | a200 40b9 | a520 0091 | ff63 3feb 
  0x0000000118946e08: c200 00b4 | a884 40f8 | 1f00 08eb | 6000 0054 | 4204 00d1 | 82ff ffb5 | 6100 0054 | 8010 00f9 
  0x0000000118946e28: e503 1faa | 258a ffb5 | 4df9 ff17 

  0x0000000118946e34: ;   {metadata('sun/reflect/generics/reflectiveObjects/ParameterizedTypeImpl')}
  0x0000000118946e34: ad20 a0d2 | 0d75 9ff2 | 5f01 0d6b | e15c ff54 | ea33 40f9 | ea3f 00f9 | 6af1 7dd3 | ea3b 00f9 
  0x0000000118946e54: ; implicit exception: dispatches to 0x0000000118947e00
  0x0000000118946e54: 4b0d 40b9 | eb17 00b9 | eb2b 40b9 | 4ac9 2b8b | eb17 40b9 | ec2b 40b9 | 9f01 0b6b | ea69 0054 
  0x0000000118946e74: 8c05 0011 | eb0f 40f9 | 6c0d 00b9 | ed17 40b9 | eb2b 40b9 | 7f01 0d6b | a257 0054 | 4b11 40b9 
  0x0000000118946e94: 7df1 7dd3 

  0x0000000118946e98: ; implicit exception: dispatches to 0x0000000118947d14
  0x0000000118946e98: aa0b 40b9 | 4401 5dd2 | 8a10 40f9 

  0x0000000118946ea4: ;   {metadata('java/lang/reflect/Type')}
  0x0000000118946ea4: 0b2b 85d2 | 0b00 a0f2 | 0b01 c0f2 | 5f01 0beb | e131 0054 | ab0b 40b9 | 6401 5dd2 | 8a10 40f9 
  0x0000000118946ec4: ;   {metadata('java/lang/reflect/ParameterizedType')}
  0x0000000118946ec4: 0bc5 99d2 | ab20 a0f2 | 0b01 c0f2 | 5f01 0beb | 2105 0054 | ea03 1daa | fd03 0aaa | ea3f 40f9 
  0x0000000118946ee4: 5f01 1deb | 600a 0054 | e103 1daa | e9ff 9fd2 | e9ff bff2 | e9ff dff2 

  0x0000000118946efc: ; ImmutableOopMap {rfp=Oop [24]=Oop [32]=Oop [48]=Oop [56]=Oop [64]=Oop [72]=Oop [80]=Oop [88]=Oop [96]=Oop [104]=Oop [120]=Oop }
                      ;*invokeinterface getOwnerType {reexecute=0 rethrow=0 return_oop=1}
                      ; - sun.reflect.generics.reflectiveObjects.ParameterizedTypeImpl::equals@20 (line 175)
                      ; - org.gradle.internal.service.DefaultServiceRegistry::isEqualToAnyType@28 (line 1390)
                      ; - org.gradle.internal.service.DefaultServiceRegistry::access$2100@2 (line 90)
                      ; - org.gradle.internal.service.DefaultServiceRegistry$FactoryService::bind@44 (line 919)
                      ; - org.gradle.internal.service.DefaultServiceRegistry$SingletonService::prepare@79 (line 789)
                      ; - org.gradle.internal.service.DefaultServiceRegistry$SingletonService::getService@29 (line 815)
                      ; - org.gradle.internal.service.DefaultServiceRegistry$OwnServices::getService@97 (line 489)
                      ;   {virtual_call}
  0x0000000118946efc: c188 de97 | e017 00f9 | e103 1daa | e9ff 9fd2 | e9ff bff2 | e9ff dff2 

  0x0000000118946f14: ; ImmutableOopMap {rfp=Oop [24]=Oop [32]=Oop [40]=Oop [48]=Oop [56]=Oop [64]=Oop [72]=Oop [80]=Oop [88]=Oop [96]=Oop [104]=Oop [120]=Oop }
                      ;*invokeinterface getRawType {reexecute=0 rethrow=0 return_oop=1}
                      ; - sun.reflect.generics.reflectiveObjects.ParameterizedTypeImpl::equals@27 (line 176)
                      ; - org.gradle.internal.service.DefaultServiceRegistry::isEqualToAnyType@28 (line 1390)
                      ; - org.gradle.internal.service.DefaultServiceRegistry::access$2100@2 (line 90)
                      ; - org.gradle.internal.service.DefaultServiceRegistry$FactoryService::bind@44 (line 919)
                      ; - org.gradle.internal.service.DefaultServiceRegistry$SingletonService::prepare@79 (line 789)
                      ; - org.gradle.internal.service.DefaultServiceRegistry$SingletonService::getService@29 (line 815)
                      ; - org.gradle.internal.service.DefaultServiceRegistry$OwnServices::getService@97 (line 489)
                      ;   {virtual_call}
  0x0000000118946f14: bb88 de97 | ea3f 40f9 | 4b15 40b9 | 61f1 7dd3 | ea17 40f9 | e03b 00f9 | 3f00 0aeb | 0001 0054 
  0x0000000118946f34: 0164 00b4 | e203 0aaa | e9ff 9fd2 | e9ff bff2 | e9ff dff2 

  0x0000000118946f48: ; ImmutableOopMap {rfp=Oop [24]=Oop [32]=Oop [48]=Oop [56]=Oop [64]=Oop [72]=Oop [80]=Oop [88]=Oop [96]=Oop [104]=Oop [112]=Oop [120]=Oop }
                      ;*invokevirtual equals {reexecute=0 rethrow=0 return_oop=0}
                      ; - java.util.Objects::equals@11 (line 64)
                      ; - sun.reflect.generics.reflectiveObjects.ParameterizedTypeImpl::equals@39 (line 198)
                      ; - org.gradle.internal.service.DefaultServiceRegistry::isEqualToAnyType@28 (line 1390)
                      ; - org.gradle.internal.service.DefaultServiceRegistry::access$2100@2 (line 90)
                      ; - org.gradle.internal.service.DefaultServiceRegistry$FactoryService::bind@44 (line 919)
                      ; - org.gradle.internal.service.DefaultServiceRegistry$SingletonService::prepare@79 (line 789)
                      ; - org.gradle.internal.service.DefaultServiceRegistry$SingletonService::getService@29 (line 815)
                      ; - org.gradle.internal.service.DefaultServiceRegistry$OwnServices::getService@97 (line 489)
                      ;   {virtual_call}
  0x0000000118946f48: ae88 de97 | 8003 0034 | ea3f 40f9 | 4b11 40b9 | 6af1 7dd3 | ec3b 40f9 | 5f01 0ceb | e004 0054 
  0x0000000118946f68: ca62 00b4 | 5f01 0ceb | 8004 0054 | 1200 0014 

  0x0000000118946f78: ;   {metadata('java/lang/reflect/ParameterizedType')}
  0x0000000118946f78: 00c5 99d2 | a020 a0f2 | 0001 c0f2 | 8514 40f9 | a200 40b9 | a520 0091 | ff63 3feb | c200 00b4 
  0x0000000118946f98: a884 40f8 | 1f00 08eb | 6000 0054 | 4204 00d1 | 82ff ffb5 | 6100 0054 | 8010 00f9 | e503 1faa 
  0x0000000118946fb8: 05f9 ffb4 

  0x0000000118946fbc: ; ImmutableOopMap {[24]=Oop [32]=Oop [48]=Oop [56]=Oop [64]=Oop [72]=Oop [80]=Oop [88]=Oop [96]=Oop [104]=Oop [120]=Oop }
                      ;*goto {reexecute=1 rethrow=0 return_oop=0}
                      ; - (reexecute) org.gradle.internal.service.DefaultServiceRegistry::isEqualToAnyType@36 (line 1393)
                      ; - org.gradle.internal.service.DefaultServiceRegistry::access$2100@2 (line 90)
                      ; - org.gradle.internal.service.DefaultServiceRegistry$FactoryService::bind@44 (line 919)
                      ; - org.gradle.internal.service.DefaultServiceRegistry$SingletonService::prepare@79 (line 789)
                      ; - org.gradle.internal.service.DefaultServiceRegistry$SingletonService::getService@29 (line 815)
                      ; - org.gradle.internal.service.DefaultServiceRegistry$OwnServices::getService@97 (line 489)
  0x0000000118946fbc: 8aa7 41f9 

  0x0000000118946fc0: ;   {poll}
  0x0000000118946fc0: 5f01 40b9 | ea37 40f9 | 4a09 40b9 

  0x0000000118946fcc: ;   {metadata('java/util/Collections$1')}
  0x0000000118946fcc: ac03 a0d2 | 0c3d 8df2 | 5f01 0c6b | 613d 0054 | ea37 40f9 | 4b31 4039 | cb8d ff34 | ea0f 40f9 
  0x0000000118946fec: 4a0d 40b9 | ea2b 00b9 | ea0f 40f9 | 4b11 40b9 | 94ff ff17 | ea3f 40f9 | 4b0d 40b9 | 6af1 7dd3 
  0x000000011894700c: ea17 00f9 | e103 1daa | e9ff 9fd2 | e9ff bff2 | e9ff dff2 

  0x0000000118947020: ; ImmutableOopMap {[24]=Oop [32]=Oop [40]=Oop [48]=Oop [56]=Oop [64]=Oop [72]=Oop [80]=Oop [88]=Oop [96]=Oop [104]=Oop [120]=Oop }
                      ;*invokeinterface getActualTypeArguments {reexecute=0 rethrow=0 return_oop=1}
                      ; - sun.reflect.generics.reflectiveObjects.ParameterizedTypeImpl::equals@62 (line 201)
                      ; - org.gradle.internal.service.DefaultServiceRegistry::isEqualToAnyType@28 (line 1390)
                      ; - org.gradle.internal.service.DefaultServiceRegistry::access$2100@2 (line 90)
                      ; - org.gradle.internal.service.DefaultServiceRegistry$FactoryService::bind@44 (line 919)
                      ; - org.gradle.internal.service.DefaultServiceRegistry$SingletonService::prepare@79 (line 789)
                      ; - org.gradle.internal.service.DefaultServiceRegistry$SingletonService::getService@29 (line 815)
                      ; - org.gradle.internal.service.DefaultServiceRegistry$OwnServices::getService@97 (line 489)
                      ;   {virtual_call}
  0x0000000118947020: 7888 de97 | e117 40f9 | e203 00aa 

  0x000000011894702c: ; ImmutableOopMap {[24]=Oop [32]=Oop [48]=Oop [56]=Oop [64]=Oop [72]=Oop [80]=Oop [88]=Oop [96]=Oop [104]=Oop [120]=Oop }
                      ;*invokestatic equals {reexecute=0 rethrow=0 return_oop=0}
                      ; - sun.reflect.generics.reflectiveObjects.ParameterizedTypeImpl::equals@67 (line 200)
                      ; - org.gradle.internal.service.DefaultServiceRegistry::isEqualToAnyType@28 (line 1390)
                      ; - org.gradle.internal.service.DefaultServiceRegistry::access$2100@2 (line 90)
                      ; - org.gradle.internal.service.DefaultServiceRegistry$FactoryService::bind@44 (line 919)
                      ; - org.gradle.internal.service.DefaultServiceRegistry$SingletonService::prepare@79 (line 789)
                      ; - org.gradle.internal.service.DefaultServiceRegistry$SingletonService::getService@29 (line 815)
                      ; - org.gradle.internal.service.DefaultServiceRegistry$OwnServices::getService@97 (line 489)
                      ;   {static_call}
  0x000000011894702c: 3589 de97 | 60fc ff34 | ea2b 40f9 | 4a0d 40b9 | eb2b 40f9 | 6c2d 40b9 | 2afd ff17 | ea03 1f2a 
  0x000000011894704c: 53fc ff17 | 2104 8012 | fd03 10aa | ef03 00f9 | ea47 01a9 

  0x0000000118947060: ; ImmutableOopMap {rfp=Oop [0]=Oop [16]=Oop [24]=Oop [48]=Oop }
                      ;*invokeinterface get {reexecute=0 rethrow=0 return_oop=0}
                      ; - org.gradle.internal.service.DefaultServiceRegistry$OwnServices::getProviders@5 (line 517)
                      ; - org.gradle.internal.service.DefaultServiceRegistry$OwnServices::getService@5 (line 479)
                      ;   {runtime_call UncommonTrapBlob}
  0x0000000118947060: 08a2 de97 | ea2b 40f9 | 4a25 40b9 | 40f1 7dd3 | a01d ffb4 | 8a13 40f9 | 6a43 00b4 | 8b1b 40f9 
  0x0000000118947080: 4c21 00d1 | 6a01 0a8b | 4081 1ff8 | 8c13 00f9 | e5f8 ff17 | ea2b 40f9 | 4a25 40b9 | 40f1 7dd3 
  0x00000001189470a0: e002 ffb4 | 8a13 40f9 | ea42 00b4 | 8b1b 40f9 | 4c21 00d1 | 6a01 0a8b | 4081 1ff8 | 8c13 00f9 
  0x00000001189470c0: 0ff8 ff17 | 8a2b 40f9 | 8b23 40f9 | bf3b 03d5 | 0d00 c039 | cd1c ff34 | 1f00 0039 | 2b01 00b5 
  0x00000001189470e0: e103 1caa | c900 0010 | 894f 01f9 

  0x00000001189470ec: ;   {runtime_call G1BarrierSetRuntime::write_ref_field_post_entry(unsigned char volatile*, JavaThread*)}
  0x00000001189470ec: 0855 93d2 | c806 a1f2 | 2800 c0f2 | 0001 3fd6 | dcf8 ff17 | 6c21 00d1 | 4a01 0b8b | 4081 1ff8 
  0x000000011894710c: 8c23 00f9 | d7f8 ff17 | 8a23 40f9 | 8b2b 40f9 | bf3b 03d5 | 0d00 c039 | 0d01 ff34 | 1f00 0039 
  0x000000011894712c: 2a01 00b5 | e103 1caa | c900 0010 | 894f 01f9 

  0x000000011894713c: ;   {runtime_call G1BarrierSetRuntime::write_ref_field_post_entry(unsigned char volatile*, JavaThread*)}
  0x000000011894713c: 0855 93d2 | c806 a1f2 | 2800 c0f2 | 0001 3fd6 | fef7 ff17 | 4c21 00d1 | 6a01 0a8b | 4081 1ff8 
  0x000000011894715c: 8c23 00f9 | f9f7 ff17 | ea2b 40f9 | 4a31 40b9 | 40f1 7dd3 | 601f ffb4 | 8a13 40f9 | aa3d 00b4 
  0x000000011894717c: 8b1b 40f9 | 4c21 00d1 | 6a01 0a8b | 4081 1ff8 | 8c13 00f9 | f3f8 ff17 | 8a2b 40f9 | 8b23 40f9 
  0x000000011894719c: bf3b 03d5 | 0d00 c039 | ed1f ff34 | 1f00 0039 | 2b01 00b5 | e103 1caa | c900 0010 | 894f 01f9 
  0x00000001189471bc: ;   {runtime_call G1BarrierSetRuntime::write_ref_field_post_entry(unsigned char volatile*, JavaThread*)}
  0x00000001189471bc: 0855 93d2 | c806 a1f2 | 2800 c0f2 | 0001 3fd6 | f5f8 ff17 | 6c21 00d1 | 4a01 0b8b | 4081 1ff8 
  0x00000001189471dc: 8c23 00f9 | f0f8 ff17 

  0x00000001189471e4: ;   {metadata('sun/reflect/generics/reflectiveObjects/ParameterizedTypeImpl')}
  0x00000001189471e4: ab20 a0d2 | 0b75 9ff2 | ec8b 40b9 | 9f01 0b6b | e13d 0054 | eb1f 40f9 | eb03 00f9 | 4af1 7dd3 
  0x0000000118947204: ea0f 00f9 

  0x0000000118947208: ; implicit exception: dispatches to 0x0000000118947d24
  0x0000000118947208: 5d0d 40b9 | ec2f 40b9 | 4ac9 2c8b | 9f01 1d6b | ea40 0054 | 8b05 0011 | ec33 40f9 | 8b0d 00b9 
  0x0000000118947228: eb2f 40b9 | 7f01 1d6b | c23b 0054 | 4a11 40b9 | 4af1 7dd3 | ea07 00f9 

  0x0000000118947240: ; implicit exception: dispatches to 0x0000000118947c78
  0x0000000118947240: 4b09 40b9 | 6401 5dd2 | 8a10 40f9 

  0x000000011894724c: ;   {metadata('java/lang/reflect/Type')}
  0x000000011894724c: 0b2b 85d2 | 0b00 a0f2 | 0b01 c0f2 | 5f01 0beb | 411d 0054 | ea07 40f9 | fd03 0aaa | 4a09 40b9 
  0x000000011894726c: 4401 5dd2 | 8a10 40f9 

  0x0000000118947274: ;   {metadata('java/lang/reflect/ParameterizedType')}
  0x0000000118947274: 0bc5 99d2 | ab20 a0f2 | 0b01 c0f2 | 5f01 0beb | 2105 0054 | ea03 1daa | ea07 00f9 | ea2f 40a9 
  0x0000000118947294: 5f01 0beb | 6006 ff54 | e103 0baa | e9ff 9fd2 | e9ff bff2 | e9ff dff2 

  0x00000001189472ac: ; ImmutableOopMap {rfp=Oop [0]=Oop [8]=Oop [32]=Oop [48]=Oop [56]=Oop [64]=Oop [72]=Oop [80]=Oop [88]=Oop [96]=Oop }
                      ;*invokeinterface getOwnerType {reexecute=0 rethrow=0 return_oop=1}
                      ; - sun.reflect.generics.reflectiveObjects.ParameterizedTypeImpl::equals@20 (line 175)
                      ; - org.gradle.internal.service.DefaultServiceRegistry::isSatisfiedBy@2 (line 1407)
                      ; - org.gradle.internal.service.DefaultServiceRegistry::isSatisfiedByAny@28 (line 1399)
                      ; - org.gradle.internal.service.DefaultServiceRegistry::access$1900@2 (line 90)
                      ; - org.gradle.internal.service.DefaultServiceRegistry$SingletonService::getService@20 (line 812)
                      ; - org.gradle.internal.service.DefaultServiceRegistry$OwnServices::getService@97 (line 489)
                      ;   {virtual_call}
  0x00000001189472ac: d587 de97 | e00b 00f9 | e107 40f9 | e9ff 9fd2 | e9ff bff2 | e9ff dff2 

  0x00000001189472c4: ; ImmutableOopMap {rfp=Oop [0]=Oop [8]=Oop [16]=Oop [32]=Oop [48]=Oop [56]=Oop [64]=Oop [72]=Oop [80]=Oop [88]=Oop [96]=Oop }
                      ;*invokeinterface getRawType {reexecute=0 rethrow=0 return_oop=1}
                      ; - sun.reflect.generics.reflectiveObjects.ParameterizedTypeImpl::equals@27 (line 176)
                      ; - org.gradle.internal.service.DefaultServiceRegistry::isSatisfiedBy@2 (line 1407)
                      ; - org.gradle.internal.service.DefaultServiceRegistry::isSatisfiedByAny@28 (line 1399)
                      ; - org.gradle.internal.service.DefaultServiceRegistry::access$1900@2 (line 90)
                      ; - org.gradle.internal.service.DefaultServiceRegistry$SingletonService::getService@20 (line 812)
                      ; - org.gradle.internal.service.DefaultServiceRegistry$OwnServices::getService@97 (line 489)
                      ;   {virtual_call}
  0x00000001189472c4: cf87 de97 | ea03 40f9 | 4b15 40b9 | 61f1 7dd3 | ea0b 40f9 | e017 00f9 | 3f00 0aeb | 0001 0054 
  0x00000001189472e4: 2147 00b4 | e203 0aaa | e9ff 9fd2 | e9ff bff2 | e9ff dff2 

  0x00000001189472f8: ; ImmutableOopMap {rfp=Oop [0]=Oop [8]=Oop [32]=Oop [40]=Oop [48]=Oop [56]=Oop [64]=Oop [72]=Oop [80]=Oop [88]=Oop [96]=Oop }
                      ;*invokevirtual equals {reexecute=0 rethrow=0 return_oop=0}
                      ; - java.util.Objects::equals@11 (line 64)
                      ; - sun.reflect.generics.reflectiveObjects.ParameterizedTypeImpl::equals@39 (line 198)
                      ; - org.gradle.internal.service.DefaultServiceRegistry::isSatisfiedBy@2 (line 1407)
                      ; - org.gradle.internal.service.DefaultServiceRegistry::isSatisfiedByAny@28 (line 1399)
                      ; - org.gradle.internal.service.DefaultServiceRegistry::access$1900@2 (line 90)
                      ; - org.gradle.internal.service.DefaultServiceRegistry$SingletonService::getService@20 (line 812)
                      ; - org.gradle.internal.service.DefaultServiceRegistry$OwnServices::getService@97 (line 489)
                      ;   {virtual_call}
  0x00000001189472f8: c287 de97 | 8003 0034 | ea03 40f9 | 4b11 40b9 | 6af1 7dd3 | ec17 40f9 | 5f01 0ceb | c004 0054 
  0x0000000118947318: ea45 00b4 | 5f01 0ceb | 6004 0054 | 1200 0014 

  0x0000000118947328: ;   {metadata('java/lang/reflect/ParameterizedType')}
  0x0000000118947328: 00c5 99d2 | a020 a0f2 | 0001 c0f2 | 8514 40f9 | a200 40b9 | a520 0091 | ff63 3feb | c200 00b4 
  0x0000000118947348: a884 40f8 | 1f00 08eb | 6000 0054 | 4204 00d1 | 82ff ffb5 | 6100 0054 | 8010 00f9 | e503 1faa 
  0x0000000118947368: 05f9 ffb4 | e103 40f9 | e203 1daa 

  0x0000000118947374: ; ImmutableOopMap {[0]=Oop [32]=Oop [48]=Oop [56]=Oop [64]=Oop [72]=Oop [80]=Oop [88]=Oop [96]=Oop }
                      ;*invokestatic isSatisfiedBy {reexecute=0 rethrow=0 return_oop=0}
                      ; - org.gradle.internal.service.DefaultServiceRegistry::isSatisfiedBy@38 (line 1414)
                      ; - org.gradle.internal.service.DefaultServiceRegistry::isSatisfiedByAny@28 (line 1399)
                      ; - org.gradle.internal.service.DefaultServiceRegistry::access$1900@2 (line 90)
                      ; - org.gradle.internal.service.DefaultServiceRegistry$SingletonService::getService@20 (line 812)
                      ; - org.gradle.internal.service.DefaultServiceRegistry$OwnServices::getService@97 (line 489)
                      ;   {static_call}
  0x0000000118947374: 6388 de97 | 60ff fe35 

  0x000000011894737c: ; ImmutableOopMap {[0]=Oop [32]=Oop [48]=Oop [56]=Oop [64]=Oop [72]=Oop [80]=Oop [88]=Oop [96]=Oop }
                      ;*goto {reexecute=1 rethrow=0 return_oop=0}
                      ; - (reexecute) org.gradle.internal.service.DefaultServiceRegistry::isSatisfiedByAny@36 (line 1402)
                      ; - org.gradle.internal.service.DefaultServiceRegistry::access$1900@2 (line 90)
                      ; - org.gradle.internal.service.DefaultServiceRegistry$SingletonService::getService@20 (line 812)
                      ; - org.gradle.internal.service.DefaultServiceRegistry$OwnServices::getService@97 (line 489)
  0x000000011894737c: 8aa7 41f9 

  0x0000000118947380: ;   {poll}
  0x0000000118947380: 5f01 40b9 | ea33 40f9 | 4a11 40b9 | 4bf1 7dd3 

  0x0000000118947390: ; implicit exception: dispatches to 0x0000000118947df8
  0x0000000118947390: 6b0d 40b9 | ec33 40f9 | 8d0d 40b9 | ed2f 00b9 | bf01 0b6b | ebf2 ff54 | 83f7 ff17 | ea03 40f9 
  0x00000001189473b0: 4a0d 40b9 | 4af1 7dd3 | ea0b 00f9 | e107 40f9 | e9ff 9fd2 | e9ff bff2 | e9ff dff2 

  0x00000001189473cc: ; ImmutableOopMap {rfp=Oop [0]=Oop [16]=Oop [32]=Oop [48]=Oop [56]=Oop [64]=Oop [72]=Oop [80]=Oop [88]=Oop [96]=Oop }
                      ;*invokeinterface getActualTypeArguments {reexecute=0 rethrow=0 return_oop=1}
                      ; - sun.reflect.generics.reflectiveObjects.ParameterizedTypeImpl::equals@62 (line 201)
                      ; - org.gradle.internal.service.DefaultServiceRegistry::isSatisfiedBy@2 (line 1407)
                      ; - org.gradle.internal.service.DefaultServiceRegistry::isSatisfiedByAny@28 (line 1399)
                      ; - org.gradle.internal.service.DefaultServiceRegistry::access$1900@2 (line 90)
                      ; - org.gradle.internal.service.DefaultServiceRegistry$SingletonService::getService@20 (line 812)
                      ; - org.gradle.internal.service.DefaultServiceRegistry$OwnServices::getService@97 (line 489)
                      ;   {virtual_call}
  0x00000001189473cc: 8d87 de97 | e10b 40f9 | e203 00aa 

  0x00000001189473d8: ; ImmutableOopMap {rfp=Oop [0]=Oop [32]=Oop [48]=Oop [56]=Oop [64]=Oop [72]=Oop [80]=Oop [88]=Oop [96]=Oop }
                      ;*invokestatic equals {reexecute=0 rethrow=0 return_oop=0}
                      ; - sun.reflect.generics.reflectiveObjects.ParameterizedTypeImpl::equals@67 (line 200)
                      ; - org.gradle.internal.service.DefaultServiceRegistry::isSatisfiedBy@2 (line 1407)
                      ; - org.gradle.internal.service.DefaultServiceRegistry::isSatisfiedByAny@28 (line 1399)
                      ; - org.gradle.internal.service.DefaultServiceRegistry::access$1900@2 (line 90)
                      ; - org.gradle.internal.service.DefaultServiceRegistry$SingletonService::getService@20 (line 812)
                      ; - org.gradle.internal.service.DefaultServiceRegistry$OwnServices::getService@97 (line 489)
                      ;   {static_call}
  0x00000001189473d8: 4a88 de97 | 80fc ff34 | e1f7 ff17 | 8a23 40f9 | 8b2b 40f9 | bf3b 03d5 | 0d00 c039 | ede0 fe34 
  0x00000001189473f8: 1f00 0039 | 2a01 00b5 | e103 1caa | c900 0010 | 894f 01f9 

  0x000000011894740c: ;   {runtime_call G1BarrierSetRuntime::write_ref_field_post_entry(unsigned char volatile*, JavaThread*)}
  0x000000011894740c: 0855 93d2 | c806 a1f2 | 2800 c0f2 | 0001 3fd6 | fdf6 ff17 | 4c21 00d1 | 6a01 0a8b | 4081 1ff8 
  0x000000011894742c: 8c23 00f9 | f8f6 ff17 | 4117 8012 | fd03 10aa | ef03 00f9 | f137 01a9 | eb27 00b9 

  0x0000000118947448: ; ImmutableOopMap {rfp=Oop [0]=Oop [16]=Oop [24]=Oop [48]=Oop }
                      ;*ifle {reexecute=1 rethrow=0 return_oop=0}
                      ; - (reexecute) java.util.HashMap::getNode@14 (line 567)
                      ; - java.util.HashMap::get@2 (line 556)
                      ; - org.gradle.internal.service.DefaultServiceRegistry$OwnServices::getProviders@5 (line 517)
                      ; - org.gradle.internal.service.DefaultServiceRegistry$OwnServices::getService@5 (line 479)
                      ;   {runtime_call UncommonTrapBlob}
  0x0000000118947448: 0ea1 de97 

  0x000000011894744c: ;   {metadata('java/util/Arrays$ArrayItr')}
  0x000000011894744c: 8b03 a0d2 | 0b2b 8ff2 | 5f01 0b6b | c12c 0054 | ea37 40f9 | 4b11 40b9 | 6bf1 7dd3 

  0x0000000118947468: ; implicit exception: dispatches to 0x0000000118947d34
  0x0000000118947468: 6c0d 40b9 | 4a0d 40b9 | 5f01 0c6b | ca0e 0054 | eb03 0032 | 07fc ff17 | 6103 8012 | fd1f 40f9 
  0x0000000118947488: ed07 00f9 | ec13 00b9 

  0x0000000118947490: ; ImmutableOopMap {rfp=Oop [8]=Oop [48]=Oop }
                      ;*invokestatic checkIndex {reexecute=0 rethrow=0 return_oop=0}
                      ; - java.util.Objects::checkIndex@3 (line 361)
                      ; - java.util.ArrayList::get@5 (line 427)
                      ; - org.gradle.internal.service.DefaultServiceRegistry$OwnServices::getService@32 (line 484)
                      ;   {runtime_call UncommonTrapBlob}
  0x0000000118947490: fca0 de97 | 6106 8012 | fd1f 40f9 | ed07 00f9 | ec13 00b9 

  0x00000001189474a4: ; ImmutableOopMap {rfp=Oop [8]=Oop [48]=Oop }
                      ;*invokestatic checkIndex {reexecute=0 rethrow=0 return_oop=0}
                      ; - java.util.Objects::checkIndex@3 (line 361)
                      ; - java.util.ArrayList::get@5 (line 427)
                      ; - org.gradle.internal.service.DefaultServiceRegistry$OwnServices::getService@32 (line 484)
                      ;   {runtime_call UncommonTrapBlob}
  0x00000001189474a4: f7a0 de97 | 6103 8012 | fd1f 40f9 | ea07 00f9 

  0x00000001189474b4: ; ImmutableOopMap {rfp=Oop [8]=Oop [48]=Oop }
                      ;*aaload {reexecute=0 rethrow=0 return_oop=0}
                      ; - java.util.ArrayList::elementData@5 (line 411)
                      ; - java.util.ArrayList::get@11 (line 428)
                      ; - org.gradle.internal.service.DefaultServiceRegistry$OwnServices::getService@32 (line 484)
                      ;   {runtime_call UncommonTrapBlob}
  0x00000001189474b4: f3a0 de97 | eb03 40b9 | 7df1 7dd3 

  0x00000001189474c0: ;   {metadata('java/util/Collections$1')}
  0x00000001189474c0: 013d 8dd2 | a103 a0f2 | 0101 c0f2 

  0x00000001189474cc: ; ImmutableOopMap {rfp=Oop [0]=NarrowOop [32]=Oop [48]=Oop [56]=Oop [64]=Oop [72]=Oop [80]=Oop }
                      ;*new {reexecute=0 rethrow=0 return_oop=1}
                      ; - java.util.Collections::singletonIterator@0 (line 4808)
                      ; - java.util.Collections$SingletonList::iterator@4 (line 4951)
                      ; - org.gradle.internal.service.DefaultServiceRegistry::isSatisfiedByAny@1 (line 1398)
                      ; - org.gradle.internal.service.DefaultServiceRegistry::access$1900@2 (line 90)
                      ; - org.gradle.internal.service.DefaultServiceRegistry$SingletonService::getService@20 (line 812)
                      ; - org.gradle.internal.service.DefaultServiceRegistry$OwnServices::getService@97 (line 489)
                      ;   {runtime_call _new_instance_Java}
  0x00000001189474cc: 3d70 e197 | 6bf7 ff17 | eb0b 40b9 | 7df1 7dd3 

  0x00000001189474dc: ;   {metadata('java/util/Collections$1')}
  0x00000001189474dc: 013d 8dd2 | a103 a0f2 | 0101 c0f2 

  0x00000001189474e8: ; ImmutableOopMap {rfp=Oop [8]=NarrowOop [32]=Oop [48]=Oop [56]=Oop [64]=Oop [72]=Oop [80]=Oop [88]=Oop [96]=Oop }
                      ;*new {reexecute=0 rethrow=0 return_oop=1}
                      ; - java.util.Collections::singletonIterator@0 (line 4808)
                      ; - java.util.Collections$SingletonList::iterator@4 (line 4951)
                      ; - org.gradle.internal.service.DefaultServiceRegistry::isEqualToAnyType@1 (line 1389)
                      ; - org.gradle.internal.service.DefaultServiceRegistry::access$2100@2 (line 90)
                      ; - org.gradle.internal.service.DefaultServiceRegistry$FactoryService::bind@44 (line 919)
                      ; - org.gradle.internal.service.DefaultServiceRegistry$SingletonService::prepare@79 (line 789)
                      ; - org.gradle.internal.service.DefaultServiceRegistry$SingletonService::getService@29 (line 815)
                      ; - org.gradle.internal.service.DefaultServiceRegistry$OwnServices::getService@97 (line 489)
                      ;   {runtime_call _new_instance_Java}
  0x00000001189474e8: 3670 e197 | f6f8 ff17 

  0x00000001189474f0: ;   {metadata('java/lang/reflect/Type')}
  0x00000001189474f0: 002b 85d2 | 0000 a0f2 | 0001 c0f2 | 8514 40f9 | a200 40b9 | a520 0091 | ff63 3feb | c200 00b4 
  0x0000000118947510: a884 40f8 | 1f00 08eb | 6000 0054 | 4204 00d1 | 82ff ffb5 | 6100 0054 | 8010 00f9 | e503 1faa 
  0x0000000118947530: 45cc ffb4 | 79fb ff17 | ed37 00f9 | c101 5dd2 | e20b 40b9 

  0x0000000118947544: ; ImmutableOopMap {[24]=Oop [32]=Oop [40]=Oop [48]=Oop [56]=Oop [64]=Oop [72]=Oop [80]=Oop [88]=Oop [96]=Oop [104]=Oop }
                      ;*invokevirtual clone {reexecute=1 rethrow=0 return_oop=1}
                      ; - (reexecute) sun.reflect.generics.reflectiveObjects.ParameterizedTypeImpl::getActualTypeArguments@4 (line 123)
                      ; - org.gradle.internal.service.DefaultServiceRegistry::find@70 (line 1288)
                      ; - org.gradle.internal.service.DefaultServiceRegistry::access$2300@3 (line 90)
                      ; - org.gradle.internal.service.DefaultServiceRegistry$FactoryService::bind@153 (line 934)
                      ; - org.gradle.internal.service.DefaultServiceRegistry$SingletonService::prepare@79 (line 789)
                      ; - org.gradle.internal.service.DefaultServiceRegistry$SingletonService::getService@29 (line 815)
                      ; - org.gradle.internal.service.DefaultServiceRegistry$OwnServices::getService@97 (line 489)
                      ;   {runtime_call _new_array_Java}
  0x0000000118947544: df70 e197 | ea03 00aa | ed37 40f9 | 74f8 ff17 | e30f 40f9 | e117 40f9 | e237 40f9 | e9ff 9fd2 
  0x0000000118947564: e9ff bff2 | e9ff dff2 

  0x000000011894756c: ; ImmutableOopMap {[32]=Oop [48]=Oop [56]=Oop [64]=Oop [72]=Oop [80]=Oop [88]=Oop [96]=Oop }
                      ;*invokeinterface getService {reexecute=0 rethrow=0 return_oop=1}
                      ; - org.gradle.internal.service.DefaultServiceRegistry::find@121 (line 1297)
                      ; - org.gradle.internal.service.DefaultServiceRegistry::access$2300@3 (line 90)
                      ; - org.gradle.internal.service.DefaultServiceRegistry$FactoryService::bind@62 (line 921)
                      ; - org.gradle.internal.service.DefaultServiceRegistry$SingletonService::prepare@79 (line 789)
                      ; - org.gradle.internal.service.DefaultServiceRegistry$SingletonService::getService@29 (line 815)
                      ; - org.gradle.internal.service.DefaultServiceRegistry$OwnServices::getService@97 (line 489)
                      ;   {virtual_call}
  0x000000011894756c: 2587 de97 | e017 00f9 | 34fc ff17 | ea2b 40f9 | 4a31 40b9 | 40f1 7dd3 | 40d9 feb4 | 8a13 40f9 
  0x000000011894758c: 2a22 00b4 | 8b1b 40f9 | 4c21 00d1 | 6a01 0a8b | 4081 1ff8 | 8c13 00f9 | c2f6 ff17 | 8a23 40f9 
  0x00000001189475ac: 8b2b 40f9 | bf3b 03d5 | 0c00 c039 | ecd9 fe34 | 1f00 0039 | 2a01 00b5 | e103 1caa | c900 0010 
  0x00000001189475cc: 894f 01f9 

  0x00000001189475d0: ;   {runtime_call G1BarrierSetRuntime::write_ref_field_post_entry(unsigned char volatile*, JavaThread*)}
  0x00000001189475d0: 0855 93d2 | c806 a1f2 | 2800 c0f2 | 0001 3fd6 | c5f6 ff17 | 4c21 00d1 | 6a01 0a8b | 4081 1ff8 
  0x00000001189475f0: 8c23 00f9 | c0f6 ff17 | 4117 8012 | ea3f 01a9 

  0x0000000118947600: ; ImmutableOopMap {[16]=Oop [24]=Oop [48]=Oop }
                      ;*ifeq {reexecute=1 rethrow=0 return_oop=0}
                      ; - (reexecute) org.gradle.internal.service.DefaultServiceRegistry::unwrap@16 (line 653)
                      ; - org.gradle.internal.service.DefaultServiceRegistry::access$1200@1 (line 90)
                      ; - org.gradle.internal.service.DefaultServiceRegistry$OwnServices::getService@2 (line 479)
                      ;   {runtime_call UncommonTrapBlob}
  0x0000000118947600: a0a0 de97 

  0x0000000118947604: ;   {metadata('java/lang/reflect/Type')}
  0x0000000118947604: 002b 85d2 | 0000 a0f2 | 0001 c0f2 | 8514 40f9 | a200 40b9 | a520 0091 | ff63 3feb | c200 00b4 
  0x0000000118947624: a884 40f8 | 1f00 08eb | 6000 0054 | 4204 00d1 | 82ff ffb5 | 6100 0054 | 8010 00f9 | e503 1faa 
  0x0000000118947644: e5e0 ffb4 | 54f9 ff17 | eb03 1f2a | 92fb ff17 

  0x0000000118947654: ;   {metadata('org/gradle/internal/service/Service'[])}
  0x0000000118947654: 017f 9ed2 | 4120 a0f2 | 0101 c0f2 | e213 40b9 

  0x0000000118947664: ; ImmutableOopMap {[32]=Oop [48]=Oop [56]=Oop [64]=Oop [72]=Oop [80]=Oop [88]=Oop }
                      ;*anewarray {reexecute=0 rethrow=0 return_oop=1}
                      ; - org.gradle.internal.service.DefaultServiceRegistry$FactoryService::bind@21 (line 916)
                      ; - org.gradle.internal.service.DefaultServiceRegistry$SingletonService::prepare@79 (line 789)
                      ; - org.gradle.internal.service.DefaultServiceRegistry$SingletonService::getService@29 (line 815)
                      ; - org.gradle.internal.service.DefaultServiceRegistry$OwnServices::getService@97 (line 489)
                      ;   {runtime_call _new_array_Java}
  0x0000000118947664: 9770 e197 | ec03 00aa | b7f7 ff17 | fd03 13aa 

  0x0000000118947674: ;   {metadata('java/util/ArrayList')}
  0x0000000118947674: 0126 9cd2 | 0100 a0f2 | 0101 c0f2 

  0x0000000118947680: ; ImmutableOopMap {rfp=Oop [32]=Oop [48]=Oop [56]=Oop }
                      ;*new {reexecute=0 rethrow=0 return_oop=1}
                      ; - org.gradle.internal.service.DefaultServiceRegistry$OwnServices::getService@48 (line 487)
                      ;   {runtime_call _new_instance_Java}
  0x0000000118947680: d06f e197 | f303 1daa | 2af6 ff17 | f403 00f9 | fd03 13aa 

  0x0000000118947694: ;   {metadata('java/util/ArrayList$Itr')}
  0x0000000118947694: 01d6 95d2 | 4103 a0f2 | 0101 c0f2 

  0x00000001189476a0: ; ImmutableOopMap {rfp=Oop [0]=Oop [32]=Oop [48]=Oop [56]=Oop }
                      ;*new {reexecute=0 rethrow=0 return_oop=1}
                      ; - java.util.ArrayList::iterator@0 (line 947)
                      ; - org.gradle.internal.service.DefaultServiceRegistry$OwnServices::getService@64 (line 488)
                      ;   {runtime_call _new_instance_Java}
  0x00000001189476a0: c86f e197 | f303 1daa | f403 40f9 | 66f6 ff17 | f403 00f9 | fd03 13aa 

  0x00000001189476b8: ;   {metadata('java/lang/Object'[])}
  0x00000001189476b8: 01aa 82d2 | 0100 a0f2 | 0101 c0f2 | e203 0e2a 

  0x00000001189476c8: ; ImmutableOopMap {rfp=Oop [0]=Oop [32]=Oop [48]=Oop [56]=Oop }
                      ;*anewarray {reexecute=0 rethrow=0 return_oop=1}
                      ; - java.util.ArrayList::<init>@10 (line 156)
                      ; - org.gradle.internal.service.DefaultServiceRegistry$OwnServices::getService@58 (line 487)
                      ;   {runtime_call _new_array_Java}
  0x00000001189476c8: 7e70 e197 | f303 1daa | f403 40f9 | 40f6 ff17 | ab02 40b9 | 60f1 7dd3 | 007e ffb4 | 8a13 40f9 
  0x00000001189476e8: 8a1d 00b4 | 8b1b 40f9 | 4c21 00d1 | 6a01 0a8b | 4081 1ff8 | 8c13 00f9 | e8fb ff17 | ea2b 40f9 
  0x0000000118947708: 4a35 40b9 | 40f1 7dd3 | c07e ffb4 | 8a13 40f9 | 0a1b 00b4 | 8b1b 40f9 | 4c21 00d1 | 6a01 0a8b 
  0x0000000118947728: 4081 1ff8 | 8c13 00f9 | eefb ff17 | 8a2b 40f9 | 8b23 40f9 | bf3b 03d5 | 0c00 c039 | ec7c ff34 
  0x0000000118947748: 1f00 0039 | 2b01 00b5 | e103 1caa | c900 0010 | 894f 01f9 

  0x000000011894775c: ;   {runtime_call G1BarrierSetRuntime::write_ref_field_post_entry(unsigned char volatile*, JavaThread*)}
  0x000000011894775c: 0855 93d2 | c806 a1f2 | 2800 c0f2 | 0001 3fd6 | ddfb ff17 | 6c21 00d1 | 4a01 0b8b | 4081 1ff8 
  0x000000011894777c: 8c23 00f9 | d8fb ff17 

  0x0000000118947784: ;   {metadata('java/util/Arrays$ArrayItr')}
  0x0000000118947784: 8b03 a0d2 | 0b2b 8ff2 | 5f01 0b6b | 0113 0054 | ea37 40f9 | 4b11 40b9 | 6bf1 7dd3 

  0x00000001189477a0: ; implicit exception: dispatches to 0x0000000118947d34
  0x00000001189477a0: 6c0d 40b9 | 4a0d 40b9 | 5f01 0c6b | 2a02 0054 | eb03 0032 | 0cfe ff17 

  0x00000001189477b8: ;   {metadata('java/util/Arrays$ArrayItr')}
  0x00000001189477b8: 012b 8fd2 | 8103 a0f2 | 0101 c0f2 

  0x00000001189477c4: ; ImmutableOopMap {rfp=Oop [32]=Oop [48]=Oop [56]=Oop [64]=Oop [72]=Oop [80]=Oop }
                      ;*new {reexecute=0 rethrow=0 return_oop=1}
                      ; - java.util.Arrays$ArrayList::iterator@0 (line 4224)
                      ; - org.gradle.internal.service.DefaultServiceRegistry::isSatisfiedByAny@1 (line 1398)
                      ; - org.gradle.internal.service.DefaultServiceRegistry::access$1900@2 (line 90)
                      ; - org.gradle.internal.service.DefaultServiceRegistry$SingletonService::getService@20 (line 812)
                      ; - org.gradle.internal.service.DefaultServiceRegistry$OwnServices::getService@97 (line 489)
                      ;   {runtime_call _new_instance_Java}
  0x00000001189477c4: 7f6f e197 | 15fa ff17 

  0x00000001189477cc: ;   {metadata('java/util/Arrays$ArrayItr')}
  0x00000001189477cc: 012b 8fd2 | 8103 a0f2 | 0101 c0f2 

  0x00000001189477d8: ; ImmutableOopMap {rfp=Oop [32]=Oop [48]=Oop [56]=Oop [64]=Oop [72]=Oop [80]=Oop [88]=Oop [96]=Oop }
                      ;*new {reexecute=0 rethrow=0 return_oop=1}
                      ; - java.util.Arrays$ArrayList::iterator@0 (line 4224)
                      ; - org.gradle.internal.service.DefaultServiceRegistry::isEqualToAnyType@1 (line 1389)
                      ; - org.gradle.internal.service.DefaultServiceRegistry::access$2100@2 (line 90)
                      ; - org.gradle.internal.service.DefaultServiceRegistry$FactoryService::bind@44 (line 919)
                      ; - org.gradle.internal.service.DefaultServiceRegistry$SingletonService::prepare@79 (line 789)
                      ; - org.gradle.internal.service.DefaultServiceRegistry$SingletonService::getService@29 (line 815)
                      ; - org.gradle.internal.service.DefaultServiceRegistry$OwnServices::getService@97 (line 489)
                      ;   {runtime_call _new_instance_Java}
  0x00000001189477d8: 7a6f e197 | 28fa ff17 | 2107 8012 | fd13 40f9 | ed0f 00f9 

  0x00000001189477ec: ; ImmutableOopMap {rfp=Oop [24]=Oop [48]=Oop [56]=Oop }
                      ;*invokeinterface size {reexecute=0 rethrow=0 return_oop=0}
                      ; - org.gradle.internal.service.DefaultServiceRegistry$OwnServices::getService@21 (line 483)
                      ;   {runtime_call UncommonTrapBlob}
  0x00000001189477ec: 25a0 de97 | eb03 1f2a | fcfd ff17 | 6103 8012 

  0x00000001189477fc: ; ImmutableOopMap {rfp=Oop [24]=Oop [32]=Oop [48]=Oop [56]=Oop [64]=Oop [72]=Oop [80]=Oop [88]=Oop }
                      ;*aastore {reexecute=1 rethrow=0 return_oop=0}
                      ; - (reexecute) org.gradle.internal.service.DefaultServiceRegistry$FactoryService::bind@281 (line 950)
                      ; - org.gradle.internal.service.DefaultServiceRegistry$SingletonService::prepare@79 (line 789)
                      ; - org.gradle.internal.service.DefaultServiceRegistry$SingletonService::getService@29 (line 815)
                      ; - org.gradle.internal.service.DefaultServiceRegistry$OwnServices::getService@97 (line 489)
                      ;   {runtime_call UncommonTrapBlob}
  0x00000001189477fc: 21a0 de97 | 2105 8012 

  0x0000000118947804: ; ImmutableOopMap {rfp=Oop [24]=Oop [32]=Oop [48]=Oop [56]=Oop [64]=Oop [72]=Oop [80]=Oop [88]=Oop }
                      ;*aastore {reexecute=1 rethrow=0 return_oop=0}
                      ; - (reexecute) org.gradle.internal.service.DefaultServiceRegistry$FactoryService::bind@281 (line 950)
                      ; - org.gradle.internal.service.DefaultServiceRegistry$SingletonService::prepare@79 (line 789)
                      ; - org.gradle.internal.service.DefaultServiceRegistry$SingletonService::getService@29 (line 815)
                      ; - org.gradle.internal.service.DefaultServiceRegistry$OwnServices::getService@97 (line 489)
                      ;   {runtime_call UncommonTrapBlob}
  0x0000000118947804: 1fa0 de97 | 5f01 0beb | fd17 9f1a | 4117 8012 

  0x0000000118947814: ; ImmutableOopMap {[24]=Oop [32]=Oop [40]=Oop [48]=Oop [56]=Oop [64]=Oop [72]=Oop [80]=Oop [88]=Oop [96]=Oop [104]=Oop [112]=Oop }
                      ;*ifeq {reexecute=1 rethrow=0 return_oop=0}
                      ; - (reexecute) org.gradle.internal.service.DefaultServiceRegistry::find@27 (line 1282)
                      ; - org.gradle.internal.service.DefaultServiceRegistry::access$2300@3 (line 90)
                      ; - org.gradle.internal.service.DefaultServiceRegistry$FactoryService::bind@153 (line 934)
                      ; - org.gradle.internal.service.DefaultServiceRegistry$SingletonService::prepare@79 (line 789)
                      ; - org.gradle.internal.service.DefaultServiceRegistry$SingletonService::getService@29 (line 815)
                      ; - org.gradle.internal.service.DefaultServiceRegistry$OwnServices::getService@97 (line 489)
                      ;   {runtime_call UncommonTrapBlob}
  0x0000000118947814: 1ba0 de97 | 2104 8012 

  0x000000011894781c: ; ImmutableOopMap {[24]=Oop [32]=Oop [40]=Oop [48]=Oop [56]=Oop [64]=Oop [72]=Oop [80]=Oop [88]=Oop [96]=Oop [104]=Oop [112]=Oop }
                      ;*invokevirtual equals {reexecute=0 rethrow=0 return_oop=0}
                      ; - org.gradle.internal.service.DefaultServiceRegistry::find@24 (line 1282)
                      ; - org.gradle.internal.service.DefaultServiceRegistry::access$2300@3 (line 90)
                      ; - org.gradle.internal.service.DefaultServiceRegistry$FactoryService::bind@153 (line 934)
                      ; - org.gradle.internal.service.DefaultServiceRegistry$SingletonService::prepare@79 (line 789)
                      ; - org.gradle.internal.service.DefaultServiceRegistry$SingletonService::getService@29 (line 815)
                      ; - org.gradle.internal.service.DefaultServiceRegistry$OwnServices::getService@97 (line 489)
                      ;   {runtime_call UncommonTrapBlob}
  0x000000011894781c: 19a0 de97 | ee37 00f9 | a101 5dd2 | e20b 40b9 

  0x000000011894782c: ; ImmutableOopMap {[24]=Oop [32]=Oop [40]=Oop [48]=Oop [56]=Oop [64]=Oop [72]=Oop [80]=Oop [88]=Oop [96]=Oop [104]=Oop }
                      ;*invokevirtual clone {reexecute=1 rethrow=0 return_oop=1}
                      ; - (reexecute) sun.reflect.generics.reflectiveObjects.ParameterizedTypeImpl::getActualTypeArguments@4 (line 123)
                      ; - org.gradle.internal.service.DefaultServiceRegistry::find@70 (line 1288)
                      ; - org.gradle.internal.service.DefaultServiceRegistry::access$2300@3 (line 90)
                      ; - org.gradle.internal.service.DefaultServiceRegistry$FactoryService::bind@62 (line 921)
                      ; - org.gradle.internal.service.DefaultServiceRegistry$SingletonService::prepare@79 (line 789)
                      ; - org.gradle.internal.service.DefaultServiceRegistry$SingletonService::getService@29 (line 815)
                      ; - org.gradle.internal.service.DefaultServiceRegistry$OwnServices::getService@97 (line 489)
                      ;   {runtime_call _new_array_Java}
  0x000000011894782c: 2570 e197 | ea03 00aa | ee37 40f9 | 71fb ff17 | 6103 8012 

  0x0000000118947840: ; ImmutableOopMap {[24]=Oop [32]=Oop [40]=Oop [48]=Oop [56]=Oop [64]=Oop [72]=Oop [80]=Oop [88]=Oop [96]=Oop [104]=Oop }
                      ;*aaload {reexecute=0 rethrow=0 return_oop=0}
                      ; - org.gradle.internal.service.DefaultServiceRegistry::find@76 (line 1288)
                      ; - org.gradle.internal.service.DefaultServiceRegistry::access$2300@3 (line 90)
                      ; - org.gradle.internal.service.DefaultServiceRegistry$FactoryService::bind@153 (line 934)
                      ; - org.gradle.internal.service.DefaultServiceRegistry$SingletonService::prepare@79 (line 789)
                      ; - org.gradle.internal.service.DefaultServiceRegistry$SingletonService::getService@29 (line 815)
                      ; - org.gradle.internal.service.DefaultServiceRegistry$OwnServices::getService@97 (line 489)
                      ;   {runtime_call UncommonTrapBlob}
  0x0000000118947840: 10a0 de97 | e103 1caa | c900 0010 | 894f 01f9 

  0x0000000118947850: ;   {runtime_call G1BarrierSetRuntime::write_ref_field_pre_entry(oopDesc*, JavaThread*)}
  0x0000000118947850: 084e 93d2 | c806 a1f2 | 2800 c0f2 | 0001 3fd6 | dcf7 ff17 | ed87 00b9 | 4117 8012 

  0x000000011894786c: ; ImmutableOopMap {[24]=Oop [32]=Oop [48]=Oop [56]=Oop [64]=Oop [72]=Oop [80]=Oop [88]=Oop [96]=Oop }
                      ;*ifeq {reexecute=1 rethrow=0 return_oop=0}
                      ; - (reexecute) java.util.Collections$1::next@4 (line 4814)
                      ; - org.gradle.internal.service.DefaultServiceRegistry::isEqualToAnyType@17 (line 1389)
                      ; - org.gradle.internal.service.DefaultServiceRegistry::access$2100@2 (line 90)
                      ; - org.gradle.internal.service.DefaultServiceRegistry$FactoryService::bind@44 (line 919)
                      ; - org.gradle.internal.service.DefaultServiceRegistry$SingletonService::prepare@79 (line 789)
                      ; - org.gradle.internal.service.DefaultServiceRegistry$SingletonService::getService@29 (line 815)
                      ; - org.gradle.internal.service.DefaultServiceRegistry$OwnServices::getService@97 (line 489)
                      ;   {runtime_call UncommonTrapBlob}
  0x000000011894786c: 05a0 de97 | ea0f 40f9 | ea0f 00f9 | 4117 8012 

  0x000000011894787c: ; ImmutableOopMap {[24]=Oop [32]=Oop [48]=Oop [56]=Oop [64]=Oop [72]=Oop [80]=Oop }
                      ;*ifeq {reexecute=1 rethrow=0 return_oop=0}
                      ; - (reexecute) java.util.Collections$1::next@4 (line 4814)
                      ; - org.gradle.internal.service.DefaultServiceRegistry::isSatisfiedByAny@17 (line 1398)
                      ; - org.gradle.internal.service.DefaultServiceRegistry::access$1900@2 (line 90)
                      ; - org.gradle.internal.service.DefaultServiceRegistry$SingletonService::getService@20 (line 812)
                      ; - org.gradle.internal.service.DefaultServiceRegistry$OwnServices::getService@97 (line 489)
                      ;   {runtime_call UncommonTrapBlob}
  0x000000011894787c: 01a0 de97 | e283 0291 | e103 0caa 

  0x0000000118947888: ; ImmutableOopMap {[32]=Oop [48]=Oop [56]=Oop [64]=Oop [72]=Oop [80]=Oop }
                      ;*monitorenter {reexecute=0 rethrow=0 return_oop=0}
                      ; - org.gradle.internal.service.DefaultServiceRegistry$SingletonService::prepare@15 (line 782)
                      ; - org.gradle.internal.service.DefaultServiceRegistry$SingletonService::getService@29 (line 815)
                      ; - org.gradle.internal.service.DefaultServiceRegistry$OwnServices::getService@97 (line 489)
                      ;   {runtime_call _complete_monitor_locking_Java}
  0x0000000118947888: ee5c e197 | d9f6 ff17 | e17b 1a32 

  0x0000000118947894: ; ImmutableOopMap {[16]=Oop [32]=Oop [48]=Oop [56]=Oop [64]=Oop [72]=Oop [80]=Oop }
                      ;*invokeinterface getParameterTypes {reexecute=0 rethrow=0 return_oop=0}
                      ; - org.gradle.internal.service.DefaultServiceRegistry$FactoryMethodService::getParameterTypes@4 (line 1032)
                      ; - org.gradle.internal.service.DefaultServiceRegistry$FactoryService::bind@1 (line 911)
                      ; - org.gradle.internal.service.DefaultServiceRegistry$SingletonService::prepare@79 (line 789)
                      ; - org.gradle.internal.service.DefaultServiceRegistry$SingletonService::getService@29 (line 815)
                      ; - org.gradle.internal.service.DefaultServiceRegistry$OwnServices::getService@97 (line 489)
                      ;   {runtime_call UncommonTrapBlob}
  0x0000000118947894: fb9f de97 | e183 0291 | e203 1caa | e003 0caa | c900 0010 | 894f 01f9 

  0x00000001189478ac: ;   {runtime_call SharedRuntime::complete_monitor_unlocking_C(oopDesc*, BasicLock*, JavaThread*)}
  0x00000001189478ac: 888b 80d2 | c810 a1f2 | 2800 c0f2 | 0001 3fd6 | 3bf6 ff17 | 2111 8012 

  0x00000001189478c4: ; ImmutableOopMap {[32]=Oop [48]=Oop [56]=Oop [64]=Oop [72]=Oop [80]=Oop [88]=Oop }
                      ;*if_icmpge {reexecute=1 rethrow=0 return_oop=0}
                      ; - (reexecute) org.gradle.internal.service.DefaultServiceRegistry$FactoryService::bind@32 (line 917)
                      ; - org.gradle.internal.service.DefaultServiceRegistry$SingletonService::prepare@79 (line 789)
                      ; - org.gradle.internal.service.DefaultServiceRegistry$SingletonService::getService@29 (line 815)
                      ; - org.gradle.internal.service.DefaultServiceRegistry$OwnServices::getService@97 (line 489)
                      ;   {runtime_call UncommonTrapBlob}
  0x00000001189478c4: ef9f de97 | f40f 00f9 | 2104 8012 

  0x00000001189478d0: ; ImmutableOopMap {rfp=Oop [24]=Oop [32]=Oop [48]=Oop [56]=Oop }
                      ;*invokeinterface hasNext {reexecute=0 rethrow=0 return_oop=0}
                      ; - org.gradle.internal.service.DefaultServiceRegistry$OwnServices::getService@73 (line 488)
                      ;   {runtime_call UncommonTrapBlob}
  0x00000001189478d0: ec9f de97 | 2104 8012 

  0x00000001189478d8: ; ImmutableOopMap {[24]=Oop [32]=Oop [40]=Oop [48]=Oop [56]=Oop [64]=Oop [72]=Oop [80]=Oop [88]=Oop [96]=Oop [104]=Oop }
                      ;*invokeinterface getService {reexecute=0 rethrow=0 return_oop=0}
                      ; - org.gradle.internal.service.DefaultServiceRegistry::find@98 (line 1292)
                      ; - org.gradle.internal.service.DefaultServiceRegistry::access$2300@3 (line 90)
                      ; - org.gradle.internal.service.DefaultServiceRegistry$FactoryService::bind@153 (line 934)
                      ; - org.gradle.internal.service.DefaultServiceRegistry$SingletonService::prepare@79 (line 789)
                      ; - org.gradle.internal.service.DefaultServiceRegistry$SingletonService::getService@29 (line 815)
                      ; - org.gradle.internal.service.DefaultServiceRegistry$OwnServices::getService@97 (line 489)
                      ;   {runtime_call UncommonTrapBlob}
  0x00000001189478d8: ea9f de97 | 4117 8012 

  0x00000001189478e0: ; ImmutableOopMap {rfp=Oop [32]=Oop [48]=Oop [56]=Oop [64]=Oop [72]=Oop [80]=Oop }
                      ;*if_acmpne {reexecute=1 rethrow=0 return_oop=0}
                      ; - (reexecute) org.gradle.internal.service.DefaultServiceRegistry$SingletonService::prepare@68 (line 786)
                      ; - org.gradle.internal.service.DefaultServiceRegistry$SingletonService::getService@29 (line 815)
                      ; - org.gradle.internal.service.DefaultServiceRegistry$OwnServices::getService@97 (line 489)
                      ;   {runtime_call UncommonTrapBlob}
  0x00000001189478e0: e89f de97 | e103 1caa | c900 0010 | 894f 01f9 

  0x00000001189478f0: ;   {runtime_call G1BarrierSetRuntime::write_ref_field_pre_entry(oopDesc*, JavaThread*)}
  0x00000001189478f0: 084e 93d2 | c806 a1f2 | 2800 c0f2 | 0001 3fd6 | c9f6 ff17 | e103 1caa | c900 0010 | 894f 01f9 
  0x0000000118947910: ;   {runtime_call G1BarrierSetRuntime::write_ref_field_pre_entry(oopDesc*, JavaThread*)}
  0x0000000118947910: 084e 93d2 | c806 a1f2 | 2800 c0f2 | 0001 3fd6 | f7f5 ff17 | 4117 8012 

  0x0000000118947928: ; ImmutableOopMap {rfp=Oop [32]=Oop [48]=Oop [56]=Oop [64]=Oop [72]=Oop [80]=Oop }
                      ;*if_acmpne {reexecute=1 rethrow=0 return_oop=0}
                      ; - (reexecute) org.gradle.internal.service.DefaultServiceRegistry$SingletonService::prepare@23 (line 783)
                      ; - org.gradle.internal.service.DefaultServiceRegistry$SingletonService::getService@29 (line 815)
                      ; - org.gradle.internal.service.DefaultServiceRegistry$OwnServices::getService@97 (line 489)
                      ;   {runtime_call UncommonTrapBlob}
  0x0000000118947928: d69f de97 | e103 1caa | c900 0010 | 894f 01f9 

  0x0000000118947938: ;   {runtime_call G1BarrierSetRuntime::write_ref_field_pre_entry(oopDesc*, JavaThread*)}
  0x0000000118947938: 084e 93d2 | c806 a1f2 | 2800 c0f2 | 0001 3fd6 | 05f7 ff17 | 4117 8012 

  0x0000000118947950: ; ImmutableOopMap {[24]=Oop [32]=Oop [40]=Oop [48]=Oop [56]=Oop [64]=Oop [72]=Oop [80]=Oop [88]=Oop [96]=Oop [104]=Oop }
                      ;*ifeq {reexecute=1 rethrow=0 return_oop=0}
                      ; - (reexecute) org.gradle.internal.service.DefaultServiceRegistry::assertValidServiceType@4 (line 1452)
                      ; - org.gradle.internal.service.DefaultServiceRegistry::find@115 (line 1296)
                      ; - org.gradle.internal.service.DefaultServiceRegistry::access$2300@3 (line 90)
                      ; - org.gradle.internal.service.DefaultServiceRegistry$FactoryService::bind@153 (line 934)
                      ; - org.gradle.internal.service.DefaultServiceRegistry$SingletonService::prepare@79 (line 789)
                      ; - org.gradle.internal.service.DefaultServiceRegistry$SingletonService::getService@29 (line 815)
                      ; - org.gradle.internal.service.DefaultServiceRegistry$OwnServices::getService@97 (line 489)
                      ;   {runtime_call UncommonTrapBlob}
  0x0000000118947950: cc9f de97 | e003 00f9 | ea13 40f9 | fd1f 40f9 | 6101 8012 | ea07 00f9 

  0x0000000118947968: ; ImmutableOopMap {rfp=Oop [0]=Oop [8]=Oop [48]=Oop [56]=Oop [64]=Oop [72]=Oop [80]=Oop [88]=Oop }
                      ;*invokevirtual isAssignableFrom {reexecute=0 rethrow=0 return_oop=0}
                      ; - org.gradle.internal.service.DefaultServiceRegistry::isSatisfiedBy@34 (line 1423)
                      ; - org.gradle.internal.service.DefaultServiceRegistry::isSatisfiedBy@22 (line 1411)
                      ; - org.gradle.internal.service.DefaultServiceRegistry::isSatisfiedByAny@28 (line 1399)
                      ; - org.gradle.internal.service.DefaultServiceRegistry::access$1900@2 (line 90)
                      ; - org.gradle.internal.service.DefaultServiceRegistry$SingletonService::getService@20 (line 812)
                      ; - org.gradle.internal.service.DefaultServiceRegistry$OwnServices::getService@97 (line 489)
                      ;   {runtime_call UncommonTrapBlob}
  0x0000000118947968: c69f de97 | fd03 00aa | 2104 8012 

  0x0000000118947974: ; ImmutableOopMap {rfp=Oop }
                      ;*checkcast {reexecute=0 rethrow=0 return_oop=0}
                      ; - org.gradle.internal.service.DefaultServiceRegistry::isSatisfiedBy@31 (line 1423)
                      ; - org.gradle.internal.service.DefaultServiceRegistry::isSatisfiedBy@22 (line 1411)
                      ; - org.gradle.internal.service.DefaultServiceRegistry::isSatisfiedByAny@28 (line 1399)
                      ; - org.gradle.internal.service.DefaultServiceRegistry::access$1900@2 (line 90)
                      ; - org.gradle.internal.service.DefaultServiceRegistry$SingletonService::getService@20 (line 812)
                      ; - org.gradle.internal.service.DefaultServiceRegistry$OwnServices::getService@97 (line 489)
                      ;   {runtime_call UncommonTrapBlob}
  0x0000000118947974: c39f de97 | 2111 8012 

  0x000000011894797c: ; ImmutableOopMap {[24]=Oop [32]=Oop [40]=Oop [48]=Oop [56]=Oop [64]=Oop [72]=Oop [80]=Oop [88]=Oop [96]=Oop [104]=Oop }
                      ;*if_icmpge {reexecute=1 rethrow=0 return_oop=0}
                      ; - (reexecute) org.gradle.internal.service.DefaultServiceRegistry$CompositeServiceProvider::getService@16 (line 1199)
                      ; - org.gradle.internal.service.DefaultServiceRegistry::find@121 (line 1297)
                      ; - org.gradle.internal.service.DefaultServiceRegistry::access$2300@3 (line 90)
                      ; - org.gradle.internal.service.DefaultServiceRegistry$FactoryService::bind@153 (line 934)
                      ; - org.gradle.internal.service.DefaultServiceRegistry$SingletonService::prepare@79 (line 789)
                      ; - org.gradle.internal.service.DefaultServiceRegistry$SingletonService::getService@29 (line 815)
                      ; - org.gradle.internal.service.DefaultServiceRegistry$OwnServices::getService@97 (line 489)
                      ;   {runtime_call UncommonTrapBlob}
  0x000000011894797c: c19f de97 | 6103 8012 

  0x0000000118947984: ; ImmutableOopMap {[24]=Oop [32]=Oop [48]=Oop [56]=Oop [64]=Oop [72]=Oop [80]=Oop [88]=Oop [96]=Oop [112]=Oop }
                      ;*aaload {reexecute=0 rethrow=0 return_oop=0}
                      ; - java.util.Arrays$ArrayItr::next@34 (line 4248)
                      ; - org.gradle.internal.service.DefaultServiceRegistry::isEqualToAnyType@17 (line 1389)
                      ; - org.gradle.internal.service.DefaultServiceRegistry::access$2100@2 (line 90)
                      ; - org.gradle.internal.service.DefaultServiceRegistry$FactoryService::bind@44 (line 919)
                      ; - org.gradle.internal.service.DefaultServiceRegistry$SingletonService::prepare@79 (line 789)
                      ; - org.gradle.internal.service.DefaultServiceRegistry$SingletonService::getService@29 (line 815)
                      ; - org.gradle.internal.service.DefaultServiceRegistry$OwnServices::getService@97 (line 489)
                      ;   {runtime_call UncommonTrapBlob}
  0x0000000118947984: bf9f de97 | 5f01 1f6b | fd07 9f9a | 4117 8012 

  0x0000000118947994: ; ImmutableOopMap {[24]=Oop [32]=Oop [40]=Oop [48]=Oop [56]=Oop [64]=Oop [72]=Oop [80]=Oop [88]=Oop [96]=Oop [104]=Oop }
                      ;*ifeq {reexecute=1 rethrow=0 return_oop=0}
                      ; - (reexecute) org.gradle.internal.service.DefaultServiceRegistry::assertValidServiceType@21 (line 1455)
                      ; - org.gradle.internal.service.DefaultServiceRegistry::find@115 (line 1296)
                      ; - org.gradle.internal.service.DefaultServiceRegistry::access$2300@3 (line 90)
                      ; - org.gradle.internal.service.DefaultServiceRegistry$FactoryService::bind@153 (line 934)
                      ; - org.gradle.internal.service.DefaultServiceRegistry$SingletonService::prepare@79 (line 789)
                      ; - org.gradle.internal.service.DefaultServiceRegistry$SingletonService::getService@29 (line 815)
                      ; - org.gradle.internal.service.DefaultServiceRegistry$OwnServices::getService@97 (line 489)
                      ;   {runtime_call UncommonTrapBlob}
  0x0000000118947994: bb9f de97 | 4117 8012 

  0x000000011894799c: ; ImmutableOopMap {[24]=Oop [32]=Oop [40]=Oop [48]=Oop [56]=Oop [64]=Oop [72]=Oop [80]=Oop [88]=Oop [96]=Oop [104]=Oop }
                      ;*if_acmpne {reexecute=1 rethrow=0 return_oop=0}
                      ; - (reexecute) org.gradle.internal.service.DefaultServiceRegistry::assertValidServiceType@37 (line 1458)
                      ; - org.gradle.internal.service.DefaultServiceRegistry::find@115 (line 1296)
                      ; - org.gradle.internal.service.DefaultServiceRegistry::access$2300@3 (line 90)
                      ; - org.gradle.internal.service.DefaultServiceRegistry$FactoryService::bind@153 (line 934)
                      ; - org.gradle.internal.service.DefaultServiceRegistry$SingletonService::prepare@79 (line 789)
                      ; - org.gradle.internal.service.DefaultServiceRegistry$SingletonService::getService@29 (line 815)
                      ; - org.gradle.internal.service.DefaultServiceRegistry$OwnServices::getService@97 (line 489)
                      ;   {runtime_call UncommonTrapBlob}
  0x000000011894799c: b99f de97 | 2107 8012 

  0x00000001189479a4: ; ImmutableOopMap {[24]=Oop [32]=Oop [48]=Oop [56]=Oop [64]=Oop [72]=Oop [80]=Oop [88]=Oop [96]=Oop }
                      ;*invokeinterface hasNext {reexecute=0 rethrow=0 return_oop=0}
                      ; - org.gradle.internal.service.DefaultServiceRegistry::isEqualToAnyType@8 (line 1389)
                      ; - org.gradle.internal.service.DefaultServiceRegistry::access$2100@2 (line 90)
                      ; - org.gradle.internal.service.DefaultServiceRegistry$FactoryService::bind@44 (line 919)
                      ; - org.gradle.internal.service.DefaultServiceRegistry$SingletonService::prepare@79 (line 789)
                      ; - org.gradle.internal.service.DefaultServiceRegistry$SingletonService::getService@29 (line 815)
                      ; - org.gradle.internal.service.DefaultServiceRegistry$OwnServices::getService@97 (line 489)
                      ;   {runtime_call UncommonTrapBlob}
  0x00000001189479a4: b79f de97 | 6103 8012 

  0x00000001189479ac: ; ImmutableOopMap {[24]=Oop [32]=Oop [48]=Oop [56]=Oop [64]=Oop [72]=Oop [80]=Oop [96]=Oop }
                      ;*aaload {reexecute=0 rethrow=0 return_oop=0}
                      ; - java.util.Arrays$ArrayItr::next@34 (line 4248)
                      ; - org.gradle.internal.service.DefaultServiceRegistry::isSatisfiedByAny@17 (line 1398)
                      ; - org.gradle.internal.service.DefaultServiceRegistry::access$1900@2 (line 90)
                      ; - org.gradle.internal.service.DefaultServiceRegistry$SingletonService::getService@20 (line 812)
                      ; - org.gradle.internal.service.DefaultServiceRegistry$OwnServices::getService@97 (line 489)
                      ;   {runtime_call UncommonTrapBlob}
  0x00000001189479ac: b59f de97 | 2111 8012 

  0x00000001189479b4: ; ImmutableOopMap {[32]=Oop [48]=Oop [56]=Oop [64]=Oop [72]=Oop [80]=Oop [88]=Oop }
                      ;*ifeq {reexecute=1 rethrow=0 return_oop=0}
                      ; - (reexecute) org.gradle.internal.service.DefaultServiceRegistry::isSatisfiedByAny@13 (line 1398)
                      ; - org.gradle.internal.service.DefaultServiceRegistry::access$1900@2 (line 90)
                      ; - org.gradle.internal.service.DefaultServiceRegistry$SingletonService::getService@20 (line 812)
                      ; - org.gradle.internal.service.DefaultServiceRegistry$OwnServices::getService@97 (line 489)
                      ;   {runtime_call UncommonTrapBlob}
  0x00000001189479b4: b39f de97 | 2107 8012 

  0x00000001189479bc: ; ImmutableOopMap {[24]=Oop [32]=Oop [48]=Oop [56]=Oop [64]=Oop [72]=Oop [80]=Oop }
                      ;*invokeinterface hasNext {reexecute=0 rethrow=0 return_oop=0}
                      ; - org.gradle.internal.service.DefaultServiceRegistry::isSatisfiedByAny@8 (line 1398)
                      ; - org.gradle.internal.service.DefaultServiceRegistry::access$1900@2 (line 90)
                      ; - org.gradle.internal.service.DefaultServiceRegistry$SingletonService::getService@20 (line 812)
                      ; - org.gradle.internal.service.DefaultServiceRegistry$OwnServices::getService@97 (line 489)
                      ;   {runtime_call UncommonTrapBlob}
  0x00000001189479bc: b19f de97 | 2107 8012 

  0x00000001189479c4: ; ImmutableOopMap {rfp=Oop [32]=Oop [48]=Oop [56]=Oop [64]=Oop [72]=Oop [80]=Oop }
                      ;*invokeinterface iterator {reexecute=0 rethrow=0 return_oop=0}
                      ; - org.gradle.internal.service.DefaultServiceRegistry::isSatisfiedByAny@1 (line 1398)
                      ; - org.gradle.internal.service.DefaultServiceRegistry::access$1900@2 (line 90)
                      ; - org.gradle.internal.service.DefaultServiceRegistry$SingletonService::getService@20 (line 812)
                      ; - org.gradle.internal.service.DefaultServiceRegistry$OwnServices::getService@97 (line 489)
                      ;   {runtime_call UncommonTrapBlob}
  0x00000001189479c4: af9f de97 | 2107 8012 

  0x00000001189479cc: ; ImmutableOopMap {[24]=Oop [32]=Oop [48]=Oop [56]=Oop [64]=Oop [72]=Oop [80]=Oop [88]=Oop [96]=Oop }
                      ;*invokeinterface iterator {reexecute=0 rethrow=0 return_oop=0}
                      ; - org.gradle.internal.service.DefaultServiceRegistry::isEqualToAnyType@1 (line 1389)
                      ; - org.gradle.internal.service.DefaultServiceRegistry::access$2100@2 (line 90)
                      ; - org.gradle.internal.service.DefaultServiceRegistry$FactoryService::bind@44 (line 919)
                      ; - org.gradle.internal.service.DefaultServiceRegistry$SingletonService::prepare@79 (line 789)
                      ; - org.gradle.internal.service.DefaultServiceRegistry$SingletonService::getService@29 (line 815)
                      ; - org.gradle.internal.service.DefaultServiceRegistry$OwnServices::getService@97 (line 489)
                      ;   {runtime_call UncommonTrapBlob}
  0x00000001189479cc: ad9f de97 | e103 1caa | c900 0010 | 894f 01f9 

  0x00000001189479dc: ;   {runtime_call G1BarrierSetRuntime::write_ref_field_pre_entry(oopDesc*, JavaThread*)}
  0x00000001189479dc: 084e 93d2 | c806 a1f2 | 2800 c0f2 | 0001 3fd6 | b0f5 ff17 | fd33 40f9 | 2107 8012 

  0x00000001189479f8: ; ImmutableOopMap {rfp=Oop [32]=Oop [48]=Oop [56]=Oop [64]=Oop [72]=Oop [80]=Oop [88]=Oop [96]=Oop [104]=Oop }
                      ;*invokeinterface hasNext {reexecute=0 rethrow=0 return_oop=0}
                      ; - org.gradle.internal.service.DefaultServiceRegistry::isEqualToAnyType@8 (line 1389)
                      ; - org.gradle.internal.service.DefaultServiceRegistry::access$2100@2 (line 90)
                      ; - org.gradle.internal.service.DefaultServiceRegistry$FactoryService::bind@44 (line 919)
                      ; - org.gradle.internal.service.DefaultServiceRegistry$SingletonService::prepare@79 (line 789)
                      ; - org.gradle.internal.service.DefaultServiceRegistry$SingletonService::getService@29 (line 815)
                      ; - org.gradle.internal.service.DefaultServiceRegistry$OwnServices::getService@97 (line 489)
                      ;   {runtime_call UncommonTrapBlob}
  0x00000001189479f8: a29f de97 | ec03 00b9 | fd03 14aa | 6103 8012 

  0x0000000118947a08: ; ImmutableOopMap {rfp=Oop }
                      ;*invokestatic checkIndex {reexecute=0 rethrow=0 return_oop=0}
                      ; - java.util.Objects::checkIndex@3 (line 361)
                      ; - java.util.ArrayList::get@5 (line 427)
                      ; - org.gradle.internal.service.DefaultServiceRegistry$OwnServices::getService@148 (line 500)
                      ;   {runtime_call UncommonTrapBlob}
  0x0000000118947a08: 9e9f de97 | f407 00f9 | 2104 8052 

  0x0000000118947a14: ; ImmutableOopMap {[8]=Oop [32]=Oop [56]=Oop }
                      ;*new {reexecute=0 rethrow=0 return_oop=0}
                      ; - org.gradle.internal.service.DefaultServiceRegistry$OwnServices::getService@157 (line 503)
                      ;   {runtime_call UncommonTrapBlob}
  0x0000000118947a14: 9b9f de97 | ec03 00b9 | fd03 14aa | 6106 8012 

  0x0000000118947a24: ; ImmutableOopMap {rfp=Oop }
                      ;*invokestatic checkIndex {reexecute=0 rethrow=0 return_oop=0}
                      ; - java.util.Objects::checkIndex@3 (line 361)
                      ; - java.util.ArrayList::get@5 (line 427)
                      ; - org.gradle.internal.service.DefaultServiceRegistry$OwnServices::getService@148 (line 500)
                      ;   {runtime_call UncommonTrapBlob}
  0x0000000118947a24: 979f de97 | fd03 0baa | 6103 8012 

  0x0000000118947a30: ; ImmutableOopMap {rfp=Oop }
                      ;*aaload {reexecute=0 rethrow=0 return_oop=0}
                      ; - java.util.ArrayList::elementData@5 (line 411)
                      ; - java.util.ArrayList::get@11 (line 428)
                      ; - org.gradle.internal.service.DefaultServiceRegistry$OwnServices::getService@148 (line 500)
                      ;   {runtime_call UncommonTrapBlob}
  0x0000000118947a30: 949f de97 | 4117 8012 

  0x0000000118947a38: ; ImmutableOopMap {[32]=Oop [48]=Oop [56]=Oop [64]=Oop [72]=Oop [80]=Oop [96]=Oop }
                      ;*if_icmplt {reexecute=1 rethrow=0 return_oop=0}
                      ; - (reexecute) java.util.Arrays$ArrayItr::next@11 (line 4244)
                      ; - org.gradle.internal.service.DefaultServiceRegistry::isSatisfiedByAny@17 (line 1398)
                      ; - org.gradle.internal.service.DefaultServiceRegistry::access$1900@2 (line 90)
                      ; - org.gradle.internal.service.DefaultServiceRegistry$SingletonService::getService@20 (line 812)
                      ; - org.gradle.internal.service.DefaultServiceRegistry$OwnServices::getService@97 (line 489)
                      ;   {runtime_call UncommonTrapBlob}
  0x0000000118947a38: 929f de97 | 6103 8012 

  0x0000000118947a40: ; ImmutableOopMap {rfp=Oop [32]=Oop [40]=Oop [48]=Oop [56]=Oop [64]=Oop [72]=Oop [80]=Oop [88]=Oop }
                      ;*aastore {reexecute=1 rethrow=0 return_oop=0}
                      ; - (reexecute) org.gradle.internal.service.DefaultServiceRegistry$FactoryService::bind@131 (line 929)
                      ; - org.gradle.internal.service.DefaultServiceRegistry$SingletonService::prepare@79 (line 789)
                      ; - org.gradle.internal.service.DefaultServiceRegistry$SingletonService::getService@29 (line 815)
                      ; - org.gradle.internal.service.DefaultServiceRegistry$OwnServices::getService@97 (line 489)
                      ;   {runtime_call UncommonTrapBlob}
  0x0000000118947a40: 909f de97 | 2105 8012 

  0x0000000118947a48: ; ImmutableOopMap {rfp=Oop [32]=Oop [40]=Oop [48]=Oop [56]=Oop [64]=Oop [72]=Oop [80]=Oop [88]=Oop }
                      ;*aastore {reexecute=1 rethrow=0 return_oop=0}
                      ; - (reexecute) org.gradle.internal.service.DefaultServiceRegistry$FactoryService::bind@131 (line 929)
                      ; - org.gradle.internal.service.DefaultServiceRegistry$SingletonService::prepare@79 (line 789)
                      ; - org.gradle.internal.service.DefaultServiceRegistry$SingletonService::getService@29 (line 815)
                      ; - org.gradle.internal.service.DefaultServiceRegistry$OwnServices::getService@97 (line 489)
                      ;   {runtime_call UncommonTrapBlob}
  0x0000000118947a48: 8e9f de97 | 5f01 0beb | fd17 9f1a | 4117 8012 

  0x0000000118947a58: ; ImmutableOopMap {[24]=Oop [32]=Oop [40]=Oop [48]=Oop [56]=Oop [64]=Oop [72]=Oop [80]=Oop [88]=Oop [96]=Oop [104]=Oop [112]=Oop }
                      ;*ifeq {reexecute=1 rethrow=0 return_oop=0}
                      ; - (reexecute) org.gradle.internal.service.DefaultServiceRegistry::find@27 (line 1282)
                      ; - org.gradle.internal.service.DefaultServiceRegistry::access$2300@3 (line 90)
                      ; - org.gradle.internal.service.DefaultServiceRegistry$FactoryService::bind@62 (line 921)
                      ; - org.gradle.internal.service.DefaultServiceRegistry$SingletonService::prepare@79 (line 789)
                      ; - org.gradle.internal.service.DefaultServiceRegistry$SingletonService::getService@29 (line 815)
                      ; - org.gradle.internal.service.DefaultServiceRegistry$OwnServices::getService@97 (line 489)
                      ;   {runtime_call UncommonTrapBlob}
  0x0000000118947a58: 8a9f de97 | 2104 8012 

  0x0000000118947a60: ; ImmutableOopMap {[24]=Oop [32]=Oop [40]=Oop [48]=Oop [56]=Oop [64]=Oop [72]=Oop [80]=Oop [88]=Oop [96]=Oop [104]=Oop [112]=Oop }
                      ;*invokevirtual equals {reexecute=0 rethrow=0 return_oop=0}
                      ; - org.gradle.internal.service.DefaultServiceRegistry::find@24 (line 1282)
                      ; - org.gradle.internal.service.DefaultServiceRegistry::access$2300@3 (line 90)
                      ; - org.gradle.internal.service.DefaultServiceRegistry$FactoryService::bind@62 (line 921)
                      ; - org.gradle.internal.service.DefaultServiceRegistry$SingletonService::prepare@79 (line 789)
                      ; - org.gradle.internal.service.DefaultServiceRegistry$SingletonService::getService@29 (line 815)
                      ; - org.gradle.internal.service.DefaultServiceRegistry$OwnServices::getService@97 (line 489)
                      ;   {runtime_call UncommonTrapBlob}
  0x0000000118947a60: 889f de97 | 6103 8012 

  0x0000000118947a68: ; ImmutableOopMap {[24]=Oop [32]=Oop [40]=Oop [48]=Oop [56]=Oop [64]=Oop [72]=Oop [80]=Oop [88]=Oop [96]=Oop [104]=Oop }
                      ;*aaload {reexecute=0 rethrow=0 return_oop=0}
                      ; - org.gradle.internal.service.DefaultServiceRegistry::find@76 (line 1288)
                      ; - org.gradle.internal.service.DefaultServiceRegistry::access$2300@3 (line 90)
                      ; - org.gradle.internal.service.DefaultServiceRegistry$FactoryService::bind@62 (line 921)
                      ; - org.gradle.internal.service.DefaultServiceRegistry$SingletonService::prepare@79 (line 789)
                      ; - org.gradle.internal.service.DefaultServiceRegistry$SingletonService::getService@29 (line 815)
                      ; - org.gradle.internal.service.DefaultServiceRegistry$OwnServices::getService@97 (line 489)
                      ;   {runtime_call UncommonTrapBlob}
  0x0000000118947a68: 869f de97 | fd1f 40f9 | 6101 8012 

  0x0000000118947a74: ; ImmutableOopMap {rfp=Oop [32]=Oop [40]=Oop [48]=Oop [56]=Oop [64]=Oop [72]=Oop [80]=Oop [88]=Oop }
                      ;*invokevirtual isAssignableFrom {reexecute=0 rethrow=0 return_oop=0}
                      ; - org.gradle.internal.service.DefaultServiceRegistry::isSatisfiedBy@55 (line 1427)
                      ; - org.gradle.internal.service.DefaultServiceRegistry::isSatisfiedBy@22 (line 1411)
                      ; - org.gradle.internal.service.DefaultServiceRegistry::isSatisfiedByAny@28 (line 1399)
                      ; - org.gradle.internal.service.DefaultServiceRegistry::access$1900@2 (line 90)
                      ; - org.gradle.internal.service.DefaultServiceRegistry$SingletonService::getService@20 (line 812)
                      ; - org.gradle.internal.service.DefaultServiceRegistry$OwnServices::getService@97 (line 489)
                      ;   {runtime_call UncommonTrapBlob}
  0x0000000118947a74: 839f de97 | e103 1caa | c900 0010 | 894f 01f9 

  0x0000000118947a84: ;   {runtime_call G1BarrierSetRuntime::write_ref_field_pre_entry(oopDesc*, JavaThread*)}
  0x0000000118947a84: 084e 93d2 | c806 a1f2 | 2800 c0f2 | 0001 3fd6 | 15fb ff17 | e103 1caa | c900 0010 | 894f 01f9 
  0x0000000118947aa4: ;   {runtime_call G1BarrierSetRuntime::write_ref_field_pre_entry(oopDesc*, JavaThread*)}
  0x0000000118947aa4: 084e 93d2 | c806 a1f2 | 2800 c0f2 | 0001 3fd6 | fbfa ff17 | ed87 00b9 | 6bff ff17 | e003 00f9 
  0x0000000118947ac4: a5ff ff17 | fd03 00aa | a9ff ff17 | 4117 8012 | fd13 40f9 | f353 01a9 | ee2b 00b9 

  0x0000000118947ae0: ; ImmutableOopMap {rfp=Oop [16]=Oop [24]=Oop [48]=Oop [56]=Oop }
                      ;*ifne {reexecute=1 rethrow=0 return_oop=0}
                      ; - (reexecute) java.util.ArrayList::<init>@20 (line 157)
                      ; - org.gradle.internal.service.DefaultServiceRegistry$OwnServices::getService@58 (line 487)
                      ;   {runtime_call UncommonTrapBlob}
  0x0000000118947ae0: 689f de97 | 2104 8012 

  0x0000000118947ae8: ; ImmutableOopMap {[24]=Oop [32]=Oop [40]=Oop [48]=Oop [56]=Oop [64]=Oop [72]=Oop [80]=Oop [88]=Oop [96]=Oop [104]=Oop }
                      ;*invokeinterface getService {reexecute=0 rethrow=0 return_oop=0}
                      ; - org.gradle.internal.service.DefaultServiceRegistry::find@98 (line 1292)
                      ; - org.gradle.internal.service.DefaultServiceRegistry::access$2300@3 (line 90)
                      ; - org.gradle.internal.service.DefaultServiceRegistry$FactoryService::bind@62 (line 921)
                      ; - org.gradle.internal.service.DefaultServiceRegistry$SingletonService::prepare@79 (line 789)
                      ; - org.gradle.internal.service.DefaultServiceRegistry$SingletonService::getService@29 (line 815)
                      ; - org.gradle.internal.service.DefaultServiceRegistry$OwnServices::getService@97 (line 489)
                      ;   {runtime_call UncommonTrapBlob}
  0x0000000118947ae8: 669f de97 | 4117 8012 

  0x0000000118947af0: ; ImmutableOopMap {[24]=Oop [32]=Oop [40]=Oop [48]=Oop [56]=Oop [64]=Oop [72]=Oop [80]=Oop [88]=Oop [96]=Oop [104]=Oop }
                      ;*ifeq {reexecute=1 rethrow=0 return_oop=0}
                      ; - (reexecute) org.gradle.internal.service.DefaultServiceRegistry::assertValidServiceType@4 (line 1452)
                      ; - org.gradle.internal.service.DefaultServiceRegistry::find@115 (line 1296)
                      ; - org.gradle.internal.service.DefaultServiceRegistry::access$2300@3 (line 90)
                      ; - org.gradle.internal.service.DefaultServiceRegistry$FactoryService::bind@62 (line 921)
                      ; - org.gradle.internal.service.DefaultServiceRegistry$SingletonService::prepare@79 (line 789)
                      ; - org.gradle.internal.service.DefaultServiceRegistry$SingletonService::getService@29 (line 815)
                      ; - org.gradle.internal.service.DefaultServiceRegistry$OwnServices::getService@97 (line 489)
                      ;   {runtime_call UncommonTrapBlob}
  0x0000000118947af0: 649f de97 | fd03 00a9 | ea0b 00f9 | ea33 40f9 | ea3b 00f9 | ea13 40f9 | 7df1 7dd3 | 4117 8012 
  0x0000000118947b10: ea0f 00f9 

  0x0000000118947b14: ; ImmutableOopMap {rfp=Oop [0]=Oop [8]=Oop [16]=Oop [24]=Oop [48]=Oop [56]=Oop [64]=Oop [72]=Oop [80]=Oop [88]=Oop [96]=Oop [104]=Oop [112]=Oop }
                      ;*ifnull {reexecute=1 rethrow=0 return_oop=0}
                      ; - (reexecute) java.util.Objects::equals@6 (line 64)
                      ; - sun.reflect.generics.reflectiveObjects.ParameterizedTypeImpl::equals@39 (line 198)
                      ; - org.gradle.internal.service.DefaultServiceRegistry::isEqualToAnyType@28 (line 1390)
                      ; - org.gradle.internal.service.DefaultServiceRegistry::access$2100@2 (line 90)
                      ; - org.gradle.internal.service.DefaultServiceRegistry$FactoryService::bind@44 (line 919)
                      ; - org.gradle.internal.service.DefaultServiceRegistry$SingletonService::prepare@79 (line 789)
                      ; - org.gradle.internal.service.DefaultServiceRegistry$SingletonService::getService@29 (line 815)
                      ; - org.gradle.internal.service.DefaultServiceRegistry$OwnServices::getService@97 (line 489)
                      ;   {runtime_call UncommonTrapBlob}
  0x0000000118947b14: 5b9f de97 | 2111 8012 

  0x0000000118947b1c: ; ImmutableOopMap {[24]=Oop [32]=Oop [48]=Oop [56]=Oop [64]=Oop [72]=Oop [80]=Oop [88]=Oop [96]=Oop [104]=Oop [112]=Oop }
                      ;*if_icmpge {reexecute=1 rethrow=0 return_oop=0}
                      ; - (reexecute) org.gradle.internal.service.DefaultServiceRegistry$CompositeServiceProvider::getService@16 (line 1199)
                      ; - org.gradle.internal.service.DefaultServiceRegistry::find@121 (line 1297)
                      ; - org.gradle.internal.service.DefaultServiceRegistry::access$2300@3 (line 90)
                      ; - org.gradle.internal.service.DefaultServiceRegistry$FactoryService::bind@62 (line 921)
                      ; - org.gradle.internal.service.DefaultServiceRegistry$SingletonService::prepare@79 (line 789)
                      ; - org.gradle.internal.service.DefaultServiceRegistry$SingletonService::getService@29 (line 815)
                      ; - org.gradle.internal.service.DefaultServiceRegistry$OwnServices::getService@97 (line 489)
                      ;   {runtime_call UncommonTrapBlob}
  0x0000000118947b1c: 599f de97 | fd33 00a9 | ea33 40f9 | ea17 00f9 | ea13 40f9 | 7df1 7dd3 | 4117 8012 | ea0b 00f9 
  0x0000000118947b3c: ; ImmutableOopMap {rfp=Oop [0]=Oop [8]=Oop [16]=Oop [40]=Oop [48]=Oop [56]=Oop [64]=Oop [72]=Oop [80]=Oop [88]=Oop [96]=Oop [104]=Oop }
                      ;*ifnull {reexecute=1 rethrow=0 return_oop=0}
                      ; - (reexecute) java.util.Objects::equals@6 (line 64)
                      ; - sun.reflect.generics.reflectiveObjects.ParameterizedTypeImpl::equals@51 (line 199)
                      ; - org.gradle.internal.service.DefaultServiceRegistry::isEqualToAnyType@28 (line 1390)
                      ; - org.gradle.internal.service.DefaultServiceRegistry::access$2100@2 (line 90)
                      ; - org.gradle.internal.service.DefaultServiceRegistry$FactoryService::bind@44 (line 919)
                      ; - org.gradle.internal.service.DefaultServiceRegistry$SingletonService::prepare@79 (line 789)
                      ; - org.gradle.internal.service.DefaultServiceRegistry$SingletonService::getService@29 (line 815)
                      ; - org.gradle.internal.service.DefaultServiceRegistry$OwnServices::getService@97 (line 489)
                      ;   {runtime_call UncommonTrapBlob}
  0x0000000118947b3c: 519f de97 | ea0f 00f9 | ea17 40f9 | ea03 00f9 | e00b 00f9 | ea1f 40f9 | ea33 00f9 | 7df1 7dd3 
  0x0000000118947b5c: 4117 8012 

  0x0000000118947b60: ; ImmutableOopMap {rfp=Oop [0]=Oop [8]=Oop [16]=Oop [24]=Oop [32]=Oop [48]=Oop [56]=Oop [64]=Oop [72]=Oop [80]=Oop [88]=Oop [96]=Oop }
                      ;*ifnull {reexecute=1 rethrow=0 return_oop=0}
                      ; - (reexecute) java.util.Objects::equals@6 (line 64)
                      ; - sun.reflect.generics.reflectiveObjects.ParameterizedTypeImpl::equals@39 (line 198)
                      ; - org.gradle.internal.service.DefaultServiceRegistry::isSatisfiedBy@2 (line 1407)
                      ; - org.gradle.internal.service.DefaultServiceRegistry::isSatisfiedByAny@28 (line 1399)
                      ; - org.gradle.internal.service.DefaultServiceRegistry::access$1900@2 (line 90)
                      ; - org.gradle.internal.service.DefaultServiceRegistry$SingletonService::getService@20 (line 812)
                      ; - org.gradle.internal.service.DefaultServiceRegistry$OwnServices::getService@97 (line 489)
                      ;   {runtime_call UncommonTrapBlob}
  0x0000000118947b60: 489f de97 | 5f01 1f6b | fd07 9f9a | 4117 8012 

  0x0000000118947b70: ; ImmutableOopMap {[24]=Oop [32]=Oop [40]=Oop [48]=Oop [56]=Oop [64]=Oop [72]=Oop [80]=Oop [88]=Oop [96]=Oop [104]=Oop }
                      ;*ifeq {reexecute=1 rethrow=0 return_oop=0}
                      ; - (reexecute) org.gradle.internal.service.DefaultServiceRegistry::assertValidServiceType@21 (line 1455)
                      ; - org.gradle.internal.service.DefaultServiceRegistry::find@115 (line 1296)
                      ; - org.gradle.internal.service.DefaultServiceRegistry::access$2300@3 (line 90)
                      ; - org.gradle.internal.service.DefaultServiceRegistry$FactoryService::bind@62 (line 921)
                      ; - org.gradle.internal.service.DefaultServiceRegistry$SingletonService::prepare@79 (line 789)
                      ; - org.gradle.internal.service.DefaultServiceRegistry$SingletonService::getService@29 (line 815)
                      ; - org.gradle.internal.service.DefaultServiceRegistry$OwnServices::getService@97 (line 489)
                      ;   {runtime_call UncommonTrapBlob}
  0x0000000118947b70: 449f de97 | 4117 8012 

  0x0000000118947b78: ; ImmutableOopMap {[24]=Oop [32]=Oop [40]=Oop [48]=Oop [56]=Oop [64]=Oop [72]=Oop [80]=Oop [88]=Oop [96]=Oop [104]=Oop }
                      ;*if_acmpne {reexecute=1 rethrow=0 return_oop=0}
                      ; - (reexecute) org.gradle.internal.service.DefaultServiceRegistry::assertValidServiceType@37 (line 1458)
                      ; - org.gradle.internal.service.DefaultServiceRegistry::find@115 (line 1296)
                      ; - org.gradle.internal.service.DefaultServiceRegistry::access$2300@3 (line 90)
                      ; - org.gradle.internal.service.DefaultServiceRegistry$FactoryService::bind@62 (line 921)
                      ; - org.gradle.internal.service.DefaultServiceRegistry$SingletonService::prepare@79 (line 789)
                      ; - org.gradle.internal.service.DefaultServiceRegistry$SingletonService::getService@29 (line 815)
                      ; - org.gradle.internal.service.DefaultServiceRegistry$OwnServices::getService@97 (line 489)
                      ;   {runtime_call UncommonTrapBlob}
  0x0000000118947b78: 429f de97 | ea17 40f9 | ea03 00f9 | ec0b 00f9 | ea1f 40f9 | ea33 00f9 | ea13 40f9 | ea0f 00f9 
  0x0000000118947b98: ea1b 40f9 | 7df1 7dd3 | 4117 8012 | ea17 00f9 

  0x0000000118947ba8: ; ImmutableOopMap {rfp=Oop [0]=Oop [8]=Oop [16]=Oop [24]=Oop [40]=Oop [56]=Oop [64]=Oop [72]=Oop [80]=Oop [88]=Oop [96]=Oop }
                      ;*ifnull {reexecute=1 rethrow=0 return_oop=0}
                      ; - (reexecute) java.util.Objects::equals@6 (line 64)
                      ; - sun.reflect.generics.reflectiveObjects.ParameterizedTypeImpl::equals@51 (line 199)
                      ; - org.gradle.internal.service.DefaultServiceRegistry::isSatisfiedBy@2 (line 1407)
                      ; - org.gradle.internal.service.DefaultServiceRegistry::isSatisfiedByAny@28 (line 1399)
                      ; - org.gradle.internal.service.DefaultServiceRegistry::access$1900@2 (line 90)
                      ; - org.gradle.internal.service.DefaultServiceRegistry$SingletonService::getService@20 (line 812)
                      ; - org.gradle.internal.service.DefaultServiceRegistry$OwnServices::getService@97 (line 489)
                      ;   {runtime_call UncommonTrapBlob}
  0x0000000118947ba8: 369f de97 | ec2f 00b9 | 86f9 ff17 | fd03 00a9 | ea0b 00f9 | d0ff ff17 | fd33 00a9 | d8ff ff17 
  0x0000000118947bc8: fd03 00f9 | e02b 01a9 | e0ff ff17 | fd03 00f9 | ec0b 00f9 | ebff ff17 | 2104 8012 | ea3f 01a9 
  0x0000000118947be8: ; ImmutableOopMap {[16]=Oop [24]=Oop [48]=Oop }
                      ;*checkcast {reexecute=0 rethrow=0 return_oop=0}
                      ; - org.gradle.internal.service.DefaultServiceRegistry::unwrap@61 (line 659)
                      ; - org.gradle.internal.service.DefaultServiceRegistry::access$1200@1 (line 90)
                      ; - org.gradle.internal.service.DefaultServiceRegistry$OwnServices::getService@2 (line 479)
                      ;   {runtime_call UncommonTrapBlob}
  0x0000000118947be8: 269f de97 | 2104 8012 | ef03 00f9 | ea47 01a9 

  0x0000000118947bf8: ; ImmutableOopMap {[0]=Oop [16]=Oop [24]=Oop [48]=Oop }
                      ;*checkcast {reexecute=0 rethrow=0 return_oop=0}
                      ; - org.gradle.internal.service.DefaultServiceRegistry::unwrap@71 (line 660)
                      ; - org.gradle.internal.service.DefaultServiceRegistry::access$1200@1 (line 90)
                      ; - org.gradle.internal.service.DefaultServiceRegistry$OwnServices::getService@2 (line 479)
                      ;   {runtime_call UncommonTrapBlob}
  0x0000000118947bf8: 229f de97 | 2104 8012 

  0x0000000118947c00: ; ImmutableOopMap {[16]=Oop [32]=Oop [48]=Oop [56]=Oop [64]=Oop [72]=Oop }
                      ;*checkcast {reexecute=0 rethrow=0 return_oop=0}
                      ; - org.gradle.internal.service.DefaultServiceRegistry$OwnServices::getService@88 (line 488)
                      ;   {runtime_call UncommonTrapBlob}
  0x0000000118947c00: 209f de97 | 2104 8012 

  0x0000000118947c08: ; ImmutableOopMap {[24]=Oop [32]=Oop [40]=Oop [48]=Oop [56]=Oop [64]=Oop [72]=Oop [80]=Oop [88]=Oop [96]=Oop }
                      ;*instanceof {reexecute=0 rethrow=0 return_oop=0}
                      ; - org.gradle.internal.service.DefaultServiceRegistry::find@105 (line 1295)
                      ; - org.gradle.internal.service.DefaultServiceRegistry::access$2300@3 (line 90)
                      ; - org.gradle.internal.service.DefaultServiceRegistry$FactoryService::bind@62 (line 921)
                      ; - org.gradle.internal.service.DefaultServiceRegistry$SingletonService::prepare@79 (line 789)
                      ; - org.gradle.internal.service.DefaultServiceRegistry$SingletonService::getService@29 (line 815)
                      ; - org.gradle.internal.service.DefaultServiceRegistry$OwnServices::getService@97 (line 489)
                      ;   {runtime_call UncommonTrapBlob}
  0x0000000118947c08: 1e9f de97 | 2104 8012 

  0x0000000118947c10: ; ImmutableOopMap {[24]=Oop [32]=Oop [40]=Oop [48]=Oop [56]=Oop [64]=Oop [72]=Oop [80]=Oop [88]=Oop [96]=Oop }
                      ;*checkcast {reexecute=0 rethrow=0 return_oop=0}
                      ; - org.gradle.internal.service.DefaultServiceRegistry::find@8 (line 1280)
                      ; - org.gradle.internal.service.DefaultServiceRegistry::access$2300@3 (line 90)
                      ; - org.gradle.internal.service.DefaultServiceRegistry$FactoryService::bind@153 (line 934)
                      ; - org.gradle.internal.service.DefaultServiceRegistry$SingletonService::prepare@79 (line 789)
                      ; - org.gradle.internal.service.DefaultServiceRegistry$SingletonService::getService@29 (line 815)
                      ; - org.gradle.internal.service.DefaultServiceRegistry$OwnServices::getService@97 (line 489)
                      ;   {runtime_call UncommonTrapBlob}
  0x0000000118947c10: 1c9f de97 | 2104 8012 

  0x0000000118947c18: ; ImmutableOopMap {rfp=Oop [32]=Oop [40]=Oop [48]=Oop [56]=Oop [64]=Oop [72]=Oop [80]=Oop [88]=Oop }
                      ;*aastore {reexecute=1 rethrow=0 return_oop=0}
                      ; - (reexecute) org.gradle.internal.service.DefaultServiceRegistry$FactoryService::bind@131 (line 929)
                      ; - org.gradle.internal.service.DefaultServiceRegistry$SingletonService::prepare@79 (line 789)
                      ; - org.gradle.internal.service.DefaultServiceRegistry$SingletonService::getService@29 (line 815)
                      ; - org.gradle.internal.service.DefaultServiceRegistry$OwnServices::getService@97 (line 489)
                      ;   {runtime_call UncommonTrapBlob}
  0x0000000118947c18: 1a9f de97 | 2104 8012 

  0x0000000118947c20: ; ImmutableOopMap {[24]=Oop [32]=Oop [40]=Oop [48]=Oop [56]=Oop [64]=Oop [72]=Oop [80]=Oop [88]=Oop [96]=Oop }
                      ;*checkcast {reexecute=0 rethrow=0 return_oop=0}
                      ; - org.gradle.internal.service.DefaultServiceRegistry::find@8 (line 1280)
                      ; - org.gradle.internal.service.DefaultServiceRegistry::access$2300@3 (line 90)
                      ; - org.gradle.internal.service.DefaultServiceRegistry$FactoryService::bind@62 (line 921)
                      ; - org.gradle.internal.service.DefaultServiceRegistry$SingletonService::prepare@79 (line 789)
                      ; - org.gradle.internal.service.DefaultServiceRegistry$SingletonService::getService@29 (line 815)
                      ; - org.gradle.internal.service.DefaultServiceRegistry$OwnServices::getService@97 (line 489)
                      ;   {runtime_call UncommonTrapBlob}
  0x0000000118947c20: 189f de97 | 2104 8012 

  0x0000000118947c28: ; ImmutableOopMap {[24]=Oop [32]=Oop [40]=Oop [48]=Oop [56]=Oop [64]=Oop [72]=Oop [80]=Oop [88]=Oop [96]=Oop }
                      ;*instanceof {reexecute=0 rethrow=0 return_oop=0}
                      ; - org.gradle.internal.service.DefaultServiceRegistry::find@105 (line 1295)
                      ; - org.gradle.internal.service.DefaultServiceRegistry::access$2300@3 (line 90)
                      ; - org.gradle.internal.service.DefaultServiceRegistry$FactoryService::bind@153 (line 934)
                      ; - org.gradle.internal.service.DefaultServiceRegistry$SingletonService::prepare@79 (line 789)
                      ; - org.gradle.internal.service.DefaultServiceRegistry$SingletonService::getService@29 (line 815)
                      ; - org.gradle.internal.service.DefaultServiceRegistry$OwnServices::getService@97 (line 489)
                      ;   {runtime_call UncommonTrapBlob}
  0x0000000118947c28: 169f de97 | 2104 8012 | fd03 0aaa 

  0x0000000118947c34: ; ImmutableOopMap {rfp=Oop }
                      ;*checkcast {reexecute=0 rethrow=0 return_oop=0}
                      ; - org.gradle.internal.service.DefaultServiceRegistry$OwnServices::getService@153 (line 500)
                      ;   {runtime_call UncommonTrapBlob}
  0x0000000118947c34: 139f de97 | 6101 8012 | e203 00f9 | ea0b 00f9 

  0x0000000118947c44: ; ImmutableOopMap {[0]=Oop [16]=Oop [48]=Oop }
                      ;*instanceof {reexecute=0 rethrow=0 return_oop=0}
                      ; - org.gradle.internal.service.DefaultServiceRegistry::unwrap@1 (line 650)
                      ; - org.gradle.internal.service.DefaultServiceRegistry::access$1200@1 (line 90)
                      ; - org.gradle.internal.service.DefaultServiceRegistry$OwnServices::getService@2 (line 479)
                      ;   {runtime_call UncommonTrapBlob}
  0x0000000118947c44: 0f9f de97 | 2101 8012 | fd03 11aa 

  0x0000000118947c50: ; ImmutableOopMap {rfp=Oop }
                      ;*invokeinterface get {reexecute=0 rethrow=0 return_oop=0}
                      ; - org.gradle.internal.service.DefaultServiceRegistry$OwnServices::getProviders@5 (line 517)
                      ; - org.gradle.internal.service.DefaultServiceRegistry$OwnServices::getService@5 (line 479)
                      ;   {runtime_call UncommonTrapBlob}
  0x0000000118947c50: 0c9f de97 | 6101 8012 | fd1f 40f9 

  0x0000000118947c5c: ; ImmutableOopMap {rfp=Oop [48]=Oop }
                      ;*checkcast {reexecute=0 rethrow=0 return_oop=0}
                      ; - org.gradle.internal.service.DefaultServiceRegistry$OwnServices::getService@37 (line 484)
                      ;   {runtime_call UncommonTrapBlob}
  0x0000000118947c5c: 099f de97 | 2101 8012 

  0x0000000118947c64: ; ImmutableOopMap {}
                      ;*aaload {reexecute=0 rethrow=0 return_oop=0}
                      ; - java.util.ArrayList::elementData@5 (line 411)
                      ; - java.util.ArrayList::get@11 (line 428)
                      ; - org.gradle.internal.service.DefaultServiceRegistry$OwnServices::getService@32 (line 484)
                      ;   {runtime_call UncommonTrapBlob}
  0x0000000118947c64: 079f de97 | 6101 8012 | ef03 00f9 | ea0b 00f9 

  0x0000000118947c74: ; ImmutableOopMap {[0]=Oop [16]=Oop [48]=Oop }
                      ;*checkcast {reexecute=0 rethrow=0 return_oop=0}
                      ; - org.gradle.internal.service.DefaultServiceRegistry::unwrap@71 (line 660)
                      ; - org.gradle.internal.service.DefaultServiceRegistry::access$1200@1 (line 90)
                      ; - org.gradle.internal.service.DefaultServiceRegistry$OwnServices::getService@2 (line 479)
                      ;   {runtime_call UncommonTrapBlob}
  0x0000000118947c74: 039f de97 | 6101 8012 

  0x0000000118947c7c: ; ImmutableOopMap {[32]=Oop [48]=Oop [56]=Oop [64]=Oop [72]=Oop [80]=Oop [88]=Oop }
                      ;*checkcast {reexecute=0 rethrow=0 return_oop=0}
                      ; - org.gradle.internal.service.DefaultServiceRegistry::isSatisfiedByAny@22 (line 1398)
                      ; - org.gradle.internal.service.DefaultServiceRegistry::access$1900@2 (line 90)
                      ; - org.gradle.internal.service.DefaultServiceRegistry$SingletonService::getService@20 (line 812)
                      ; - org.gradle.internal.service.DefaultServiceRegistry$OwnServices::getService@97 (line 489)
                      ;   {runtime_call UncommonTrapBlob}
  0x0000000118947c7c: 019f de97 | 6101 8012 

  0x0000000118947c84: ; ImmutableOopMap {[32]=Oop [48]=Oop [56]=Oop [64]=Oop [72]=Oop }
                      ;*checkcast {reexecute=0 rethrow=0 return_oop=0}
                      ; - org.gradle.internal.service.DefaultServiceRegistry$OwnServices::getService@88 (line 488)
                      ;   {runtime_call UncommonTrapBlob}
  0x0000000118947c84: ff9e de97 | 2101 8012 

  0x0000000118947c8c: ; ImmutableOopMap {[48]=Oop }
                      ;*invokeinterface contains {reexecute=0 rethrow=0 return_oop=0}
                      ; - org.gradle.internal.service.DefaultServiceRegistry$SingletonService::getService@5 (line 809)
                      ; - org.gradle.internal.service.DefaultServiceRegistry$OwnServices::getService@97 (line 489)
                      ;   {runtime_call UncommonTrapBlob}
  0x0000000118947c8c: fd9e de97 | 2101 8012 

  0x0000000118947c94: ; ImmutableOopMap {}
                      ;*invokeinterface iterator {reexecute=0 rethrow=0 return_oop=0}
                      ; - org.gradle.internal.service.DefaultServiceRegistry::isSatisfiedByAny@1 (line 1398)
                      ; - org.gradle.internal.service.DefaultServiceRegistry::access$1900@2 (line 90)
                      ; - org.gradle.internal.service.DefaultServiceRegistry$SingletonService::getService@20 (line 812)
                      ; - org.gradle.internal.service.DefaultServiceRegistry$OwnServices::getService@97 (line 489)
                      ;   {runtime_call UncommonTrapBlob}
  0x0000000118947c94: fb9e de97 | 2101 8012 

  0x0000000118947c9c: ; ImmutableOopMap {}
                      ;*getfield size {reexecute=1 rethrow=0 return_oop=0}
                      ; - (reexecute) java.util.ArrayList$Itr::hasNext@8 (line 962)
                      ; - org.gradle.internal.service.DefaultServiceRegistry$OwnServices::getService@73 (line 488)
                      ;   {runtime_call UncommonTrapBlob}
  0x0000000118947c9c: f99e de97 | 2101 8012 

  0x0000000118947ca4: ; ImmutableOopMap {[32]=Oop [48]=Oop [56]=Oop [64]=Oop [72]=Oop [80]=Oop [88]=Oop [96]=Oop }
                      ;*invokeinterface iterator {reexecute=0 rethrow=0 return_oop=0}
                      ; - org.gradle.internal.service.DefaultServiceRegistry::isEqualToAnyType@1 (line 1389)
                      ; - org.gradle.internal.service.DefaultServiceRegistry::access$2100@2 (line 90)
                      ; - org.gradle.internal.service.DefaultServiceRegistry$FactoryService::bind@44 (line 919)
                      ; - org.gradle.internal.service.DefaultServiceRegistry$SingletonService::prepare@79 (line 789)
                      ; - org.gradle.internal.service.DefaultServiceRegistry$SingletonService::getService@29 (line 815)
                      ; - org.gradle.internal.service.DefaultServiceRegistry$OwnServices::getService@97 (line 489)
                      ;   {runtime_call UncommonTrapBlob}
  0x0000000118947ca4: f79e de97 | 6101 8012 

  0x0000000118947cac: ; ImmutableOopMap {[24]=Oop [32]=Oop [40]=Oop [48]=Oop [56]=Oop [64]=Oop [72]=Oop [80]=Oop [88]=Oop [96]=Oop }
                      ;*instanceof {reexecute=0 rethrow=0 return_oop=0}
                      ; - org.gradle.internal.service.DefaultServiceRegistry::find@1 (line 1279)
                      ; - org.gradle.internal.service.DefaultServiceRegistry::access$2300@3 (line 90)
                      ; - org.gradle.internal.service.DefaultServiceRegistry$FactoryService::bind@153 (line 934)
                      ; - org.gradle.internal.service.DefaultServiceRegistry$SingletonService::prepare@79 (line 789)
                      ; - org.gradle.internal.service.DefaultServiceRegistry$SingletonService::getService@29 (line 815)
                      ; - org.gradle.internal.service.DefaultServiceRegistry$OwnServices::getService@97 (line 489)
                      ;   {runtime_call UncommonTrapBlob}
  0x0000000118947cac: f59e de97 | 2101 8012 

  0x0000000118947cb4: ; ImmutableOopMap {[24]=Oop [32]=Oop [48]=Oop [56]=Oop [64]=Oop [72]=Oop [80]=Oop [88]=Oop }
                      ;*aastore {reexecute=1 rethrow=0 return_oop=0}
                      ; - (reexecute) org.gradle.internal.service.DefaultServiceRegistry$FactoryService::bind@281 (line 950)
                      ; - org.gradle.internal.service.DefaultServiceRegistry$SingletonService::prepare@79 (line 789)
                      ; - org.gradle.internal.service.DefaultServiceRegistry$SingletonService::getService@29 (line 815)
                      ; - org.gradle.internal.service.DefaultServiceRegistry$OwnServices::getService@97 (line 489)
                      ;   {runtime_call UncommonTrapBlob}
  0x0000000118947cb4: f39e de97 | 2101 8012 

  0x0000000118947cbc: ; ImmutableOopMap {[32]=Oop [48]=Oop [56]=Oop [64]=Oop [72]=Oop [80]=Oop [88]=Oop [96]=Oop }
                      ;*invokevirtual equals {reexecute=0 rethrow=0 return_oop=0}
                      ; - org.gradle.internal.service.DefaultServiceRegistry::find@24 (line 1282)
                      ; - org.gradle.internal.service.DefaultServiceRegistry::access$2300@3 (line 90)
                      ; - org.gradle.internal.service.DefaultServiceRegistry$FactoryService::bind@153 (line 934)
                      ; - org.gradle.internal.service.DefaultServiceRegistry$SingletonService::prepare@79 (line 789)
                      ; - org.gradle.internal.service.DefaultServiceRegistry$SingletonService::getService@29 (line 815)
                      ; - org.gradle.internal.service.DefaultServiceRegistry$OwnServices::getService@97 (line 489)
                      ;   {runtime_call UncommonTrapBlob}
  0x0000000118947cbc: f19e de97 | 6101 8012 

  0x0000000118947cc4: ; ImmutableOopMap {[24]=Oop [32]=Oop [40]=Oop [48]=Oop [56]=Oop [64]=Oop [72]=Oop [80]=Oop [88]=Oop [96]=Oop [104]=Oop [112]=Oop }
                      ;*invokevirtual isAssignableFrom {reexecute=0 rethrow=0 return_oop=0}
                      ; - org.gradle.internal.service.DefaultServiceRegistry::find@63 (line 1287)
                      ; - org.gradle.internal.service.DefaultServiceRegistry::access$2300@3 (line 90)
                      ; - org.gradle.internal.service.DefaultServiceRegistry$FactoryService::bind@153 (line 934)
                      ; - org.gradle.internal.service.DefaultServiceRegistry$SingletonService::prepare@79 (line 789)
                      ; - org.gradle.internal.service.DefaultServiceRegistry$SingletonService::getService@29 (line 815)
                      ; - org.gradle.internal.service.DefaultServiceRegistry$OwnServices::getService@97 (line 489)
                      ;   {runtime_call UncommonTrapBlob}
  0x0000000118947cc4: ef9e de97 | 2101 8012 

  0x0000000118947ccc: ; ImmutableOopMap {[32]=Oop [48]=Oop [56]=Oop [64]=Oop [72]=Oop [80]=Oop [88]=Oop [96]=Oop }
                      ;*invokevirtual clone {reexecute=1 rethrow=0 return_oop=0}
                      ; - (reexecute) sun.reflect.generics.reflectiveObjects.ParameterizedTypeImpl::getActualTypeArguments@4 (line 123)
                      ; - org.gradle.internal.service.DefaultServiceRegistry::find@70 (line 1288)
                      ; - org.gradle.internal.service.DefaultServiceRegistry::access$2300@3 (line 90)
                      ; - org.gradle.internal.service.DefaultServiceRegistry$FactoryService::bind@153 (line 934)
                      ; - org.gradle.internal.service.DefaultServiceRegistry$SingletonService::prepare@79 (line 789)
                      ; - org.gradle.internal.service.DefaultServiceRegistry$SingletonService::getService@29 (line 815)
                      ; - org.gradle.internal.service.DefaultServiceRegistry$OwnServices::getService@97 (line 489)
                      ;   {runtime_call UncommonTrapBlob}
  0x0000000118947ccc: ed9e de97 | 4117 8012 

  0x0000000118947cd4: ; ImmutableOopMap {[24]=Oop [32]=Oop [48]=Oop [56]=Oop [64]=Oop [72]=Oop [80]=Oop [88]=Oop [96]=Oop }
                      ;*ifnonnull {reexecute=1 rethrow=0 return_oop=0}
                      ; - (reexecute) org.gradle.internal.service.DefaultServiceRegistry$FactoryService::bind@219 (line 942)
                      ; - org.gradle.internal.service.DefaultServiceRegistry$SingletonService::prepare@79 (line 789)
                      ; - org.gradle.internal.service.DefaultServiceRegistry$SingletonService::getService@29 (line 815)
                      ; - org.gradle.internal.service.DefaultServiceRegistry$OwnServices::getService@97 (line 489)
                      ;   {runtime_call UncommonTrapBlob}
  0x0000000118947cd4: eb9e de97 | 2101 8012 

  0x0000000118947cdc: ; ImmutableOopMap {[32]=Oop [48]=Oop [56]=Oop [64]=Oop [72]=Oop [80]=Oop }
                      ;*invokeinterface getParameterTypes {reexecute=0 rethrow=0 return_oop=0}
                      ; - org.gradle.internal.service.DefaultServiceRegistry$FactoryMethodService::getParameterTypes@4 (line 1032)
                      ; - org.gradle.internal.service.DefaultServiceRegistry$FactoryService::bind@1 (line 911)
                      ; - org.gradle.internal.service.DefaultServiceRegistry$SingletonService::prepare@79 (line 789)
                      ; - org.gradle.internal.service.DefaultServiceRegistry$SingletonService::getService@29 (line 815)
                      ; - org.gradle.internal.service.DefaultServiceRegistry$OwnServices::getService@97 (line 489)
                      ;   {runtime_call UncommonTrapBlob}
  0x0000000118947cdc: e99e de97 | 2101 8012 

  0x0000000118947ce4: ; ImmutableOopMap {[32]=Oop [48]=Oop [56]=Oop [64]=Oop [72]=Oop [80]=Oop }
                      ;*arraylength {reexecute=0 rethrow=0 return_oop=0}
                      ; - org.gradle.internal.service.DefaultServiceRegistry$FactoryService::bind@6 (line 912)
                      ; - org.gradle.internal.service.DefaultServiceRegistry$SingletonService::prepare@79 (line 789)
                      ; - org.gradle.internal.service.DefaultServiceRegistry$SingletonService::getService@29 (line 815)
                      ; - org.gradle.internal.service.DefaultServiceRegistry$OwnServices::getService@97 (line 489)
                      ;   {runtime_call UncommonTrapBlob}
  0x0000000118947ce4: e79e de97 | 2101 8012 

  0x0000000118947cec: ; ImmutableOopMap {[24]=Oop [32]=Oop [48]=Oop [56]=Oop [64]=Oop [72]=Oop [80]=Oop [88]=Oop [96]=Oop [104]=Oop }
                      ;*invokeinterface getService {reexecute=0 rethrow=0 return_oop=0}
                      ; - org.gradle.internal.service.DefaultServiceRegistry::find@98 (line 1292)
                      ; - org.gradle.internal.service.DefaultServiceRegistry::access$2300@3 (line 90)
                      ; - org.gradle.internal.service.DefaultServiceRegistry$FactoryService::bind@153 (line 934)
                      ; - org.gradle.internal.service.DefaultServiceRegistry$SingletonService::prepare@79 (line 789)
                      ; - org.gradle.internal.service.DefaultServiceRegistry$SingletonService::getService@29 (line 815)
                      ; - org.gradle.internal.service.DefaultServiceRegistry$OwnServices::getService@97 (line 489)
                      ;   {runtime_call UncommonTrapBlob}
  0x0000000118947cec: e59e de97 | 6101 8012 

  0x0000000118947cf4: ; ImmutableOopMap {[24]=Oop [32]=Oop [40]=Oop [48]=Oop [56]=Oop [64]=Oop [72]=Oop [80]=Oop [88]=Oop [96]=Oop [104]=Oop }
                      ;*invokevirtual getModifiers {reexecute=0 rethrow=0 return_oop=0}
                      ; - java.lang.Class::isAnnotation@1 (line 783)
                      ; - org.gradle.internal.service.DefaultServiceRegistry::assertValidServiceType@18 (line 1455)
                      ; - org.gradle.internal.service.DefaultServiceRegistry::find@115 (line 1296)
                      ; - org.gradle.internal.service.DefaultServiceRegistry::access$2300@3 (line 90)
                      ; - org.gradle.internal.service.DefaultServiceRegistry$FactoryService::bind@153 (line 934)
                      ; - org.gradle.internal.service.DefaultServiceRegistry$SingletonService::prepare@79 (line 789)
                      ; - org.gradle.internal.service.DefaultServiceRegistry$SingletonService::getService@29 (line 815)
                      ; - org.gradle.internal.service.DefaultServiceRegistry$OwnServices::getService@97 (line 489)
                      ;   {runtime_call UncommonTrapBlob}
  0x0000000118947cf4: e39e de97 | 2101 8012 

  0x0000000118947cfc: ; ImmutableOopMap {[24]=Oop [32]=Oop [48]=Oop [56]=Oop [64]=Oop [72]=Oop [80]=Oop [88]=Oop [96]=Oop [104]=Oop }
                      ;*invokeinterface getService {reexecute=0 rethrow=0 return_oop=0}
                      ; - org.gradle.internal.service.DefaultServiceRegistry::find@121 (line 1297)
                      ; - org.gradle.internal.service.DefaultServiceRegistry::access$2300@3 (line 90)
                      ; - org.gradle.internal.service.DefaultServiceRegistry$FactoryService::bind@153 (line 934)
                      ; - org.gradle.internal.service.DefaultServiceRegistry$SingletonService::prepare@79 (line 789)
                      ; - org.gradle.internal.service.DefaultServiceRegistry$SingletonService::getService@29 (line 815)
                      ; - org.gradle.internal.service.DefaultServiceRegistry$OwnServices::getService@97 (line 489)
                      ;   {runtime_call UncommonTrapBlob}
  0x0000000118947cfc: e19e de97 | fd1f 40f9 | 6101 8012 

  0x0000000118947d08: ; ImmutableOopMap {rfp=Oop [32]=Oop [48]=Oop [56]=Oop [64]=Oop [72]=Oop [80]=Oop [88]=Oop }
                      ;*checkcast {reexecute=0 rethrow=0 return_oop=0}
                      ; - org.gradle.internal.service.DefaultServiceRegistry::isSatisfiedBy@31 (line 1423)
                      ; - org.gradle.internal.service.DefaultServiceRegistry::isSatisfiedBy@22 (line 1411)
                      ; - org.gradle.internal.service.DefaultServiceRegistry::isSatisfiedByAny@28 (line 1399)
                      ; - org.gradle.internal.service.DefaultServiceRegistry::access$1900@2 (line 90)
                      ; - org.gradle.internal.service.DefaultServiceRegistry$SingletonService::getService@20 (line 812)
                      ; - org.gradle.internal.service.DefaultServiceRegistry$OwnServices::getService@97 (line 489)
                      ;   {runtime_call UncommonTrapBlob}
  0x0000000118947d08: de9e de97 | 2101 8012 

  0x0000000118947d10: ; ImmutableOopMap {[32]=Oop [48]=Oop [56]=Oop [64]=Oop [72]=Oop [80]=Oop [88]=Oop [96]=Oop }
                      ;*arraylength {reexecute=0 rethrow=0 return_oop=0}
                      ; - org.gradle.internal.service.DefaultServiceRegistry$CompositeServiceProvider::getService@6 (line 1199)
                      ; - org.gradle.internal.service.DefaultServiceRegistry::find@121 (line 1297)
                      ; - org.gradle.internal.service.DefaultServiceRegistry::access$2300@3 (line 90)
                      ; - org.gradle.internal.service.DefaultServiceRegistry$FactoryService::bind@153 (line 934)
                      ; - org.gradle.internal.service.DefaultServiceRegistry$SingletonService::prepare@79 (line 789)
                      ; - org.gradle.internal.service.DefaultServiceRegistry$SingletonService::getService@29 (line 815)
                      ; - org.gradle.internal.service.DefaultServiceRegistry$OwnServices::getService@97 (line 489)
                      ;   {runtime_call UncommonTrapBlob}
  0x0000000118947d10: dc9e de97 | 6101 8012 

  0x0000000118947d18: ; ImmutableOopMap {[32]=Oop [48]=Oop [56]=Oop [64]=Oop [72]=Oop [80]=Oop [88]=Oop [96]=Oop [104]=Oop }
                      ;*checkcast {reexecute=0 rethrow=0 return_oop=0}
                      ; - org.gradle.internal.service.DefaultServiceRegistry::isEqualToAnyType@22 (line 1389)
                      ; - org.gradle.internal.service.DefaultServiceRegistry::access$2100@2 (line 90)
                      ; - org.gradle.internal.service.DefaultServiceRegistry$FactoryService::bind@44 (line 919)
                      ; - org.gradle.internal.service.DefaultServiceRegistry$SingletonService::prepare@79 (line 789)
                      ; - org.gradle.internal.service.DefaultServiceRegistry$SingletonService::getService@29 (line 815)
                      ; - org.gradle.internal.service.DefaultServiceRegistry$OwnServices::getService@97 (line 489)
                      ;   {runtime_call UncommonTrapBlob}
  0x0000000118947d18: da9e de97 | 2101 8012 

  0x0000000118947d20: ; ImmutableOopMap {[32]=Oop [48]=Oop [56]=Oop [64]=Oop [72]=Oop [80]=Oop [88]=Oop [96]=Oop }
                      ;*arraylength {reexecute=0 rethrow=0 return_oop=0}
                      ; - java.util.Arrays$ArrayItr::hasNext@8 (line 4238)
                      ; - org.gradle.internal.service.DefaultServiceRegistry::isEqualToAnyType@8 (line 1389)
                      ; - org.gradle.internal.service.DefaultServiceRegistry::access$2100@2 (line 90)
                      ; - org.gradle.internal.service.DefaultServiceRegistry$FactoryService::bind@44 (line 919)
                      ; - org.gradle.internal.service.DefaultServiceRegistry$SingletonService::prepare@79 (line 789)
                      ; - org.gradle.internal.service.DefaultServiceRegistry$SingletonService::getService@29 (line 815)
                      ; - org.gradle.internal.service.DefaultServiceRegistry$OwnServices::getService@97 (line 489)
                      ;   {runtime_call UncommonTrapBlob}
  0x0000000118947d20: d89e de97 | 2101 8012 

  0x0000000118947d28: ; ImmutableOopMap {}
                      ;*arraylength {reexecute=0 rethrow=0 return_oop=0}
                      ; - java.util.Arrays$ArrayItr::next@10 (line 4244)
                      ; - org.gradle.internal.service.DefaultServiceRegistry::isSatisfiedByAny@17 (line 1398)
                      ; - org.gradle.internal.service.DefaultServiceRegistry::access$1900@2 (line 90)
                      ; - org.gradle.internal.service.DefaultServiceRegistry$SingletonService::getService@20 (line 812)
                      ; - org.gradle.internal.service.DefaultServiceRegistry$OwnServices::getService@97 (line 489)
                      ;   {runtime_call UncommonTrapBlob}
  0x0000000118947d28: d69e de97 | 2101 8012 

  0x0000000118947d30: ; ImmutableOopMap {}
                      ;*arraylength {reexecute=0 rethrow=0 return_oop=0}
                      ; - java.util.Arrays$ArrayItr::hasNext@8 (line 4238)
                      ; - org.gradle.internal.service.DefaultServiceRegistry::isSatisfiedByAny@8 (line 1398)
                      ; - org.gradle.internal.service.DefaultServiceRegistry::access$1900@2 (line 90)
                      ; - org.gradle.internal.service.DefaultServiceRegistry$SingletonService::getService@20 (line 812)
                      ; - org.gradle.internal.service.DefaultServiceRegistry$OwnServices::getService@97 (line 489)
                      ;   {runtime_call UncommonTrapBlob}
  0x0000000118947d30: d49e de97 | 2101 8012 

  0x0000000118947d38: ; ImmutableOopMap {[32]=Oop [48]=Oop [56]=Oop [64]=Oop [72]=Oop [80]=Oop [88]=Oop [96]=Oop }
                      ;*arraylength {reexecute=0 rethrow=0 return_oop=0}
                      ; - java.util.Arrays$ArrayItr::hasNext@8 (line 4238)
                      ; - org.gradle.internal.service.DefaultServiceRegistry::isEqualToAnyType@8 (line 1389)
                      ; - org.gradle.internal.service.DefaultServiceRegistry::access$2100@2 (line 90)
                      ; - org.gradle.internal.service.DefaultServiceRegistry$FactoryService::bind@44 (line 919)
                      ; - org.gradle.internal.service.DefaultServiceRegistry$SingletonService::prepare@79 (line 789)
                      ; - org.gradle.internal.service.DefaultServiceRegistry$SingletonService::getService@29 (line 815)
                      ; - org.gradle.internal.service.DefaultServiceRegistry$OwnServices::getService@97 (line 489)
                      ;   {runtime_call UncommonTrapBlob}
  0x0000000118947d38: d29e de97 | 2101 8012 

  0x0000000118947d40: ; ImmutableOopMap {}
                      ;*aaload {reexecute=0 rethrow=0 return_oop=0}
                      ; - java.util.ArrayList::elementData@5 (line 411)
                      ; - java.util.ArrayList::get@11 (line 428)
                      ; - org.gradle.internal.service.DefaultServiceRegistry$OwnServices::getService@148 (line 500)
                      ;   {runtime_call UncommonTrapBlob}
  0x0000000118947d40: d09e de97 | 6101 8012 

  0x0000000118947d48: ; ImmutableOopMap {}
                      ;*checkcast {reexecute=0 rethrow=0 return_oop=0}
                      ; - org.gradle.internal.service.DefaultServiceRegistry$OwnServices::getService@153 (line 500)
                      ;   {runtime_call UncommonTrapBlob}
  0x0000000118947d48: ce9e de97 | 2101 8012 

  0x0000000118947d50: ; ImmutableOopMap {[24]=Oop [32]=Oop [48]=Oop [56]=Oop [64]=Oop [72]=Oop [80]=Oop [88]=Oop [96]=Oop }
                      ;*getfield parentServices {reexecute=1 rethrow=0 return_oop=0}
                      ; - (reexecute) org.gradle.internal.service.DefaultServiceRegistry::access$2200@1 (line 90)
                      ; - org.gradle.internal.service.DefaultServiceRegistry$FactoryService::bind@59 (line 921)
                      ; - org.gradle.internal.service.DefaultServiceRegistry$SingletonService::prepare@79 (line 789)
                      ; - org.gradle.internal.service.DefaultServiceRegistry$SingletonService::getService@29 (line 815)
                      ; - org.gradle.internal.service.DefaultServiceRegistry$OwnServices::getService@97 (line 489)
                      ;   {runtime_call UncommonTrapBlob}
  0x0000000118947d50: cc9e de97 | a101 8052 

  0x0000000118947d58: ; ImmutableOopMap {[32]=Oop [48]=Oop [56]=Oop [64]=Oop [72]=Oop [80]=Oop [96]=Oop }
                      ;*new {reexecute=0 rethrow=0 return_oop=0}
                      ; - org.gradle.internal.service.DefaultServiceRegistry$FactoryService::bind@72 (line 923)
                      ; - org.gradle.internal.service.DefaultServiceRegistry$SingletonService::prepare@79 (line 789)
                      ; - org.gradle.internal.service.DefaultServiceRegistry$SingletonService::getService@29 (line 815)
                      ; - org.gradle.internal.service.DefaultServiceRegistry$OwnServices::getService@97 (line 489)
                      ;   {runtime_call UncommonTrapBlob}
  0x0000000118947d58: ca9e de97 | 2101 8012 

  0x0000000118947d60: ; ImmutableOopMap {[32]=Oop [40]=Oop [48]=Oop [56]=Oop [64]=Oop [72]=Oop [80]=Oop [88]=Oop }
                      ;*aastore {reexecute=1 rethrow=0 return_oop=0}
                      ; - (reexecute) org.gradle.internal.service.DefaultServiceRegistry$FactoryService::bind@131 (line 929)
                      ; - org.gradle.internal.service.DefaultServiceRegistry$SingletonService::prepare@79 (line 789)
                      ; - org.gradle.internal.service.DefaultServiceRegistry$SingletonService::getService@29 (line 815)
                      ; - org.gradle.internal.service.DefaultServiceRegistry$OwnServices::getService@97 (line 489)
                      ;   {runtime_call UncommonTrapBlob}
  0x0000000118947d60: c89e de97 | 2101 8012 

  0x0000000118947d68: ; ImmutableOopMap {[32]=Oop [48]=Oop [56]=Oop [64]=Oop [72]=Oop [80]=Oop [88]=Oop [96]=Oop }
                      ;*invokevirtual equals {reexecute=0 rethrow=0 return_oop=0}
                      ; - org.gradle.internal.service.DefaultServiceRegistry::find@24 (line 1282)
                      ; - org.gradle.internal.service.DefaultServiceRegistry::access$2300@3 (line 90)
                      ; - org.gradle.internal.service.DefaultServiceRegistry$FactoryService::bind@62 (line 921)
                      ; - org.gradle.internal.service.DefaultServiceRegistry$SingletonService::prepare@79 (line 789)
                      ; - org.gradle.internal.service.DefaultServiceRegistry$SingletonService::getService@29 (line 815)
                      ; - org.gradle.internal.service.DefaultServiceRegistry$OwnServices::getService@97 (line 489)
                      ;   {runtime_call UncommonTrapBlob}
  0x0000000118947d68: c69e de97 | 6101 8012 

  0x0000000118947d70: ; ImmutableOopMap {[24]=Oop [32]=Oop [40]=Oop [48]=Oop [56]=Oop [64]=Oop [72]=Oop [80]=Oop [88]=Oop [96]=Oop [104]=Oop [112]=Oop }
                      ;*invokevirtual isAssignableFrom {reexecute=0 rethrow=0 return_oop=0}
                      ; - org.gradle.internal.service.DefaultServiceRegistry::find@63 (line 1287)
                      ; - org.gradle.internal.service.DefaultServiceRegistry::access$2300@3 (line 90)
                      ; - org.gradle.internal.service.DefaultServiceRegistry$FactoryService::bind@62 (line 921)
                      ; - org.gradle.internal.service.DefaultServiceRegistry$SingletonService::prepare@79 (line 789)
                      ; - org.gradle.internal.service.DefaultServiceRegistry$SingletonService::getService@29 (line 815)
                      ; - org.gradle.internal.service.DefaultServiceRegistry$OwnServices::getService@97 (line 489)
                      ;   {runtime_call UncommonTrapBlob}
  0x0000000118947d70: c49e de97 | 2101 8012 

  0x0000000118947d78: ; ImmutableOopMap {[32]=Oop [48]=Oop [56]=Oop [64]=Oop [72]=Oop [80]=Oop [88]=Oop [96]=Oop }
                      ;*invokevirtual clone {reexecute=1 rethrow=0 return_oop=0}
                      ; - (reexecute) sun.reflect.generics.reflectiveObjects.ParameterizedTypeImpl::getActualTypeArguments@4 (line 123)
                      ; - org.gradle.internal.service.DefaultServiceRegistry::find@70 (line 1288)
                      ; - org.gradle.internal.service.DefaultServiceRegistry::access$2300@3 (line 90)
                      ; - org.gradle.internal.service.DefaultServiceRegistry$FactoryService::bind@62 (line 921)
                      ; - org.gradle.internal.service.DefaultServiceRegistry$SingletonService::prepare@79 (line 789)
                      ; - org.gradle.internal.service.DefaultServiceRegistry$SingletonService::getService@29 (line 815)
                      ; - org.gradle.internal.service.DefaultServiceRegistry$OwnServices::getService@97 (line 489)
                      ;   {runtime_call UncommonTrapBlob}
  0x0000000118947d78: c29e de97 | fd1f 40f9 | 6101 8012 

  0x0000000118947d84: ; ImmutableOopMap {rfp=Oop [32]=Oop [40]=Oop [48]=Oop [56]=Oop [64]=Oop [72]=Oop [80]=Oop [88]=Oop }
                      ;*invokevirtual isAssignableFrom {reexecute=0 rethrow=0 return_oop=0}
                      ; - org.gradle.internal.service.DefaultServiceRegistry::isSatisfiedBy@55 (line 1427)
                      ; - org.gradle.internal.service.DefaultServiceRegistry::isSatisfiedBy@22 (line 1411)
                      ; - org.gradle.internal.service.DefaultServiceRegistry::isSatisfiedByAny@28 (line 1399)
                      ; - org.gradle.internal.service.DefaultServiceRegistry::access$1900@2 (line 90)
                      ; - org.gradle.internal.service.DefaultServiceRegistry$SingletonService::getService@20 (line 812)
                      ; - org.gradle.internal.service.DefaultServiceRegistry$OwnServices::getService@97 (line 489)
                      ;   {runtime_call UncommonTrapBlob}
  0x0000000118947d84: bf9e de97 | ea07 40f9 | ea03 00f9 | 0300 0014 | ea0b 40f9 | ea03 00f9 | ea13 40f9 | fd1f 40f9 
  0x0000000118947da4: 6101 8012 | ea07 00f9 

  0x0000000118947dac: ; ImmutableOopMap {rfp=Oop [0]=Oop [8]=Oop [48]=Oop [56]=Oop [64]=Oop [72]=Oop [80]=Oop [88]=Oop }
                      ;*instanceof {reexecute=0 rethrow=0 return_oop=0}
                      ; - org.gradle.internal.service.DefaultServiceRegistry::isSatisfiedBy@18 (line 1422)
                      ; - org.gradle.internal.service.DefaultServiceRegistry::isSatisfiedBy@22 (line 1411)
                      ; - org.gradle.internal.service.DefaultServiceRegistry::isSatisfiedByAny@28 (line 1399)
                      ; - org.gradle.internal.service.DefaultServiceRegistry::access$1900@2 (line 90)
                      ; - org.gradle.internal.service.DefaultServiceRegistry$SingletonService::getService@20 (line 812)
                      ; - org.gradle.internal.service.DefaultServiceRegistry$OwnServices::getService@97 (line 489)
                      ;   {runtime_call UncommonTrapBlob}
  0x0000000118947dac: b59e de97 | e003 00f9 | 0200 0014 | e003 00f9 | ea13 40f9 | fd1f 40f9 | 6101 8012 | ea07 00f9 
  0x0000000118947dcc: ; ImmutableOopMap {rfp=Oop [0]=Oop [8]=Oop [48]=Oop [56]=Oop [64]=Oop [72]=Oop [80]=Oop [88]=Oop }
                      ;*invokevirtual isAssignableFrom {reexecute=0 rethrow=0 return_oop=0}
                      ; - org.gradle.internal.service.DefaultServiceRegistry::isSatisfiedBy@34 (line 1423)
                      ; - org.gradle.internal.service.DefaultServiceRegistry::isSatisfiedBy@22 (line 1411)
                      ; - org.gradle.internal.service.DefaultServiceRegistry::isSatisfiedByAny@28 (line 1399)
                      ; - org.gradle.internal.service.DefaultServiceRegistry::access$1900@2 (line 90)
                      ; - org.gradle.internal.service.DefaultServiceRegistry$SingletonService::getService@20 (line 812)
                      ; - org.gradle.internal.service.DefaultServiceRegistry$OwnServices::getService@97 (line 489)
                      ;   {runtime_call UncommonTrapBlob}
  0x0000000118947dcc: ad9e de97 | 2101 8012 

  0x0000000118947dd4: ; ImmutableOopMap {[24]=Oop [32]=Oop [48]=Oop [56]=Oop [64]=Oop [72]=Oop [80]=Oop [88]=Oop [96]=Oop [104]=Oop }
                      ;*invokeinterface getService {reexecute=0 rethrow=0 return_oop=0}
                      ; - org.gradle.internal.service.DefaultServiceRegistry::find@98 (line 1292)
                      ; - org.gradle.internal.service.DefaultServiceRegistry::access$2300@3 (line 90)
                      ; - org.gradle.internal.service.DefaultServiceRegistry$FactoryService::bind@62 (line 921)
                      ; - org.gradle.internal.service.DefaultServiceRegistry$SingletonService::prepare@79 (line 789)
                      ; - org.gradle.internal.service.DefaultServiceRegistry$SingletonService::getService@29 (line 815)
                      ; - org.gradle.internal.service.DefaultServiceRegistry$OwnServices::getService@97 (line 489)
                      ;   {runtime_call UncommonTrapBlob}
  0x0000000118947dd4: ab9e de97 | 6101 8012 

  0x0000000118947ddc: ; ImmutableOopMap {[24]=Oop [32]=Oop [40]=Oop [48]=Oop [56]=Oop [64]=Oop [72]=Oop [80]=Oop [88]=Oop [96]=Oop [104]=Oop }
                      ;*invokevirtual getModifiers {reexecute=0 rethrow=0 return_oop=0}
                      ; - java.lang.Class::isAnnotation@1 (line 783)
                      ; - org.gradle.internal.service.DefaultServiceRegistry::assertValidServiceType@18 (line 1455)
                      ; - org.gradle.internal.service.DefaultServiceRegistry::find@115 (line 1296)
                      ; - org.gradle.internal.service.DefaultServiceRegistry::access$2300@3 (line 90)
                      ; - org.gradle.internal.service.DefaultServiceRegistry$FactoryService::bind@62 (line 921)
                      ; - org.gradle.internal.service.DefaultServiceRegistry$SingletonService::prepare@79 (line 789)
                      ; - org.gradle.internal.service.DefaultServiceRegistry$SingletonService::getService@29 (line 815)
                      ; - org.gradle.internal.service.DefaultServiceRegistry$OwnServices::getService@97 (line 489)
                      ;   {runtime_call UncommonTrapBlob}
  0x0000000118947ddc: a99e de97 | 2101 8012 

  0x0000000118947de4: ; ImmutableOopMap {[24]=Oop [32]=Oop [48]=Oop [56]=Oop [64]=Oop [72]=Oop [80]=Oop [88]=Oop [96]=Oop [104]=Oop }
                      ;*invokeinterface getService {reexecute=0 rethrow=0 return_oop=0}
                      ; - org.gradle.internal.service.DefaultServiceRegistry::find@121 (line 1297)
                      ; - org.gradle.internal.service.DefaultServiceRegistry::access$2300@3 (line 90)
                      ; - org.gradle.internal.service.DefaultServiceRegistry$FactoryService::bind@62 (line 921)
                      ; - org.gradle.internal.service.DefaultServiceRegistry$SingletonService::prepare@79 (line 789)
                      ; - org.gradle.internal.service.DefaultServiceRegistry$SingletonService::getService@29 (line 815)
                      ; - org.gradle.internal.service.DefaultServiceRegistry$OwnServices::getService@97 (line 489)
                      ;   {runtime_call UncommonTrapBlob}
  0x0000000118947de4: a79e de97 | 2101 8012 

  0x0000000118947dec: ; ImmutableOopMap {[32]=Oop [48]=Oop [56]=Oop [64]=Oop [72]=Oop [80]=Oop [88]=Oop [96]=Oop }
                      ;*arraylength {reexecute=0 rethrow=0 return_oop=0}
                      ; - org.gradle.internal.service.DefaultServiceRegistry$CompositeServiceProvider::getService@6 (line 1199)
                      ; - org.gradle.internal.service.DefaultServiceRegistry::find@121 (line 1297)
                      ; - org.gradle.internal.service.DefaultServiceRegistry::access$2300@3 (line 90)
                      ; - org.gradle.internal.service.DefaultServiceRegistry$FactoryService::bind@62 (line 921)
                      ; - org.gradle.internal.service.DefaultServiceRegistry$SingletonService::prepare@79 (line 789)
                      ; - org.gradle.internal.service.DefaultServiceRegistry$SingletonService::getService@29 (line 815)
                      ; - org.gradle.internal.service.DefaultServiceRegistry$OwnServices::getService@97 (line 489)
                      ;   {runtime_call UncommonTrapBlob}
  0x0000000118947dec: a59e de97 | 010d 8012 

  0x0000000118947df4: ; ImmutableOopMap {[24]=Oop [32]=Oop [40]=Oop [48]=Oop [56]=Oop [64]=Oop [72]=Oop [80]=Oop [88]=Oop [96]=Oop [104]=Oop }
                      ;*invokevirtual clone {reexecute=1 rethrow=0 return_oop=0}
                      ; - (reexecute) sun.reflect.generics.reflectiveObjects.ParameterizedTypeImpl::getActualTypeArguments@4 (line 123)
                      ; - org.gradle.internal.service.DefaultServiceRegistry::find@70 (line 1288)
                      ; - org.gradle.internal.service.DefaultServiceRegistry::access$2300@3 (line 90)
                      ; - org.gradle.internal.service.DefaultServiceRegistry$FactoryService::bind@153 (line 934)
                      ; - org.gradle.internal.service.DefaultServiceRegistry$SingletonService::prepare@79 (line 789)
                      ; - org.gradle.internal.service.DefaultServiceRegistry$SingletonService::getService@29 (line 815)
                      ; - org.gradle.internal.service.DefaultServiceRegistry$OwnServices::getService@97 (line 489)
                      ;   {runtime_call UncommonTrapBlob}
  0x0000000118947df4: a39e de97 | 2101 8012 

  0x0000000118947dfc: ; ImmutableOopMap {}
                      ;*arraylength {reexecute=0 rethrow=0 return_oop=0}
                      ; - java.util.Arrays$ArrayItr::hasNext@8 (line 4238)
                      ; - org.gradle.internal.service.DefaultServiceRegistry::isSatisfiedByAny@8 (line 1398)
                      ; - org.gradle.internal.service.DefaultServiceRegistry::access$1900@2 (line 90)
                      ; - org.gradle.internal.service.DefaultServiceRegistry$SingletonService::getService@20 (line 812)
                      ; - org.gradle.internal.service.DefaultServiceRegistry$OwnServices::getService@97 (line 489)
                      ;   {runtime_call UncommonTrapBlob}
  0x0000000118947dfc: a19e de97 | 2101 8012 

  0x0000000118947e04: ; ImmutableOopMap {[32]=Oop [48]=Oop [56]=Oop [64]=Oop [72]=Oop [80]=Oop [88]=Oop [96]=Oop }
                      ;*arraylength {reexecute=0 rethrow=0 return_oop=0}
                      ; - java.util.Arrays$ArrayItr::next@10 (line 4244)
                      ; - org.gradle.internal.service.DefaultServiceRegistry::isEqualToAnyType@17 (line 1389)
                      ; - org.gradle.internal.service.DefaultServiceRegistry::access$2100@2 (line 90)
                      ; - org.gradle.internal.service.DefaultServiceRegistry$FactoryService::bind@44 (line 919)
                      ; - org.gradle.internal.service.DefaultServiceRegistry$SingletonService::prepare@79 (line 789)
                      ; - org.gradle.internal.service.DefaultServiceRegistry$SingletonService::getService@29 (line 815)
                      ; - org.gradle.internal.service.DefaultServiceRegistry$OwnServices::getService@97 (line 489)
                      ;   {runtime_call UncommonTrapBlob}
  0x0000000118947e04: 9f9e de97 | e103 1caa | c900 0010 | 894f 01f9 

  0x0000000118947e14: ;   {runtime_call G1BarrierSetRuntime::write_ref_field_pre_entry(oopDesc*, JavaThread*)}
  0x0000000118947e14: 084e 93d2 | c806 a1f2 | 2800 c0f2 | 0001 3fd6 | 8e00 0014 | e183 0291 | e203 1caa | e003 14aa 
  0x0000000118947e34: c900 0010 | 894f 01f9 

  0x0000000118947e3c: ;   {runtime_call SharedRuntime::complete_monitor_unlocking_C(oopDesc*, BasicLock*, JavaThread*)}
  0x0000000118947e3c: 888b 80d2 | c810 a1f2 | 2800 c0f2 | 0001 3fd6 | ad00 0014 | ea03 00aa | 5200 0014 | f303 00aa 
  0x0000000118947e5c: a900 0014 | e103 00aa | ae00 0014 | e103 00aa | ac00 0014 | e103 00aa | aa00 0014 | f303 00aa 
  0x0000000118947e7c: 0a08 40b9 | 6d00 0014 | ea03 00aa | 5400 0014 | ea03 00aa | 3b00 0014 | ea03 00aa | 5000 0014 
  0x0000000118947e9c: ea03 00aa | 3f00 0014 | ea03 00aa | 3d00 0014 | f303 00aa | 9400 0014 | ea03 00aa | 4800 0014 
  0x0000000118947ebc: ea03 00aa | 4600 0014 | ea03 00aa | 4400 0014 | ea03 00aa | 4200 0014 | ea03 00aa | 3100 0014 
  0x0000000118947edc: ea03 00aa | 2f00 0014 | ea03 00aa | 2d00 0014 | ea03 00aa | 2b00 0014 | ea03 00aa | 3800 0014 
  0x0000000118947efc: ea03 00aa | 1f00 0014 | ea03 00aa | 1d00 0014 | ea03 00aa | 1b00 0014 | ea03 00aa | 3000 0014 
  0x0000000118947f1c: ea03 00aa | 1f00 0014 | f303 00aa | 7600 0014 | ea03 00aa | 2a00 0014 | ea03 00aa | 2800 0014 
  0x0000000118947f3c: ea03 00aa | 2600 0014 | ea03 00aa | 2400 0014 | ea03 00aa | 2200 0014 | ea03 00aa | 2000 0014 
  0x0000000118947f5c: f303 00aa | 0b08 40b9 | 2900 0014 | ea03 00aa | 0c00 0014 | ea03 00aa | 0a00 0014 | ea03 00aa 
  0x0000000118947f7c: f303 0aaa | 4a09 40b9 | 2c00 0014 | e103 00aa | 6400 0014 | ea03 00aa | 0200 0014 | ea03 00aa 
  0x0000000118947f9c: f303 0aaa | 4a09 40b9 | 2400 0014 | f303 00aa | 0b08 40b9 | 1600 0014 | f303 00aa | 0b08 40b9 
  0x0000000118947fbc: 1300 0014 | f303 00aa | 0b08 40b9 | 1000 0014 | ea03 00aa | 0200 0014 | ea03 00aa | f303 0aaa 
  0x0000000118947fdc: 4900 0014 | f303 00aa | 0a08 40b9 | 1300 0014 | 4700 0014 | e103 00aa | 4a00 0014 | e103 00aa 
  0x0000000118947ffc: 4800 0014 | f303 00aa | 0b08 40b9 | 6a01 5dd2 | 4a29 40f9 

  0x0000000118948010: ;   {metadata('org/gradle/internal/service/ServiceLookupException')}
  0x0000000118948010: 0bb9 9cd2 | 2b20 a0f2 | 0b01 c0f2 | 5f01 0beb | 800c 0054 | 6a0a 40b9 | 0300 0014 | f303 00aa 
  0x0000000118948030: 0a08 40b9 | 4a01 5dd2 | 4a25 40f9 

  0x000000011894803c: ;   {metadata('java/lang/RuntimeException')}
  0x000000011894803c: 0bbc 92d2 | 8b00 a0f2 | 0b01 c0f2 | 5f01 0beb | e106 0054 | 8ae3 c039 | ea06 0035 | f42b 40f9 
  0x000000011894805c: ;   {oop(a 'org/gradle/internal/service/DefaultServiceRegistry$SingletonService$BindState'{0x0000000700c197f0})}
  0x000000011894805c: 0bfe 92d2 | 2b18 a0f2 | eb00 c0f2 | ea03 14aa | 6b01 0aca 

  0x0000000118948070: ;   {oop(a 'org/gradle/internal/service/DefaultServiceRegistry$SingletonService$BindState'{0x0000000700c197f0})}
  0x0000000118948070: 0c03 bcd2 | cc5f 86f2 | 6bfd 55d3 | 8c26 00b9 | 0b01 00b4 | 4afd 49d3 | 0b80 a0d2 | 2b00 c0f2 
  0x0000000118948090: 6001 0a8b | 0b00 c039 | 7f11 0071 | 2106 0054 | ec83 0291 | 8a01 40f9 | 5f01 1feb | 8002 0054 
  0x00000001189480b0: 8b02 40f9 | ab00 0837 | eb03 0caa | 8afe abc8 | 7f01 0ceb | 0e00 0014 | 6b09 00d1 | 6a45 40f9 
  0x00000001189480d0: aa00 00b4 | 4a05 00d1 | 6a45 00f9 | 5f01 0aeb | 0700 0014 | 6829 49a9 | 0801 0aaa | 1f01 1feb 
  0x00000001189480f0: 6800 00b5 | 6b01 0191 | 7ffd 9fc8 | 61e9 ff54 | e103 13aa | 0600 0014 | e103 00aa | 0400 0014 
  0x0000000118948110: e103 00aa | 0200 0014 | e103 00aa | fd7b 4ba9 | ff03 0391 

  0x0000000118948124: ;   {runtime_call _rethrow_Java}
  0x0000000118948124: e765 e117 | f42b 40f9 | ddff ff17 | f42b 40f9 | 8b26 40b9 | 60f1 7dd3 | 00f9 ffb4 | 8a13 40f9 
  0x0000000118948144: 2ae6 ffb4 | 8b1b 40f9 | 4c21 00d1 | 6a01 0a8b | 4081 1ff8 | 8c13 00f9 | c0ff ff17 | 8a23 40f9 
  0x0000000118948164: 8b2b 40f9 | bf3b 03d5 | 0d00 c039 | 8df9 ff34 | 1f00 0039 | 2a01 00b5 | e103 1caa | c900 0010 
  0x0000000118948184: 894f 01f9 

  0x0000000118948188: ;   {runtime_call G1BarrierSetRuntime::write_ref_field_post_entry(unsigned char volatile*, JavaThread*)}
  0x0000000118948188: 0855 93d2 | c806 a1f2 | 2800 c0f2 | 0001 3fd6 | c2ff ff17 | 4c21 00d1 | 6a01 0a8b | 4081 1ff8 
  0x00000001189481a8: 8c23 00f9 | bdff ff17 | fd03 13aa | a101 8052 

  0x00000001189481b8: ; ImmutableOopMap {rfp=Oop [32]=Oop [48]=Oop [56]=Oop [64]=Oop [72]=Oop [80]=Oop [96]=Oop }
                      ;*new {reexecute=0 rethrow=0 return_oop=0}
                      ; - org.gradle.internal.service.DefaultServiceRegistry$FactoryService::bind@163 (line 936)
                      ; - org.gradle.internal.service.DefaultServiceRegistry$SingletonService::prepare@79 (line 789)
                      ; - org.gradle.internal.service.DefaultServiceRegistry$SingletonService::getService@29 (line 815)
                      ; - org.gradle.internal.service.DefaultServiceRegistry$OwnServices::getService@97 (line 489)
                      ;   {runtime_call UncommonTrapBlob}
  0x00000001189481b8: b29d de97 | 010d 8012 

  0x00000001189481c0: ; ImmutableOopMap {[24]=Oop [32]=Oop [40]=Oop [48]=Oop [56]=Oop [64]=Oop [72]=Oop [80]=Oop [88]=Oop [96]=Oop [104]=Oop }
                      ;*invokevirtual clone {reexecute=1 rethrow=0 return_oop=0}
                      ; - (reexecute) sun.reflect.generics.reflectiveObjects.ParameterizedTypeImpl::getActualTypeArguments@4 (line 123)
                      ; - org.gradle.internal.service.DefaultServiceRegistry::find@70 (line 1288)
                      ; - org.gradle.internal.service.DefaultServiceRegistry::access$2300@3 (line 90)
                      ; - org.gradle.internal.service.DefaultServiceRegistry$FactoryService::bind@62 (line 921)
                      ; - org.gradle.internal.service.DefaultServiceRegistry$SingletonService::prepare@79 (line 789)
                      ; - org.gradle.internal.service.DefaultServiceRegistry$SingletonService::getService@29 (line 815)
                      ; - org.gradle.internal.service.DefaultServiceRegistry$OwnServices::getService@97 (line 489)
                      ;   {runtime_call UncommonTrapBlob}
  0x00000001189481c0: b09d de97 

  0x00000001189481c4: ;   {internal_word}
  0x00000001189481c4: e858 fe10 | 88af 01f9 

  0x00000001189481cc: ;   {runtime_call SafepointBlob}
  0x00000001189481cc: 0d9c de17 | 0000 0000 | 0000 0000 | 0000 0000 | 0000 0000 | 0000 0000 | 0000 0000 | 0000 0000 
  0x00000001189481ec: 0000 0000 | 0000 0000 | 0000 0000 | 0000 0000 | 0000 0000 
[Stub Code]
  0x0000000118948200: ;   {no_reloc}
  0x0000000118948200: 4800 0058 | 0001 1fd6 | 008f 0e18 | 0100 0000 

  0x0000000118948210: ;   {static_stub}
  0x0000000118948210: df3f 03d5 

  0x0000000118948214: ;   {metadata(NULL)}
  0x0000000118948214: 0c00 80d2 | 0c00 a0f2 | 0c00 c0f2 | 0800 80d2 | 0800 a0f2 | 0800 c0f2 | 0001 1fd6 

  0x0000000118948230: ;   {trampoline_stub}
  0x0000000118948230: 4800 0058 | 0001 1fd6 | f076 1a18 | 0100 0000 

  0x0000000118948240: ;   {trampoline_stub}
  0x0000000118948240: 4800 0058 | 0001 1fd6 | 4076 1a18 | 0100 0000 

  0x0000000118948250: ;   {trampoline_stub}
  0x0000000118948250: 4800 0058 | 0001 1fd6 | 80f8 0e18 | 0100 0000 

  0x0000000118948260: ;   {trampoline_stub}
  0x0000000118948260: 4800 0058 | 0001 1fd6 | 80f8 0e18 | 0100 0000 

  0x0000000118948270: ;   {trampoline_stub}
  0x0000000118948270: 4800 0058 | 0001 1fd6 | c01f 9011 | 0100 0000 

  0x0000000118948280: ;   {trampoline_stub}
  0x0000000118948280: 4800 0058 | 0001 1fd6 | 008f 0e18 | 0100 0000 

  0x0000000118948290: ;   {static_stub}
  0x0000000118948290: df3f 03d5 

  0x0000000118948294: ;   {metadata(NULL)}
  0x0000000118948294: 0c00 80d2 | 0c00 a0f2 | 0c00 c0f2 | 0800 80d2 | 0800 a0f2 | 0800 c0f2 | 0001 1fd6 

  0x00000001189482b0: ;   {trampoline_stub}
  0x00000001189482b0: 4800 0058 | 0001 1fd6 | c036 0d18 | 0100 0000 

  0x00000001189482c0: ;   {trampoline_stub}
  0x00000001189482c0: 4800 0058 | 0001 1fd6 | 1092 7718 | 0100 0000 

  0x00000001189482d0: ;   {static_stub}
  0x00000001189482d0: df3f 03d5 

  0x00000001189482d4: ;   {metadata(NULL)}
  0x00000001189482d4: 0c00 80d2 | 0c00 a0f2 | 0c00 c0f2 | 0800 80d2 | 0800 a0f2 | 0800 c0f2 | 0001 1fd6 

  0x00000001189482f0: ;   {trampoline_stub}
  0x00000001189482f0: 4800 0058 | 0001 1fd6 | 50c3 7018 | 0100 0000 

  0x0000000118948300: ;   {static_stub}
  0x0000000118948300: df3f 03d5 

  0x0000000118948304: ;   {metadata(NULL)}
  0x0000000118948304: 0c00 80d2 | 0c00 a0f2 | 0c00 c0f2 | 0800 80d2 | 0800 a0f2 | 0800 c0f2 | 0001 1fd6 

  0x0000000118948320: ;   {trampoline_stub}
  0x0000000118948320: 4800 0058 | 0001 1fd6 | 8088 0811 | 0100 0000 

  0x0000000118948330: ;   {static_stub}
  0x0000000118948330: df3f 03d5 

  0x0000000118948334: ;   {metadata(NULL)}
  0x0000000118948334: 0c00 80d2 | 0c00 a0f2 | 0c00 c0f2 | 0800 80d2 | 0800 a0f2 | 0800 c0f2 | 0001 1fd6 

  0x0000000118948350: ;   {trampoline_stub}
  0x0000000118948350: 4800 0058 | 0001 1fd6 | c036 0d18 | 0100 0000 

  0x0000000118948360: ;   {trampoline_stub}
  0x0000000118948360: 4800 0058 | 0001 1fd6 | 4047 0d18 | 0100 0000 

  0x0000000118948370: ;   {trampoline_stub}
  0x0000000118948370: 4800 0058 | 0001 1fd6 | 0095 0e18 | 0100 0000 

  0x0000000118948380: ;   {static_stub}
  0x0000000118948380: df3f 03d5 

  0x0000000118948384: ;   {metadata(NULL)}
  0x0000000118948384: 0c00 80d2 | 0c00 a0f2 | 0c00 c0f2 | 0800 80d2 | 0800 a0f2 | 0800 c0f2 | 0001 1fd6 

  0x00000001189483a0: ;   {trampoline_stub}
  0x00000001189483a0: 4800 0058 | 0001 1fd6 | 4076 1a18 | 0100 0000 

  0x00000001189483b0: ;   {trampoline_stub}
  0x00000001189483b0: 4800 0058 | 0001 1fd6 | 80f8 0e18 | 0100 0000 

  0x00000001189483c0: ;   {trampoline_stub}
  0x00000001189483c0: 4800 0058 | 0001 1fd6 | 80f8 0e18 | 0100 0000 

  0x00000001189483d0: ;   {trampoline_stub}
  0x00000001189483d0: 4800 0058 | 0001 1fd6 | 4076 1a18 | 0100 0000 

  0x00000001189483e0: ;   {trampoline_stub}
  0x00000001189483e0: 4800 0058 | 0001 1fd6 | 80f8 0e18 | 0100 0000 

  0x00000001189483f0: ;   {trampoline_stub}
  0x00000001189483f0: 4800 0058 | 0001 1fd6 | 80f8 0e18 | 0100 0000 

  0x0000000118948400: ;   {trampoline_stub}
  0x0000000118948400: 4800 0058 | 0001 1fd6 | 0095 0e18 | 0100 0000 

  0x0000000118948410: ;   {static_stub}
  0x0000000118948410: df3f 03d5 

  0x0000000118948414: ;   {metadata(NULL)}
  0x0000000118948414: 0c00 80d2 | 0c00 a0f2 | 0c00 c0f2 | 0800 80d2 | 0800 a0f2 | 0800 c0f2 | 0001 1fd6 

  0x0000000118948430: ;   {trampoline_stub}
  0x0000000118948430: 4800 0058 | 0001 1fd6 | 008f 0e18 | 0100 0000 

  0x0000000118948440: ;   {static_stub}
  0x0000000118948440: df3f 03d5 

  0x0000000118948444: ;   {metadata(NULL)}
  0x0000000118948444: 0c00 80d2 | 0c00 a0f2 | 0c00 c0f2 | 0800 80d2 | 0800 a0f2 | 0800 c0f2 | 0001 1fd6 

  0x0000000118948460: ;   {trampoline_stub}
  0x0000000118948460: 4800 0058 | 0001 1fd6 | 0092 0e18 | 0100 0000 

  0x0000000118948470: ;   {trampoline_stub}
  0x0000000118948470: 4800 0058 | 0001 1fd6 | 0092 0e18 | 0100 0000 

  0x0000000118948480: ;   {trampoline_stub}
  0x0000000118948480: 4800 0058 | 0001 1fd6 | 0092 0e18 | 0100 0000 

  0x0000000118948490: ;   {trampoline_stub}
  0x0000000118948490: 4800 0058 | 0001 1fd6 | 0092 0e18 | 0100 0000 

  0x00000001189484a0: ;   {trampoline_stub}
  0x00000001189484a0: 4800 0058 | 0001 1fd6 | 80f8 0e18 | 0100 0000 

  0x00000001189484b0: ;   {trampoline_stub}
  0x00000001189484b0: 4800 0058 | 0001 1fd6 | 80f8 0e18 | 0100 0000 

  0x00000001189484c0: ;   {trampoline_stub}
  0x00000001189484c0: 4800 0058 | 0001 1fd6 | 0092 0e18 | 0100 0000 

  0x00000001189484d0: ;   {trampoline_stub}
  0x00000001189484d0: 4800 0058 | 0001 1fd6 | 0092 0e18 | 0100 0000 

  0x00000001189484e0: ;   {trampoline_stub}
  0x00000001189484e0: 4800 0058 | 0001 1fd6 | 0092 0e18 | 0100 0000 

  0x00000001189484f0: ;   {trampoline_stub}
  0x00000001189484f0: 4800 0058 | 0001 1fd6 | 0092 0e18 | 0100 0000 

  0x0000000118948500: ;   {trampoline_stub}
  0x0000000118948500: 4800 0058 | 0001 1fd6 | 0095 0e18 | 0100 0000 

  0x0000000118948510: ;   {static_stub}
  0x0000000118948510: df3f 03d5 

  0x0000000118948514: ;   {metadata(NULL)}
  0x0000000118948514: 0c00 80d2 | 0c00 a0f2 | 0c00 c0f2 | 0800 80d2 | 0800 a0f2 | 0800 c0f2 | 0001 1fd6 

  0x0000000118948530: ;   {trampoline_stub}
  0x0000000118948530: 4800 0058 | 0001 1fd6 | 4047 0d18 | 0100 0000 

  0x0000000118948540: ;   {trampoline_stub}
  0x0000000118948540: 4800 0058 | 0001 1fd6 | 0095 0e18 | 0100 0000 

  0x0000000118948550: ;   {static_stub}
  0x0000000118948550: df3f 03d5 

  0x0000000118948554: ;   {metadata(NULL)}
  0x0000000118948554: 0c00 80d2 | 0c00 a0f2 | 0c00 c0f2 | 0800 80d2 | 0800 a0f2 | 0800 c0f2 | 0001 1fd6 

  0x0000000118948570: ;   {trampoline_stub}
  0x0000000118948570: 4800 0058 | 0001 1fd6 | 0092 0e18 | 0100 0000 

  0x0000000118948580: ;   {trampoline_stub}
  0x0000000118948580: 4800 0058 | 0001 1fd6 | 0083 7a18 | 0100 0000 

  0x0000000118948590: ;   {trampoline_stub}
  0x0000000118948590: 4800 0058 | 0001 1fd6 | 00bf be18 | 0100 0000 

  0x00000001189485a0: ;   {trampoline_stub}
  0x00000001189485a0: 4800 0058 | 0001 1fd6 | 0092 0e18 | 0100 0000 

  0x00000001189485b0: ;   {trampoline_stub}
  0x00000001189485b0: 4800 0058 | 0001 1fd6 | c085 9418 | 0100 0000 

  0x00000001189485c0: ;   {static_stub}
  0x00000001189485c0: df3f 03d5 

  0x00000001189485c4: ;   {metadata({method} {0x000000014c4a2c68} 'isSatisfiedBy' '(Ljava/lang/reflect/ParameterizedType;Ljava/lang/reflect/Type;)Z' in 'org/gradle/internal/service/DefaultServiceRegistry')}
  0x00000001189485c4: 0c8d 85d2 | 4c89 a9f2 | 2c00 c0f2 | 08d7 9bd2 | c801 a3f2 | 2800 c0f2 | 0001 1fd6 

  0x00000001189485e0: ;   {trampoline_stub}
  0x00000001189485e0: 4800 0058 | 0001 1fd6 | 409a e318 | 0100 0000 

  0x00000001189485f0: ;   {trampoline_stub}
  0x00000001189485f0: 4800 0058 | 0001 1fd6 | 4076 8118 | 0100 0000 

  0x0000000118948600: ;   {static_stub}
  0x0000000118948600: df3f 03d5 

  0x0000000118948604: ;   {metadata(NULL)}
  0x0000000118948604: 0c00 80d2 | 0c00 a0f2 | 0c00 c0f2 | 0800 80d2 | 0800 a0f2 | 0800 c0f2 | 0001 1fd6 

  0x0000000118948620: ;   {trampoline_stub}
  0x0000000118948620: 4800 0058 | 0001 1fd6 | 90de 0e18 | 0100 0000 

  0x0000000118948630: ;   {trampoline_stub}
  0x0000000118948630: 4800 0058 | 0001 1fd6 | 0092 0e18 | 0100 0000 

  0x0000000118948640: ;   {trampoline_stub}
  0x0000000118948640: 4800 0058 | 0001 1fd6 | 0095 0e18 | 0100 0000 

  0x0000000118948650: ;   {static_stub}
  0x0000000118948650: df3f 03d5 

  0x0000000118948654: ;   {metadata(NULL)}
  0x0000000118948654: 0c00 80d2 | 0c00 a0f2 | 0c00 c0f2 | 0800 80d2 | 0800 a0f2 | 0800 c0f2 | 0001 1fd6 

  0x0000000118948670: ;   {trampoline_stub}
  0x0000000118948670: 4800 0058 | 0001 1fd6 | 008f 0e18 | 0100 0000 

  0x0000000118948680: ;   {static_stub}
  0x0000000118948680: df3f 03d5 

  0x0000000118948684: ;   {metadata(NULL)}
  0x0000000118948684: 0c00 80d2 | 0c00 a0f2 | 0c00 c0f2 | 0800 80d2 | 0800 a0f2 | 0800 c0f2 | 0001 1fd6 

  0x00000001189486a0: ;   {trampoline_stub}
  0x00000001189486a0: 4800 0058 | 0001 1fd6 | 0092 0e18 | 0100 0000 

  0x00000001189486b0: ;   {trampoline_stub}
  0x00000001189486b0: 4800 0058 | 0001 1fd6 | 0092 0e18 | 0100 0000 

  0x00000001189486c0: ;   {trampoline_stub}
  0x00000001189486c0: 4800 0058 | 0001 1fd6 | 0092 0e18 | 0100 0000 

  0x00000001189486d0: ;   {trampoline_stub}
  0x00000001189486d0: 4800 0058 | 0001 1fd6 | 0092 0e18 | 0100 0000 

  0x00000001189486e0: ;   {trampoline_stub}
  0x00000001189486e0: 4800 0058 | 0001 1fd6 | 0095 0e18 | 0100 0000 

  0x00000001189486f0: ;   {static_stub}
  0x00000001189486f0: df3f 03d5 

  0x00000001189486f4: ;   {metadata(NULL)}
  0x00000001189486f4: 0c00 80d2 | 0c00 a0f2 | 0c00 c0f2 | 0800 80d2 | 0800 a0f2 | 0800 c0f2 | 0001 1fd6 

  0x0000000118948710: ;   {trampoline_stub}
  0x0000000118948710: 4800 0058 | 0001 1fd6 | 80f8 0e18 | 0100 0000 

  0x0000000118948720: ;   {trampoline_stub}
  0x0000000118948720: 4800 0058 | 0001 1fd6 | 0092 0e18 | 0100 0000 

  0x0000000118948730: ;   {trampoline_stub}
  0x0000000118948730: 4800 0058 | 0001 1fd6 | 0092 0e18 | 0100 0000 

  0x0000000118948740: ;   {trampoline_stub}
  0x0000000118948740: 4800 0058 | 0001 1fd6 | 0092 0e18 | 0100 0000 

  0x0000000118948750: ;   {trampoline_stub}
  0x0000000118948750: 4800 0058 | 0001 1fd6 | 0095 0e18 | 0100 0000 

  0x0000000118948760: ;   {static_stub}
  0x0000000118948760: df3f 03d5 

  0x0000000118948764: ;   {metadata(NULL)}
  0x0000000118948764: 0c00 80d2 | 0c00 a0f2 | 0c00 c0f2 | 0800 80d2 | 0800 a0f2 | 0800 c0f2 | 0001 1fd6 

  0x0000000118948780: ;   {trampoline_stub}
  0x0000000118948780: 4800 0058 | 0001 1fd6 | 0092 0e18 | 0100 0000 

  0x0000000118948790: ;   {trampoline_stub}
  0x0000000118948790: 4800 0058 | 0001 1fd6 | 0095 0e18 | 0100 0000 

  0x00000001189487a0: ;   {static_stub}
  0x00000001189487a0: df3f 03d5 

  0x00000001189487a4: ;   {metadata(NULL)}
  0x00000001189487a4: 0c00 80d2 | 0c00 a0f2 | 0c00 c0f2 | 0800 80d2 | 0800 a0f2 | 0800 c0f2 | 0001 1fd6 

  0x00000001189487c0: ;   {trampoline_stub}
  0x00000001189487c0: 4800 0058 | 0001 1fd6 | 80f8 0e18 | 0100 0000 

  0x00000001189487d0: ;   {trampoline_stub}
  0x00000001189487d0: 4800 0058 | 0001 1fd6 | 80f8 0e18 | 0100 0000 

  0x00000001189487e0: ;   {trampoline_stub}
  0x00000001189487e0: 4800 0058 | 0001 1fd6 | 80f8 0e18 | 0100 0000 

  0x00000001189487f0: ;   {trampoline_stub}
  0x00000001189487f0: 4800 0058 | 0001 1fd6 | 80f8 0e18 | 0100 0000 

  0x0000000118948800: ;   {trampoline_stub}
  0x0000000118948800: 4800 0058 | 0001 1fd6 | c035 1a18 | 0100 0000 

  0x0000000118948810: ;   {trampoline_stub}
  0x0000000118948810: 4800 0058 | 0001 1fd6 | c035 1a18 | 0100 0000 

  0x0000000118948820: ;   {trampoline_stub}
  0x0000000118948820: 4800 0058 | 0001 1fd6 | c038 1a18 | 0100 0000 

  0x0000000118948830: ;   {trampoline_stub}
  0x0000000118948830: 4800 0058 | 0001 1fd6 | 0092 0e18 | 0100 0000 

  0x0000000118948840: ;   {trampoline_stub}
  0x0000000118948840: 4800 0058 | 0001 1fd6 | 80f8 0e18 | 0100 0000 

  0x0000000118948850: ;   {trampoline_stub}
  0x0000000118948850: 4800 0058 | 0001 1fd6 | c038 1a18 | 0100 0000 

  0x0000000118948860: ;   {trampoline_stub}
  0x0000000118948860: 4800 0058 | 0001 1fd6 | c035 1a18 | 0100 0000 

  0x0000000118948870: ;   {trampoline_stub}
  0x0000000118948870: 4800 0058 | 0001 1fd6 | c035 1a18 | 0100 0000 

  0x0000000118948880: ;   {trampoline_stub}
  0x0000000118948880: 4800 0058 | 0001 1fd6 | c038 1a18 | 0100 0000 

  0x0000000118948890: ;   {trampoline_stub}
  0x0000000118948890: 4800 0058 | 0001 1fd6 | c035 1a18 | 0100 0000 

  0x00000001189488a0: ;   {trampoline_stub}
  0x00000001189488a0: 4800 0058 | 0001 1fd6 | c035 1a18 | 0100 0000 

  0x00000001189488b0: ;   {trampoline_stub}
  0x00000001189488b0: 4800 0058 | 0001 1fd6 | 80f8 0e18 | 0100 0000 

  0x00000001189488c0: ;   {trampoline_stub}
  0x00000001189488c0: 4800 0058 | 0001 1fd6 | 80f8 0e18 | 0100 0000 

  0x00000001189488d0: ;   {trampoline_stub}
  0x00000001189488d0: 4800 0058 | 0001 1fd6 | 80f8 0e18 | 0100 0000 

  0x00000001189488e0: ;   {trampoline_stub}
  0x00000001189488e0: 4800 0058 | 0001 1fd6 | 80f8 0e18 | 0100 0000 

  0x00000001189488f0: ;   {trampoline_stub}
  0x00000001189488f0: 4800 0058 | 0001 1fd6 | 80f8 0e18 | 0100 0000 

  0x0000000118948900: ;   {trampoline_stub}
  0x0000000118948900: 4800 0058 | 0001 1fd6 | c038 1a18 | 0100 0000 

  0x0000000118948910: ;   {trampoline_stub}
  0x0000000118948910: 4800 0058 | 0001 1fd6 | 80f8 0e18 | 0100 0000 

  0x0000000118948920: ;   {trampoline_stub}
  0x0000000118948920: 4800 0058 | 0001 1fd6 | 80f8 0e18 | 0100 0000 

  0x0000000118948930: ;   {trampoline_stub}
  0x0000000118948930: 4800 0058 | 0001 1fd6 | 80f8 0e18 | 0100 0000 

  0x0000000118948940: ;   {trampoline_stub}
  0x0000000118948940: 4800 0058 | 0001 1fd6 | 40ec 1918 | 0100 0000 

  0x0000000118948950: ;   {trampoline_stub}
  0x0000000118948950: 4800 0058 | 0001 1fd6 | 80f8 0e18 | 0100 0000 

  0x0000000118948960: ;   {trampoline_stub}
  0x0000000118948960: 4800 0058 | 0001 1fd6 | 80f8 0e18 | 0100 0000 

  0x0000000118948970: ;   {trampoline_stub}
  0x0000000118948970: 4800 0058 | 0001 1fd6 | 80f8 0e18 | 0100 0000 

  0x0000000118948980: ;   {trampoline_stub}
  0x0000000118948980: 4800 0058 | 0001 1fd6 | 80f8 0e18 | 0100 0000 

  0x0000000118948990: ;   {trampoline_stub}
  0x0000000118948990: 4800 0058 | 0001 1fd6 | 80f8 0e18 | 0100 0000 

  0x00000001189489a0: ;   {trampoline_stub}
  0x00000001189489a0: 4800 0058 | 0001 1fd6 | 80f8 0e18 | 0100 0000 

  0x00000001189489b0: ;   {trampoline_stub}
  0x00000001189489b0: 4800 0058 | 0001 1fd6 | 80f8 0e18 | 0100 0000 

  0x00000001189489c0: ;   {trampoline_stub}
  0x00000001189489c0: 4800 0058 | 0001 1fd6 | 80f8 0e18 | 0100 0000 

  0x00000001189489d0: ;   {trampoline_stub}
  0x00000001189489d0: 4800 0058 | 0001 1fd6 | 80f8 0e18 | 0100 0000 

  0x00000001189489e0: ;   {trampoline_stub}
  0x00000001189489e0: 4800 0058 | 0001 1fd6 | 80f8 0e18 | 0100 0000 

  0x00000001189489f0: ;   {trampoline_stub}
  0x00000001189489f0: 4800 0058 | 0001 1fd6 | 80f8 0e18 | 0100 0000 

  0x0000000118948a00: ;   {trampoline_stub}
  0x0000000118948a00: 4800 0058 | 0001 1fd6 | 80f8 0e18 | 0100 0000 

  0x0000000118948a10: ;   {trampoline_stub}
  0x0000000118948a10: 4800 0058 | 0001 1fd6 | 80f8 0e18 | 0100 0000 

  0x0000000118948a20: ;   {trampoline_stub}
  0x0000000118948a20: 4800 0058 | 0001 1fd6 | 80f8 0e18 | 0100 0000 

  0x0000000118948a30: ;   {trampoline_stub}
  0x0000000118948a30: 4800 0058 | 0001 1fd6 | 80f8 0e18 | 0100 0000 

  0x0000000118948a40: ;   {trampoline_stub}
  0x0000000118948a40: 4800 0058 | 0001 1fd6 | 80f8 0e18 | 0100 0000 

  0x0000000118948a50: ;   {trampoline_stub}
  0x0000000118948a50: 4800 0058 | 0001 1fd6 | 80f8 0e18 | 0100 0000 

  0x0000000118948a60: ;   {trampoline_stub}
  0x0000000118948a60: 4800 0058 | 0001 1fd6 | 80f8 0e18 | 0100 0000 

  0x0000000118948a70: ;   {trampoline_stub}
  0x0000000118948a70: 4800 0058 | 0001 1fd6 | 80f8 0e18 | 0100 0000 

  0x0000000118948a80: ;   {trampoline_stub}
  0x0000000118948a80: 4800 0058 | 0001 1fd6 | 80f8 0e18 | 0100 0000 

  0x0000000118948a90: ;   {trampoline_stub}
  0x0000000118948a90: 4800 0058 | 0001 1fd6 | 80f8 0e18 | 0100 0000 

  0x0000000118948aa0: ;   {trampoline_stub}
  0x0000000118948aa0: 4800 0058 | 0001 1fd6 | 80f8 0e18 | 0100 0000 

  0x0000000118948ab0: ;   {trampoline_stub}
  0x0000000118948ab0: 4800 0058 | 0001 1fd6 | 80f8 0e18 | 0100 0000 

  0x0000000118948ac0: ;   {trampoline_stub}
  0x0000000118948ac0: 4800 0058 | 0001 1fd6 | 80f8 0e18 | 0100 0000 

  0x0000000118948ad0: ;   {trampoline_stub}
  0x0000000118948ad0: 4800 0058 | 0001 1fd6 | 80f8 0e18 | 0100 0000 

  0x0000000118948ae0: ;   {trampoline_stub}
  0x0000000118948ae0: 4800 0058 | 0001 1fd6 | 80f8 0e18 | 0100 0000 

  0x0000000118948af0: ;   {trampoline_stub}
  0x0000000118948af0: 4800 0058 | 0001 1fd6 | 80f8 0e18 | 0100 0000 

  0x0000000118948b00: ;   {trampoline_stub}
  0x0000000118948b00: 4800 0058 | 0001 1fd6 | 80f8 0e18 | 0100 0000 

  0x0000000118948b10: ;   {trampoline_stub}
  0x0000000118948b10: 4800 0058 | 0001 1fd6 | 80f8 0e18 | 0100 0000 

  0x0000000118948b20: ;   {trampoline_stub}
  0x0000000118948b20: 4800 0058 | 0001 1fd6 | 80f8 0e18 | 0100 0000 

  0x0000000118948b30: ;   {trampoline_stub}
  0x0000000118948b30: 4800 0058 | 0001 1fd6 | 80f8 0e18 | 0100 0000 

  0x0000000118948b40: ;   {trampoline_stub}
  0x0000000118948b40: 4800 0058 | 0001 1fd6 | 80f8 0e18 | 0100 0000 

  0x0000000118948b50: ;   {trampoline_stub}
  0x0000000118948b50: 4800 0058 | 0001 1fd6 | 80f8 0e18 | 0100 0000 

  0x0000000118948b60: ;   {trampoline_stub}
  0x0000000118948b60: 4800 0058 | 0001 1fd6 | 80f8 0e18 | 0100 0000 

  0x0000000118948b70: ;   {trampoline_stub}
  0x0000000118948b70: 4800 0058 | 0001 1fd6 | 80f8 0e18 | 0100 0000 

  0x0000000118948b80: ;   {trampoline_stub}
  0x0000000118948b80: 4800 0058 | 0001 1fd6 | 80f8 0e18 | 0100 0000 

  0x0000000118948b90: ;   {trampoline_stub}
  0x0000000118948b90: 4800 0058 | 0001 1fd6 | 80f8 0e18 | 0100 0000 

  0x0000000118948ba0: ;   {trampoline_stub}
  0x0000000118948ba0: 4800 0058 | 0001 1fd6 | 80f8 0e18 | 0100 0000 

  0x0000000118948bb0: ;   {trampoline_stub}
  0x0000000118948bb0: 4800 0058 | 0001 1fd6 | 80f8 0e18 | 0100 0000 

  0x0000000118948bc0: ;   {trampoline_stub}
  0x0000000118948bc0: 4800 0058 | 0001 1fd6 | 80f8 0e18 | 0100 0000 

  0x0000000118948bd0: ;   {trampoline_stub}
  0x0000000118948bd0: 4800 0058 | 0001 1fd6 | 80f8 0e18 | 0100 0000 

  0x0000000118948be0: ;   {trampoline_stub}
  0x0000000118948be0: 4800 0058 | 0001 1fd6 | 80f8 0e18 | 0100 0000 

  0x0000000118948bf0: ;   {trampoline_stub}
  0x0000000118948bf0: 4800 0058 | 0001 1fd6 | 80f8 0e18 | 0100 0000 

  0x0000000118948c00: ;   {trampoline_stub}
  0x0000000118948c00: 4800 0058 | 0001 1fd6 | 80f8 0e18 | 0100 0000 

  0x0000000118948c10: ;   {trampoline_stub}
  0x0000000118948c10: 4800 0058 | 0001 1fd6 | 80f8 0e18 | 0100 0000 

  0x0000000118948c20: ;   {trampoline_stub}
  0x0000000118948c20: 4800 0058 | 0001 1fd6 | 80f8 0e18 | 0100 0000 

  0x0000000118948c30: ;   {trampoline_stub}
  0x0000000118948c30: 4800 0058 | 0001 1fd6 | 80f8 0e18 | 0100 0000 

  0x0000000118948c40: ;   {trampoline_stub}
  0x0000000118948c40: 4800 0058 | 0001 1fd6 | 80f8 0e18 | 0100 0000 

  0x0000000118948c50: ;   {trampoline_stub}
  0x0000000118948c50: 4800 0058 | 0001 1fd6 | 80f8 0e18 | 0100 0000 

  0x0000000118948c60: ;   {trampoline_stub}
  0x0000000118948c60: 4800 0058 | 0001 1fd6 | 80f8 0e18 | 0100 0000 

  0x0000000118948c70: ;   {trampoline_stub}
  0x0000000118948c70: 4800 0058 | 0001 1fd6 | 80f8 0e18 | 0100 0000 

  0x0000000118948c80: ;   {trampoline_stub}
  0x0000000118948c80: 4800 0058 | 0001 1fd6 | 80f8 0e18 | 0100 0000 

  0x0000000118948c90: ;   {trampoline_stub}
  0x0000000118948c90: 4800 0058 | 0001 1fd6 | 80f8 0e18 | 0100 0000 

  0x0000000118948ca0: ;   {trampoline_stub}
  0x0000000118948ca0: 4800 0058 | 0001 1fd6 | 80f8 0e18 | 0100 0000 

  0x0000000118948cb0: ;   {trampoline_stub}
  0x0000000118948cb0: 4800 0058 | 0001 1fd6 | 80f8 0e18 | 0100 0000 

  0x0000000118948cc0: ;   {trampoline_stub}
  0x0000000118948cc0: 4800 0058 | 0001 1fd6 | 80f8 0e18 | 0100 0000 

  0x0000000118948cd0: ;   {trampoline_stub}
  0x0000000118948cd0: 4800 0058 | 0001 1fd6 | 80f8 0e18 | 0100 0000 

  0x0000000118948ce0: ;   {trampoline_stub}
  0x0000000118948ce0: 4800 0058 | 0001 1fd6 | 80f8 0e18 | 0100 0000 

  0x0000000118948cf0: ;   {trampoline_stub}
  0x0000000118948cf0: 4800 0058 | 0001 1fd6 | 80f8 0e18 | 0100 0000 

  0x0000000118948d00: ;   {trampoline_stub}
  0x0000000118948d00: 4800 0058 | 0001 1fd6 | 80f8 0e18 | 0100 0000 

  0x0000000118948d10: ;   {trampoline_stub}
  0x0000000118948d10: 4800 0058 | 0001 1fd6 | 80f8 0e18 | 0100 0000 

  0x0000000118948d20: ;   {trampoline_stub}
  0x0000000118948d20: 4800 0058 | 0001 1fd6 | 80f8 0e18 | 0100 0000 

  0x0000000118948d30: ;   {trampoline_stub}
  0x0000000118948d30: 4800 0058 | 0001 1fd6 | 80f8 0e18 | 0100 0000 

  0x0000000118948d40: ;   {trampoline_stub}
  0x0000000118948d40: 4800 0058 | 0001 1fd6 | 80f8 0e18 | 0100 0000 

  0x0000000118948d50: ;   {trampoline_stub}
  0x0000000118948d50: 4800 0058 | 0001 1fd6 | 80f8 0e18 | 0100 0000 

  0x0000000118948d60: ;   {trampoline_stub}
  0x0000000118948d60: 4800 0058 | 0001 1fd6 | 80f8 0e18 | 0100 0000 

  0x0000000118948d70: ;   {trampoline_stub}
  0x0000000118948d70: 4800 0058 | 0001 1fd6 | 80f8 0e18 | 0100 0000 

  0x0000000118948d80: ;   {trampoline_stub}
  0x0000000118948d80: 4800 0058 | 0001 1fd6 | 80f8 0e18 | 0100 0000 

  0x0000000118948d90: ;   {trampoline_stub}
  0x0000000118948d90: 4800 0058 | 0001 1fd6 | 80f8 0e18 | 0100 0000 

  0x0000000118948da0: ;   {trampoline_stub}
  0x0000000118948da0: 4800 0058 | 0001 1fd6 | 80f8 0e18 | 0100 0000 

  0x0000000118948db0: ;   {trampoline_stub}
  0x0000000118948db0: 4800 0058 | 0001 1fd6 | 80f8 0e18 | 0100 0000 

  0x0000000118948dc0: ;   {trampoline_stub}
  0x0000000118948dc0: 4800 0058 | 0001 1fd6 | 80f8 0e18 | 0100 0000 

  0x0000000118948dd0: ;   {trampoline_stub}
  0x0000000118948dd0: 4800 0058 | 0001 1fd6 | 80f8 0e18 | 0100 0000 

  0x0000000118948de0: ;   {trampoline_stub}
  0x0000000118948de0: 4800 0058 | 0001 1fd6 | 80f8 0e18 | 0100 0000 

  0x0000000118948df0: ;   {trampoline_stub}
  0x0000000118948df0: 4800 0058 | 0001 1fd6 | 80f8 0e18 | 0100 0000 

  0x0000000118948e00: ;   {trampoline_stub}
  0x0000000118948e00: 4800 0058 | 0001 1fd6 | 80f8 0e18 | 0100 0000 

  0x0000000118948e10: ;   {trampoline_stub}
  0x0000000118948e10: 4800 0058 | 0001 1fd6 | 80f8 0e18 | 0100 0000 

  0x0000000118948e20: ;   {trampoline_stub}
  0x0000000118948e20: 4800 0058 | 0001 1fd6 | 80f8 0e18 | 0100 0000 

  0x0000000118948e30: ;   {trampoline_stub}
  0x0000000118948e30: 4800 0058 | 0001 1fd6 | 80f8 0e18 | 0100 0000 

  0x0000000118948e40: ;   {trampoline_stub}
  0x0000000118948e40: 4800 0058 | 0001 1fd6 | 80f8 0e18 | 0100 0000 

  0x0000000118948e50: ;   {trampoline_stub}
  0x0000000118948e50: 4800 0058 | 0001 1fd6 | 80f8 0e18 | 0100 0000 

  0x0000000118948e60: ;   {trampoline_stub}
  0x0000000118948e60: 4800 0058 | 0001 1fd6 | 80f8 0e18 | 0100 0000 

  0x0000000118948e70: ;   {trampoline_stub}
  0x0000000118948e70: 4800 0058 | 0001 1fd6 | 80f8 0e18 | 0100 0000 

  0x0000000118948e80: ;   {trampoline_stub}
  0x0000000118948e80: 4800 0058 | 0001 1fd6 | 80f8 0e18 | 0100 0000 

  0x0000000118948e90: ;   {trampoline_stub}
  0x0000000118948e90: 4800 0058 | 0001 1fd6 | 80f8 0e18 | 0100 0000 

  0x0000000118948ea0: ;   {trampoline_stub}
  0x0000000118948ea0: 4800 0058 | 0001 1fd6 | 80f8 0e18 | 0100 0000 

  0x0000000118948eb0: ;   {trampoline_stub}
  0x0000000118948eb0: 4800 0058 | 0001 1fd6 | 80f8 0e18 | 0100 0000 

  0x0000000118948ec0: ;   {trampoline_stub}
  0x0000000118948ec0: 4800 0058 | 0001 1fd6 | 80f8 0e18 | 0100 0000 

  0x0000000118948ed0: ;   {trampoline_stub}
  0x0000000118948ed0: 4800 0058 | 0001 1fd6 | 80f8 0e18 | 0100 0000 

  0x0000000118948ee0: ;   {trampoline_stub}
  0x0000000118948ee0: 4800 0058 | 0001 1fd6 | 80f8 0e18 | 0100 0000 

  0x0000000118948ef0: ;   {trampoline_stub}
  0x0000000118948ef0: 4800 0058 | 0001 1fd6 | 80f8 0e18 | 0100 0000 

  0x0000000118948f00: ;   {trampoline_stub}
  0x0000000118948f00: 4800 0058 | 0001 1fd6 | 80f8 0e18 | 0100 0000 

  0x0000000118948f10: ;   {trampoline_stub}
  0x0000000118948f10: 4800 0058 | 0001 1fd6 | 80f8 0e18 | 0100 0000 

  0x0000000118948f20: ;   {trampoline_stub}
  0x0000000118948f20: 4800 0058 | 0001 1fd6 | 80f8 0e18 | 0100 0000 

  0x0000000118948f30: ;   {trampoline_stub}
  0x0000000118948f30: 4800 0058 | 0001 1fd6 | 80f8 0e18 | 0100 0000 

  0x0000000118948f40: ;   {trampoline_stub}
  0x0000000118948f40: 4800 0058 | 0001 1fd6 | 80f8 0e18 | 0100 0000 

  0x0000000118948f50: ;   {trampoline_stub}
  0x0000000118948f50: 4800 0058 | 0001 1fd6 | 80f8 0e18 | 0100 0000 

  0x0000000118948f60: ;   {trampoline_stub}
  0x0000000118948f60: 4800 0058 | 0001 1fd6 | 80f8 0e18 | 0100 0000 

  0x0000000118948f70: ;   {trampoline_stub}
  0x0000000118948f70: 4800 0058 | 0001 1fd6 | 80f8 0e18 | 0100 0000 
[Exception Handler]
  0x0000000118948f80: ;   {runtime_call ExceptionBlob}
  0x0000000118948f80: 8009 df17 
[Deopt Handler Code]
  0x0000000118948f84: 1e00 0010 

  0x0000000118948f88: ;   {runtime_call DeoptimizationBlob}
  0x0000000118948f88: 6e99 de17 | 0000 0000 
[/MachCode]


---------------  P R O C E S S  ---------------

Threads class SMR info:
_java_thread_list=0x000000013c359aa0, length=140, elements={
0x000000013d009000, 0x000000013c810800, 0x000000013e008200, 0x000000013c82f600,
0x000000013c82d000, 0x000000013c82d600, 0x000000013c82dc00, 0x000000013c82e200,
0x000000013c83ac00, 0x000000012d008c00, 0x000000013c843200, 0x000000013ce85a00,
0x000000013e99be00, 0x000000013c84f800, 0x000000013ebf0c00, 0x000000013ec0b200,
0x000000013ec0f400, 0x000000012a880400, 0x000000012a87d600, 0x000000012a94b200,
0x000000012a952e00, 0x000000012b00ae00, 0x000000013cead800, 0x000000012b551e00,
0x000000012b551000, 0x000000012b552a00, 0x000000012b477400, 0x000000013f810e00,
0x000000012d209600, 0x000000012b219c00, 0x000000012b1c2000, 0x000000031d7ffa00,
0x000000012b00a800, 0x000000012b3cba00, 0x000000031d494c00, 0x000000012d783600,
0x000000012b2a1200, 0x000000012d6ff600, 0x000000012d6fb400, 0x000000012d6e5c00,
0x000000012b20a600, 0x000000012d4ea200, 0x000000013d154c00, 0x000000013d43de00,
0x000000013d382000, 0x000000031d051c00, 0x000000012d4c2800, 0x000000012d35fa00,
0x000000012d203c00, 0x000000013d15c800, 0x000000013ceaa400, 0x000000013d15ce00,
0x000000013fc18a00, 0x000000013d406000, 0x000000012b8e0200, 0x000000013e4b4400,
0x000000012d175400, 0x000000012b478a00, 0x000000013e3a5000, 0x000000013d404a00,
0x000000013fbf4000, 0x000000012abd5e00, 0x000000012b479000, 0x000000013fb90200,
0x000000013e2b5200, 0x000000012a881800, 0x000000012b866a00, 0x000000013fb82e00,
0x000000013fa31800, 0x000000013d405000, 0x000000013e2af400, 0x000000013c83a600,
0x000000013e051800, 0x000000012d6e8600, 0x000000031d408a00, 0x000000012a815600,
0x000000012d5f1400, 0x000000013f80c600, 0x000000013f811400, 0x000000013f810400,
0x000000012b223e00, 0x000000012b1ca600, 0x000000012d704600, 0x000000012d017000,
0x000000013d406600, 0x000000013f056800, 0x000000012d4c3e00, 0x000000031d6b1800,
0x000000013ce9ac00, 0x000000013effda00, 0x000000013c8b3200, 0x000000013c8b3800,
0x000000013cfc1a00, 0x000000012b227c00, 0x000000013f01b200, 0x000000013cb1e800,
0x000000013cb22600, 0x000000013cb22c00, 0x000000013cfc2000, 0x000000013cfc2600,
0x000000013ce98400, 0x000000013d7a2c00, 0x000000013ce98a00, 0x000000012d4c1400,
0x000000013cc99c00, 0x000000013cb13200, 0x000000012b229600, 0x000000012b46e200,
0x000000012b21e400, 0x000000012b473000, 0x000000012b473600, 0x000000031d40e000,
0x000000012d5f0400, 0x000000031d051000, 0x000000031d051600, 0x000000031d048800,
0x000000013cb1ee00, 0x000000031d048e00, 0x000000012b475a00, 0x000000031d6b1000,
0x000000012d4b3200, 0x000000031d045c00, 0x000000012d648800, 0x000000012b224c00,
0x000000031d72a600, 0x000000013d765c00, 0x000000012d7b8600, 0x000000012d7b8c00,
0x000000012d64ee00, 0x000000012b101a00, 0x000000012b123800, 0x000000012b223200,
0x000000013cec6800, 0x000000031eac9800, 0x000000013d407800, 0x000000013cafaa00,
0x000000013d779e00, 0x000000013d777200, 0x000000013d3ea800, 0x000000012d201a00
}

Java Threads: ( => current thread )
  0x000000013d009000 JavaThread "main" [_thread_blocked, id=4867, stack(0x000000016d6a8000,0x000000016d8ab000)]
  0x000000013c810800 JavaThread "Reference Handler" daemon [_thread_blocked, id=30723, stack(0x000000016e4fc000,0x000000016e6ff000)]
  0x000000013e008200 JavaThread "Finalizer" daemon [_thread_blocked, id=30211, stack(0x000000016e708000,0x000000016e90b000)]
  0x000000013c82f600 JavaThread "Signal Dispatcher" daemon [_thread_blocked, id=28675, stack(0x000000016ea2c000,0x000000016ec2f000)]
  0x000000013c82d000 JavaThread "Service Thread" daemon [_thread_blocked, id=28163, stack(0x000000016ec38000,0x000000016ee3b000)]
  0x000000013c82d600 JavaThread "Monitor Deflation Thread" daemon [_thread_blocked, id=24323, stack(0x000000016ee44000,0x000000016f047000)]
  0x000000013c82dc00 JavaThread "C2 CompilerThread0" daemon [_thread_in_native, id=24835, stack(0x000000016f050000,0x000000016f253000)]
  0x000000013c82e200 JavaThread "C1 CompilerThread0" daemon [_thread_blocked, id=27395, stack(0x000000016f25c000,0x000000016f45f000)]
  0x000000013c83ac00 JavaThread "Sweeper thread" daemon [_thread_blocked, id=25091, stack(0x000000016f468000,0x000000016f66b000)]
  0x000000012d008c00 JavaThread "Common-Cleaner" daemon [_thread_blocked, id=26883, stack(0x000000016f674000,0x000000016f877000)]
  0x000000013c843200 JavaThread "Notification Thread" daemon [_thread_blocked, id=25603, stack(0x000000016f880000,0x000000016fa83000)]
  0x000000013ce85a00 JavaThread "Daemon health stats" [_thread_blocked, id=34307, stack(0x0000000300834000,0x0000000300a37000)]
  0x000000013e99be00 JavaThread "Incoming local TCP Connector on port 59861" [_thread_in_native, id=41987, stack(0x0000000300a40000,0x0000000300c43000)]
  0x000000013c84f800 JavaThread "Daemon periodic checks" [_thread_blocked, id=34563, stack(0x0000000300c4c000,0x0000000300e4f000)]
  0x000000013ebf0c00 JavaThread "Cache worker for journal cache (/Users/ekim/.gradle/caches/journal-1)" [_thread_blocked, id=36867, stack(0x00000003020c4000,0x00000003022c7000)]
  0x000000013ec0b200 JavaThread "File lock request listener" [_thread_in_native, id=38659, stack(0x00000003022d0000,0x00000003024d3000)]
  0x000000013ec0f400 JavaThread "Cache worker for file hash cache (/Users/ekim/.gradle/caches/8.14/fileHashes)" [_thread_blocked, id=37379, stack(0x00000003024dc000,0x00000003026df000)]
  0x000000012a880400 JavaThread "File watcher server" daemon [_thread_in_native, id=44547, stack(0x0000000302d0c000,0x0000000302f0f000)]
  0x000000012a87d600 JavaThread "File watcher consumer" daemon [_thread_blocked, id=44803, stack(0x0000000302f18000,0x000000030311b000)]
  0x000000012a94b200 JavaThread "jar transforms" [_thread_blocked, id=65027, stack(0x0000000303124000,0x0000000303327000)]
  0x000000012a952e00 JavaThread "Cache worker for file content cache (/Users/ekim/.gradle/caches/8.14/fileContent)" [_thread_blocked, id=64515, stack(0x000000030353c000,0x000000030373f000)]
  0x000000012b00ae00 JavaThread "Memory manager" [_thread_blocked, id=51971, stack(0x0000000306868000,0x0000000306a6b000)]
  0x000000013cead800 JavaThread "jar transforms Thread 2" [_thread_blocked, id=130307, stack(0x0000000319a40000,0x0000000319c43000)]
  0x000000012b551e00 JavaThread "jar transforms Thread 3" [_thread_blocked, id=129795, stack(0x0000000319c4c000,0x0000000319e4f000)]
  0x000000012b551000 JavaThread "jar transforms Thread 4" [_thread_blocked, id=129539, stack(0x0000000319e58000,0x000000031a05b000)]
  0x000000012b552a00 JavaThread "jar transforms Thread 5" [_thread_blocked, id=129283, stack(0x000000031a064000,0x000000031a267000)]
  0x000000012b477400 JavaThread "jar transforms Thread 6" [_thread_blocked, id=128515, stack(0x000000031a47c000,0x000000031a67f000)]
  0x000000013f810e00 JavaThread "jar transforms Thread 7" [_thread_blocked, id=128259, stack(0x000000031a894000,0x000000031aa97000)]
  0x000000012d209600 JavaThread "jar transforms Thread 8" [_thread_blocked, id=93187, stack(0x000000031c954000,0x000000031cb57000)]
  0x000000012b219c00 JavaThread "Daemon Thread 3" [_thread_blocked, id=29447, stack(0x0000000178004000,0x0000000178207000)]
  0x000000012b1c2000 JavaThread "Handler for socket connection from /127.0.0.1:59861 to /127.0.0.1:54430" [_thread_in_native, id=116755, stack(0x0000000178210000,0x0000000178413000)]
  0x000000031d7ffa00 JavaThread "Cancel handler" [_thread_blocked, id=117259, stack(0x000000017841c000,0x000000017861f000)]
=>0x000000012b00a800 JavaThread "Daemon worker Thread 3" [_thread_in_Java, id=118283, stack(0x0000000178628000,0x000000017882b000)]
  0x000000012b3cba00 JavaThread "Asynchronous log dispatcher for DefaultDaemonConnection: socket connection from /127.0.0.1:59861 to /127.0.0.1:54430" [_thread_blocked, id=73483, stack(0x0000000178834000,0x0000000178a37000)]
  0x000000031d494c00 JavaThread "Stdin handler" [_thread_blocked, id=52747, stack(0x0000000178a40000,0x0000000178c43000)]
  0x000000012d783600 JavaThread "Daemon client event forwarder" [_thread_blocked, id=53515, stack(0x0000000178c4c000,0x0000000178e4f000)]
  0x000000012b2a1200 JavaThread "Cache worker for file hash cache (/Volumes/LG External HDD/Projects/EKIM/world_movie_trailer/android/.gradle/8.14/fileHashes)" [_thread_blocked, id=52491, stack(0x0000000178e58000,0x000000017905b000)]
  0x000000012d6ff600 JavaThread "Cache worker for Build Output Cleanup Cache (/Volumes/LG External HDD/Projects/EKIM/world_movie_trailer/android/.gradle/buildOutputCleanup)" [_thread_blocked, id=56587, stack(0x0000000179064000,0x0000000179267000)]
  0x000000012d6fb400 JavaThread "Cache worker for checksums cache (/Volumes/LG External HDD/Projects/EKIM/world_movie_trailer/android/.gradle/8.14/checksums)" [_thread_blocked, id=117515, stack(0x0000000179270000,0x0000000179473000)]
  0x000000012d6e5c00 JavaThread "Cache worker for cache directory md-supplier (/Users/ekim/.gradle/caches/8.14/md-supplier)" [_thread_blocked, id=117771, stack(0x000000017947c000,0x000000017967f000)]
  0x000000012b20a600 JavaThread "Cache worker for cache directory md-rule (/Users/ekim/.gradle/caches/8.14/md-rule)" [_thread_blocked, id=118539, stack(0x0000000179688000,0x000000017988b000)]
  0x000000012d4ea200 JavaThread "Cache worker for Build Output Cleanup Cache (/opt/homebrew/share/flutter/packages/flutter_tools/gradle/.gradle/buildOutputCleanup)" [_thread_blocked, id=40463, stack(0x0000000179894000,0x0000000179a97000)]
  0x000000013d154c00 JavaThread "Unconstrained build operations" [_thread_blocked, id=80651, stack(0x0000000179aa0000,0x0000000179ca3000)]
  0x000000013d43de00 JavaThread "Unconstrained build operations Thread 2" [_thread_blocked, id=84491, stack(0x0000000179cac000,0x0000000179eaf000)]
  0x000000013d382000 JavaThread "Unconstrained build operations Thread 3" [_thread_blocked, id=72203, stack(0x0000000179eb8000,0x000000017a0bb000)]
  0x000000031d051c00 JavaThread "Unconstrained build operations Thread 4" [_thread_blocked, id=92171, stack(0x000000017a0c4000,0x000000017a2c7000)]
  0x000000012d4c2800 JavaThread "Unconstrained build operations Thread 5" [_thread_blocked, id=69643, stack(0x000000017a2d0000,0x000000017a4d3000)]
  0x000000012d35fa00 JavaThread "Unconstrained build operations Thread 6" [_thread_blocked, id=87051, stack(0x000000017a4dc000,0x000000017a6df000)]
  0x000000012d203c00 JavaThread "Unconstrained build operations Thread 7" [_thread_blocked, id=127499, stack(0x000000017a6e8000,0x000000017a8eb000)]
  0x000000013d15c800 JavaThread "Unconstrained build operations Thread 8" [_thread_blocked, id=80395, stack(0x000000017a8f4000,0x000000017aaf7000)]
  0x000000013ceaa400 JavaThread "Unconstrained build operations Thread 9" [_thread_blocked, id=74251, stack(0x000000017ab00000,0x000000017ad03000)]
  0x000000013d15ce00 JavaThread "Unconstrained build operations Thread 10" [_thread_blocked, id=68363, stack(0x000000017ad0c000,0x000000017af0f000)]
  0x000000013fc18a00 JavaThread "Unconstrained build operations Thread 11" [_thread_blocked, id=69899, stack(0x000000017af18000,0x000000017b11b000)]
  0x000000013d406000 JavaThread "Unconstrained build operations Thread 12" [_thread_blocked, id=62987, stack(0x000000017b124000,0x000000017b327000)]
  0x000000012b8e0200 JavaThread "Unconstrained build operations Thread 13" [_thread_blocked, id=71179, stack(0x000000017b330000,0x000000017b533000)]
  0x000000013e4b4400 JavaThread "Unconstrained build operations Thread 14" [_thread_blocked, id=51211, stack(0x000000017b53c000,0x000000017b73f000)]
  0x000000012d175400 JavaThread "build event listener" [_thread_blocked, id=66571, stack(0x000000017b748000,0x000000017b94b000)]
  0x000000012b478a00 JavaThread "included builds" [_thread_blocked, id=127755, stack(0x000000017b954000,0x000000017bb57000)]
  0x000000013e3a5000 JavaThread "Execution worker" [_thread_blocked, id=124427, stack(0x000000017bb60000,0x000000017bd63000)]
  0x000000013d404a00 JavaThread "Execution worker Thread 2" [_thread_blocked, id=121611, stack(0x000000017bd6c000,0x000000017bf6f000)]
  0x000000013fbf4000 JavaThread "Execution worker Thread 3" [_thread_blocked, id=60427, stack(0x000000017bf78000,0x000000017c17b000)]
  0x000000012abd5e00 JavaThread "Cache worker for execution history cache (/opt/homebrew/share/flutter/packages/flutter_tools/gradle/.gradle/8.14/executionHistory)" [_thread_blocked, id=90123, stack(0x000000017c184000,0x000000017c387000)]
  0x000000012b479000 JavaThread "Execution worker Thread 4" [_thread_blocked, id=84747, stack(0x000000017c390000,0x000000017c593000)]
  0x000000013fb90200 JavaThread "Execution worker Thread 5" [_thread_blocked, id=39691, stack(0x000000017c59c000,0x000000017c79f000)]
  0x000000013e2b5200 JavaThread "Execution worker Thread 6" [_thread_blocked, id=68107, stack(0x000000017c7a8000,0x000000017c9ab000)]
  0x000000012a881800 JavaThread "Execution worker Thread 7" [_thread_blocked, id=119307, stack(0x000000017c9b4000,0x000000017cbb7000)]
  0x000000012b866a00 JavaThread "Unconstrained build operations Thread 15" [_thread_blocked, id=125963, stack(0x000000017cbc0000,0x000000017cdc3000)]
  0x000000013fb82e00 JavaThread "Unconstrained build operations Thread 16" [_thread_blocked, id=41227, stack(0x000000017cdcc000,0x000000017cfcf000)]
  0x000000013fa31800 JavaThread "Unconstrained build operations Thread 17" [_thread_blocked, id=92683, stack(0x000000017cfd8000,0x000000017d1db000)]
  0x000000013d405000 JavaThread "Unconstrained build operations Thread 18" [_thread_blocked, id=124939, stack(0x000000017d1e4000,0x000000017d3e7000)]
  0x000000013e2af400 JavaThread "Unconstrained build operations Thread 19" [_thread_blocked, id=123659, stack(0x000000017d3f0000,0x000000017d5f3000)]
  0x000000013c83a600 JavaThread "Unconstrained build operations Thread 20" [_thread_blocked, id=84235, stack(0x000000017d5fc000,0x000000017d7ff000)]
  0x000000013e051800 JavaThread "Unconstrained build operations Thread 21" [_thread_blocked, id=83723, stack(0x000000017d808000,0x000000017da0b000)]
  0x000000012d6e8600 JavaThread "Unconstrained build operations Thread 22" [_thread_blocked, id=76555, stack(0x000000017da14000,0x000000017dc17000)]
  0x000000031d408a00 JavaThread "Unconstrained build operations Thread 23" [_thread_blocked, id=76043, stack(0x000000017dc20000,0x000000017de23000)]
  0x000000012a815600 JavaThread "Unconstrained build operations Thread 24" [_thread_blocked, id=126731, stack(0x000000017de2c000,0x000000017e02f000)]
  0x000000012d5f1400 JavaThread "Unconstrained build operations Thread 25" [_thread_blocked, id=69131, stack(0x000000017e038000,0x000000017e23b000)]
  0x000000013f80c600 JavaThread "Unconstrained build operations Thread 26" [_thread_blocked, id=79371, stack(0x000000017e244000,0x000000017e447000)]
  0x000000013f811400 JavaThread "Unconstrained build operations Thread 27" [_thread_blocked, id=37899, stack(0x000000017e450000,0x000000017e653000)]
  0x000000013f810400 JavaThread "Unconstrained build operations Thread 28" [_thread_blocked, id=81163, stack(0x000000017e65c000,0x000000017e85f000)]
  0x000000012b223e00 JavaThread "Unconstrained build operations Thread 29" [_thread_blocked, id=81675, stack(0x000000017e868000,0x000000017ea6b000)]
  0x000000012b1ca600 JavaThread "Unconstrained build operations Thread 30" [_thread_blocked, id=90379, stack(0x000000017ea74000,0x000000017ec77000)]
  0x000000012d704600 JavaThread "WorkerExecutor Queue" [_thread_blocked, id=72459, stack(0x000000017ee8c000,0x000000017f08f000)]
  0x000000012d017000 JavaThread "RMI Scheduler(0)" daemon [_thread_blocked, id=91147, stack(0x000000017f098000,0x000000017f29b000)]
  0x000000013d406600 JavaThread "RMI GC Daemon" daemon [_thread_blocked, id=48395, stack(0x000000017f4b0000,0x000000017f6b3000)]
  0x000000013f056800 JavaThread "RMI TCP Accept-0" daemon [_thread_in_native, id=48651, stack(0x000000017f6bc000,0x000000017f8bf000)]
  0x000000012d4c3e00 JavaThread "RMI Reaper" [_thread_blocked, id=68875, stack(0x000000017f8c8000,0x000000017facb000)]
  0x000000031d6b1800 JavaThread "RMI TCP Connection(1)-127.0.0.1" daemon [_thread_in_native, id=60171, stack(0x000000017fad4000,0x000000017fcd7000)]
  0x000000013ce9ac00 JavaThread "Unconstrained build operations Thread 31" [_thread_blocked, id=85771, stack(0x000000017fce0000,0x000000017fee3000)]
  0x000000013effda00 JavaThread "Unconstrained build operations Thread 32" [_thread_blocked, id=85515, stack(0x0000000300e58000,0x000000030105b000)]
  0x000000013c8b3200 JavaThread "Unconstrained build operations Thread 33" [_thread_blocked, id=45579, stack(0x0000000301064000,0x0000000301267000)]
  0x000000013c8b3800 JavaThread "Unconstrained build operations Thread 34" [_thread_blocked, id=58123, stack(0x0000000301270000,0x0000000301473000)]
  0x000000013cfc1a00 JavaThread "Unconstrained build operations Thread 35" [_thread_blocked, id=79883, stack(0x000000030147c000,0x000000030167f000)]
  0x000000012b227c00 JavaThread "Unconstrained build operations Thread 36" [_thread_blocked, id=58635, stack(0x0000000301688000,0x000000030188b000)]
  0x000000013f01b200 JavaThread "Unconstrained build operations Thread 37" [_thread_blocked, id=120587, stack(0x0000000301894000,0x0000000301a97000)]
  0x000000013cb1e800 JavaThread "Unconstrained build operations Thread 38" [_thread_blocked, id=51723, stack(0x0000000301aa0000,0x0000000301ca3000)]
  0x000000013cb22600 JavaThread "Unconstrained build operations Thread 39" [_thread_blocked, id=78603, stack(0x00000003026e8000,0x00000003028eb000)]
  0x000000013cb22c00 JavaThread "Unconstrained build operations Thread 40" [_thread_blocked, id=125707, stack(0x00000003028f4000,0x0000000302af7000)]
  0x000000013cfc2000 JavaThread "Unconstrained build operations Thread 41" [_thread_blocked, id=95243, stack(0x0000000303330000,0x0000000303533000)]
  0x000000013cfc2600 JavaThread "Unconstrained build operations Thread 42" [_thread_blocked, id=86027, stack(0x0000000303748000,0x000000030394b000)]
  0x000000013ce98400 JavaThread "Unconstrained build operations Thread 43" [_thread_blocked, id=85259, stack(0x0000000303954000,0x0000000303b57000)]
  0x000000013d7a2c00 JavaThread "Unconstrained build operations Thread 44" [_thread_blocked, id=50443, stack(0x0000000303b60000,0x0000000303d63000)]
  0x000000013ce98a00 JavaThread "build event listener" [_thread_blocked, id=80907, stack(0x0000000303d6c000,0x0000000303f6f000)]
  0x000000012d4c1400 JavaThread "Problems report writer" [_thread_blocked, id=70411, stack(0x0000000303f78000,0x000000030417b000)]
  0x000000013cc99c00 JavaThread "Unconstrained build operations Thread 45" [_thread_blocked, id=62731, stack(0x0000000304184000,0x0000000304387000)]
  0x000000013cb13200 JavaThread "Unconstrained build operations Thread 46" [_thread_blocked, id=90635, stack(0x0000000304390000,0x0000000304593000)]
  0x000000012b229600 JavaThread "Unconstrained build operations Thread 47" [_thread_blocked, id=47371, stack(0x000000030459c000,0x000000030479f000)]
  0x000000012b46e200 JavaThread "Unconstrained build operations Thread 48" [_thread_blocked, id=87307, stack(0x00000003047a8000,0x00000003049ab000)]
  0x000000012b21e400 JavaThread "Unconstrained build operations Thread 49" [_thread_blocked, id=83211, stack(0x00000003049b4000,0x0000000304bb7000)]
  0x000000012b473000 JavaThread "Unconstrained build operations Thread 50" [_thread_blocked, id=36363, stack(0x0000000304bc0000,0x0000000304dc3000)]
  0x000000012b473600 JavaThread "Unconstrained build operations Thread 51" [_thread_blocked, id=47627, stack(0x0000000304dcc000,0x0000000304fcf000)]
  0x000000031d40e000 JavaThread "Unconstrained build operations Thread 52" [_thread_blocked, id=35595, stack(0x0000000304fd8000,0x00000003051db000)]
  0x000000012d5f0400 JavaThread "Unconstrained build operations Thread 53" [_thread_blocked, id=75531, stack(0x00000003051e4000,0x00000003053e7000)]
  0x000000031d051000 JavaThread "Unconstrained build operations Thread 54" [_thread_blocked, id=61707, stack(0x00000003053f0000,0x00000003055f3000)]
  0x000000031d051600 JavaThread "Unconstrained build operations Thread 55" [_thread_blocked, id=46859, stack(0x00000003055fc000,0x00000003057ff000)]
  0x000000031d048800 JavaThread "Unconstrained build operations Thread 56" [_thread_blocked, id=81419, stack(0x0000000305808000,0x0000000305a0b000)]
  0x000000013cb1ee00 JavaThread "Unconstrained build operations Thread 57" [_thread_blocked, id=79115, stack(0x0000000305a14000,0x0000000305c17000)]
  0x000000031d048e00 JavaThread "Unconstrained build operations Thread 58" [_thread_blocked, id=120331, stack(0x0000000305c20000,0x0000000305e23000)]
  0x000000012b475a00 JavaThread "Unconstrained build operations Thread 59" [_thread_blocked, id=29199, stack(0x0000000306244000,0x0000000306447000)]
  0x000000031d6b1000 JavaThread "Unconstrained build operations Thread 60" [_thread_blocked, id=35339, stack(0x0000000306450000,0x0000000306653000)]
  0x000000012d4b3200 JavaThread "Unconstrained build operations Thread 61" [_thread_blocked, id=59147, stack(0x000000030665c000,0x000000030685f000)]
  0x000000031d045c00 JavaThread "Unconstrained build operations Thread 62" [_thread_blocked, id=82699, stack(0x0000000306a74000,0x0000000306c77000)]
  0x000000012d648800 JavaThread "Unconstrained build operations Thread 63" [_thread_blocked, id=86539, stack(0x0000000306c80000,0x0000000306e83000)]
  0x000000012b224c00 JavaThread "Unconstrained build operations Thread 64" [_thread_blocked, id=59403, stack(0x0000000306e8c000,0x000000030708f000)]
  0x000000031d72a600 JavaThread "Unconstrained build operations Thread 65" [_thread_blocked, id=61451, stack(0x0000000307098000,0x000000030729b000)]
  0x000000013d765c00 JavaThread "Unconstrained build operations Thread 66" [_thread_blocked, id=77067, stack(0x00000003072a4000,0x00000003074a7000)]
  0x000000012d7b8600 JavaThread "Unconstrained build operations Thread 67" [_thread_blocked, id=73227, stack(0x00000003074b0000,0x00000003076b3000)]
  0x000000012d7b8c00 JavaThread "Unconstrained build operations Thread 68" [_thread_blocked, id=95499, stack(0x00000003076bc000,0x00000003078bf000)]
  0x000000012d64ee00 JavaThread "Unconstrained build operations Thread 69" [_thread_blocked, id=75275, stack(0x00000003078c8000,0x0000000307acb000)]
  0x000000012b101a00 JavaThread "Unconstrained build operations Thread 70" [_thread_blocked, id=121099, stack(0x0000000307ad4000,0x0000000307cd7000)]
  0x000000012b123800 JavaThread "Unconstrained build operations Thread 71" [_thread_blocked, id=119563, stack(0x0000000307ce0000,0x0000000307ee3000)]
  0x000000012b223200 JavaThread "Unconstrained build operations Thread 72" [_thread_blocked, id=53003, stack(0x0000000310004000,0x0000000310207000)]
  0x000000013cec6800 JavaThread "Unconstrained build operations Thread 73" [_thread_blocked, id=36107, stack(0x0000000310210000,0x0000000310413000)]
  0x000000031eac9800 JavaThread "Unconstrained build operations Thread 74" [_thread_blocked, id=92939, stack(0x000000031041c000,0x000000031061f000)]
  0x000000013d407800 JavaThread "Unconstrained build operations Thread 75" [_thread_blocked, id=48907, stack(0x0000000310628000,0x000000031082b000)]
  0x000000013cafaa00 JavaThread "Unconstrained build operations Thread 76" [_thread_blocked, id=74763, stack(0x0000000310834000,0x0000000310a37000)]
  0x000000013d779e00 JavaThread "Unconstrained build operations Thread 77" [_thread_blocked, id=46343, stack(0x0000000310a40000,0x0000000310c43000)]
  0x000000013d777200 JavaThread "Unconstrained build operations Thread 78" [_thread_blocked, id=54791, stack(0x0000000310c4c000,0x0000000310e4f000)]
  0x000000013d3ea800 JavaThread "Unconstrained build operations Thread 79" [_thread_blocked, id=63751, stack(0x0000000310e58000,0x000000031105b000)]
  0x000000012d201a00 JavaThread "Unconstrained build operations Thread 80" [_thread_blocked, id=64263, stack(0x0000000311064000,0x0000000311267000)]

Other Threads:
  0x000000013d926d10 VMThread "VM Thread" [stack: 0x000000016e2f0000,0x000000016e4f3000] [id=19715]
  0x000000013c7251d0 WatcherThread [stack: 0x000000016fa8c000,0x000000016fc8f000] [id=26371]
  0x000000013c7179d0 GCTaskThread "GC Thread#0" [stack: 0x000000016d8b4000,0x000000016dab7000] [id=14339]
  0x000000013c7385b0 GCTaskThread "GC Thread#1" [stack: 0x000000016fc98000,0x000000016fe9b000] [id=32771]
  0x000000012c80bb20 GCTaskThread "GC Thread#2" [stack: 0x0000000300004000,0x0000000300207000] [id=33027]
  0x000000012c80c7e0 GCTaskThread "GC Thread#3" [stack: 0x0000000300210000,0x0000000300413000] [id=33283]
  0x000000012c80d4a0 GCTaskThread "GC Thread#4" [stack: 0x000000030041c000,0x000000030061f000] [id=33795]
  0x000000012c80e160 GCTaskThread "GC Thread#5" [stack: 0x0000000300628000,0x000000030082b000] [id=42499]
  0x000000013c6ff7a0 GCTaskThread "GC Thread#6" [stack: 0x0000000301cac000,0x0000000301eaf000] [id=36611]
  0x000000011fc04080 GCTaskThread "GC Thread#7" [stack: 0x0000000301eb8000,0x00000003020bb000] [id=39171]
  0x000000013d905970 ConcurrentGCThread "G1 Main Marker" [stack: 0x000000016dac0000,0x000000016dcc3000] [id=13827]
  0x000000013d9066c0 ConcurrentGCThread "G1 Conc#0" [stack: 0x000000016dccc000,0x000000016decf000] [id=13059]
  0x000000012c8b12f0 ConcurrentGCThread "G1 Conc#1" [stack: 0x0000000302b00000,0x0000000302d03000] [id=44035]
  0x000000013d920500 ConcurrentGCThread "G1 Refine#0" [stack: 0x000000016ded8000,0x000000016e0db000] [id=16643]
  0x000000012fa40b30 ConcurrentGCThread "G1 Refine#1" [stack: 0x000000031cb60000,0x000000031cd63000] [id=93955]
  0x000000012c7a9800 ConcurrentGCThread "G1 Refine#2" [stack: 0x000000031cd6c000,0x000000031cf6f000] [id=122883]
  0x000000012fa98580 ConcurrentGCThread "G1 Refine#3" [stack: 0x000000017ec80000,0x000000017ee83000] [id=75787]
  0x000000012c0a4f20 ConcurrentGCThread "G1 Refine#4" [stack: 0x0000000305e2c000,0x000000030602f000] [id=78091]
  0x000000013df2ffd0 ConcurrentGCThread "G1 Refine#5" [stack: 0x000000017f2a4000,0x000000017f4a7000] [id=69391]
  0x000000013decf570 ConcurrentGCThread "G1 Refine#6" [stack: 0x0000000306038000,0x000000030623b000] [id=54027]
  0x000000013c61b050 ConcurrentGCThread "G1 Service" [stack: 0x000000016e0e4000,0x000000016e2e7000] [id=16899]

Threads with active compile tasks:
C2 CompilerThread0  5744198 31874       4       org.gradle.internal.graph.CachingDirectedGraphWalker::doSearch (662 bytes)

VM state: not at safepoint (normal execution)

VM Mutex/Monitor currently owned by a thread: None

Heap address: 0x0000000700000000, size: 4096 MB, Compressed Oops mode: Zero based, Oop shift amount: 3

CDS archive(s) mapped at: [0x0000000800000000-0x0000000800bc0000-0x0000000800bc0000), size 12320768, SharedBaseAddress: 0x0000000800000000, ArchiveRelocationMode: 1.
Compressed class space mapped at: 0x0000000801000000-0x0000000841000000, reserved size: 1073741824
Narrow klass base: 0x0000000800000000, Narrow klass shift: 0, Narrow klass range: 0x100000000

GC Precious Log:
 CPUs: 8 total, 8 available
 Memory: 16384M
 Large Page Support: Disabled
 NUMA Support: Disabled
 Compressed Oops: Enabled (Zero based)
 Heap Region Size: 2M
 Heap Min Capacity: 8M
 Heap Initial Capacity: 256M
 Heap Max Capacity: 4G
 Pre-touch: Disabled
 Parallel Workers: 8
 Concurrent Workers: 2
 Concurrent Refinement Workers: 8
 Periodic GC: Disabled

Heap:
 garbage-first heap   total 786432K, used 597788K [0x0000000700000000, 0x0000000800000000)
  region size 2048K, 125 young (256000K), 3 survivors (6144K)
 Metaspace       used 141238K, committed 143168K, reserved 1179648K
  class space    used 19267K, committed 20160K, reserved 1048576K

Heap Regions: E=young(eden), S=young(survivor), O=old, HS=humongous(starts), HC=humongous(continues), CS=collection set, F=free, OA=open archive, CA=closed archive, TAMS=top-at-mark-start (previous, next)
|   0|0x0000000700000000, 0x0000000700200000, 0x0000000700200000|100%| O|  |TAMS 0x0000000700200000, 0x0000000700000000| Untracked 
|   1|0x0000000700200000, 0x0000000700400000, 0x0000000700400000|100%|HS|  |TAMS 0x0000000700400000, 0x0000000700200000| Complete 
|   2|0x0000000700400000, 0x0000000700600000, 0x0000000700600000|100%|HC|  |TAMS 0x0000000700600000, 0x0000000700400000| Complete 
|   3|0x0000000700600000, 0x0000000700800000, 0x0000000700800000|100%| O|  |TAMS 0x0000000700800000, 0x0000000700600000| Untracked 
|   4|0x0000000700800000, 0x0000000700a00000, 0x0000000700a00000|100%| O|  |TAMS 0x0000000700a00000, 0x0000000700800000| Untracked 
|   5|0x0000000700a00000, 0x0000000700c00000, 0x0000000700c00000|100%| O|  |TAMS 0x0000000700a00000, 0x0000000700a00000| Untracked 
|   6|0x0000000700c00000, 0x0000000700e00000, 0x0000000700e00000|100%| O|  |TAMS 0x0000000700e00000, 0x0000000700c00000| Untracked 
|   7|0x0000000700e00000, 0x0000000701000000, 0x0000000701000000|100%| O|  |TAMS 0x0000000701000000, 0x0000000700e00000| Untracked 
|   8|0x0000000701000000, 0x0000000701200000, 0x0000000701200000|100%| O|  |TAMS 0x0000000701200000, 0x0000000701000000| Untracked 
|   9|0x0000000701200000, 0x0000000701400000, 0x0000000701400000|100%| O|  |TAMS 0x0000000701400000, 0x0000000701200000| Untracked 
|  10|0x0000000701400000, 0x0000000701600000, 0x0000000701600000|100%| O|  |TAMS 0x0000000701600000, 0x0000000701400000| Untracked 
|  11|0x0000000701600000, 0x0000000701800000, 0x0000000701800000|100%|HS|  |TAMS 0x0000000701800000, 0x0000000701600000| Complete 
|  12|0x0000000701800000, 0x0000000701a00000, 0x0000000701a00000|100%|HS|  |TAMS 0x0000000701a00000, 0x0000000701800000| Complete 
|  13|0x0000000701a00000, 0x0000000701c00000, 0x0000000701c00000|100%| O|  |TAMS 0x0000000701c00000, 0x0000000701a00000| Untracked 
|  14|0x0000000701c00000, 0x0000000701e00000, 0x0000000701e00000|100%| O|  |TAMS 0x0000000701e00000, 0x0000000701c00000| Untracked 
|  15|0x0000000701e00000, 0x0000000701e00000, 0x0000000702000000|  0%| F|  |TAMS 0x0000000701e00000, 0x0000000701e00000| Untracked 
|  16|0x0000000702000000, 0x0000000702200000, 0x0000000702200000|100%| O|  |TAMS 0x0000000702000000, 0x0000000702000000| Untracked 
|  17|0x0000000702200000, 0x0000000702400000, 0x0000000702400000|100%| O|  |TAMS 0x0000000702400000, 0x0000000702200000| Untracked 
|  18|0x0000000702400000, 0x0000000702600000, 0x0000000702600000|100%| O|  |TAMS 0x0000000702600000, 0x0000000702400000| Untracked 
|  19|0x0000000702600000, 0x0000000702800000, 0x0000000702800000|100%| O|  |TAMS 0x0000000702800000, 0x0000000702600000| Untracked 
|  20|0x0000000702800000, 0x0000000702a00000, 0x0000000702a00000|100%| O|  |TAMS 0x0000000702a00000, 0x0000000702800000| Untracked 
|  21|0x0000000702a00000, 0x0000000702c00000, 0x0000000702c00000|100%| O|  |TAMS 0x0000000702c00000, 0x0000000702a00000| Untracked 
|  22|0x0000000702c00000, 0x0000000702e00000, 0x0000000702e00000|100%| O|  |TAMS 0x0000000702e00000, 0x0000000702c00000| Untracked 
|  23|0x0000000702e00000, 0x0000000703000000, 0x0000000703000000|100%| O|  |TAMS 0x0000000703000000, 0x0000000702e00000| Untracked 
|  24|0x0000000703000000, 0x0000000703200000, 0x0000000703200000|100%| O|  |TAMS 0x0000000703200000, 0x0000000703000000| Untracked 
|  25|0x0000000703200000, 0x0000000703400000, 0x0000000703400000|100%|HS|  |TAMS 0x0000000703400000, 0x0000000703200000| Complete 
|  26|0x0000000703400000, 0x0000000703600000, 0x0000000703600000|100%|HS|  |TAMS 0x0000000703600000, 0x0000000703400000| Complete 
|  27|0x0000000703600000, 0x0000000703800000, 0x0000000703800000|100%| O|  |TAMS 0x0000000703800000, 0x0000000703600000| Untracked 
|  28|0x0000000703800000, 0x0000000703a00000, 0x0000000703a00000|100%| O|  |TAMS 0x0000000703a00000, 0x0000000703800000| Untracked 
|  29|0x0000000703a00000, 0x0000000703a00000, 0x0000000703c00000|  0%| F|  |TAMS 0x0000000703a00000, 0x0000000703a00000| Untracked 
|  30|0x0000000703c00000, 0x0000000703e00000, 0x0000000703e00000|100%| O|  |TAMS 0x0000000703c00000, 0x0000000703c00000| Untracked 
|  31|0x0000000703e00000, 0x0000000704000000, 0x0000000704000000|100%| O|  |TAMS 0x0000000704000000, 0x0000000703e00000| Untracked 
|  32|0x0000000704000000, 0x0000000704200000, 0x0000000704200000|100%| O|  |TAMS 0x0000000704200000, 0x0000000704000000| Untracked 
|  33|0x0000000704200000, 0x0000000704400000, 0x0000000704400000|100%| O|  |TAMS 0x0000000704400000, 0x0000000704200000| Untracked 
|  34|0x0000000704400000, 0x0000000704600000, 0x0000000704600000|100%| O|  |TAMS 0x0000000704400000, 0x0000000704400000| Untracked 
|  35|0x0000000704600000, 0x0000000704800000, 0x0000000704800000|100%| O|  |TAMS 0x0000000704600000, 0x0000000704600000| Untracked 
|  36|0x0000000704800000, 0x0000000704a00000, 0x0000000704a00000|100%| O|  |TAMS 0x0000000704800000, 0x0000000704800000| Untracked 
|  37|0x0000000704a00000, 0x0000000704c00000, 0x0000000704c00000|100%| O|  |TAMS 0x0000000704c00000, 0x0000000704a00000| Untracked 
|  38|0x0000000704c00000, 0x0000000704e00000, 0x0000000704e00000|100%| O|  |TAMS 0x0000000704c00000, 0x0000000704c00000| Untracked 
|  39|0x0000000704e00000, 0x0000000705000000, 0x0000000705000000|100%| O|  |TAMS 0x0000000704e00000, 0x0000000704e00000| Untracked 
|  40|0x0000000705000000, 0x0000000705200000, 0x0000000705200000|100%| O|  |TAMS 0x0000000705200000, 0x0000000705000000| Untracked 
|  41|0x0000000705200000, 0x0000000705400000, 0x0000000705400000|100%| O|  |TAMS 0x0000000705400000, 0x0000000705200000| Untracked 
|  42|0x0000000705400000, 0x0000000705600000, 0x0000000705600000|100%| O|  |TAMS 0x0000000705600000, 0x0000000705400000| Untracked 
|  43|0x0000000705600000, 0x0000000705800000, 0x0000000705800000|100%| O|  |TAMS 0x0000000705800000, 0x0000000705600000| Untracked 
|  44|0x0000000705800000, 0x0000000705800000, 0x0000000705a00000|  0%| F|  |TAMS 0x0000000705800000, 0x0000000705800000| Untracked 
|  45|0x0000000705a00000, 0x0000000705c00000, 0x0000000705c00000|100%| O|  |TAMS 0x0000000705c00000, 0x0000000705a00000| Untracked 
|  46|0x0000000705c00000, 0x0000000705e00000, 0x0000000705e00000|100%| O|  |TAMS 0x0000000705e00000, 0x0000000705c00000| Untracked 
|  47|0x0000000705e00000, 0x0000000706000000, 0x0000000706000000|100%| O|  |TAMS 0x0000000705e00000, 0x0000000705e00000| Untracked 
|  48|0x0000000706000000, 0x0000000706200000, 0x0000000706200000|100%| O|  |TAMS 0x0000000706200000, 0x0000000706000000| Untracked 
|  49|0x0000000706200000, 0x0000000706400000, 0x0000000706400000|100%| O|  |TAMS 0x0000000706400000, 0x0000000706200000| Untracked 
|  50|0x0000000706400000, 0x0000000706600000, 0x0000000706600000|100%| O|  |TAMS 0x0000000706600000, 0x0000000706400000| Untracked 
|  51|0x0000000706600000, 0x0000000706800000, 0x0000000706800000|100%| O|  |TAMS 0x0000000706800000, 0x0000000706600000| Untracked 
|  52|0x0000000706800000, 0x0000000706a00000, 0x0000000706a00000|100%| O|  |TAMS 0x0000000706a00000, 0x0000000706800000| Untracked 
|  53|0x0000000706a00000, 0x0000000706c00000, 0x0000000706c00000|100%|HS|  |TAMS 0x0000000706c00000, 0x0000000706a00000| Complete 
|  54|0x0000000706c00000, 0x0000000706e00000, 0x0000000706e00000|100%|HC|  |TAMS 0x0000000706e00000, 0x0000000706c00000| Complete 
|  55|0x0000000706e00000, 0x0000000707000000, 0x0000000707000000|100%| O|  |TAMS 0x0000000707000000, 0x0000000706e00000| Untracked 
|  56|0x0000000707000000, 0x0000000707200000, 0x0000000707200000|100%| O|  |TAMS 0x0000000707200000, 0x0000000707000000| Untracked 
|  57|0x0000000707200000, 0x0000000707400000, 0x0000000707400000|100%| O|  |TAMS 0x0000000707400000, 0x0000000707200000| Untracked 
|  58|0x0000000707400000, 0x0000000707600000, 0x0000000707600000|100%| O|  |TAMS 0x0000000707600000, 0x0000000707400000| Untracked 
|  59|0x0000000707600000, 0x0000000707800000, 0x0000000707800000|100%| O|  |TAMS 0x0000000707800000, 0x0000000707600000| Untracked 
|  60|0x0000000707800000, 0x0000000707a00000, 0x0000000707a00000|100%| O|  |TAMS 0x0000000707800000, 0x0000000707800000| Untracked 
|  61|0x0000000707a00000, 0x0000000707c00000, 0x0000000707c00000|100%| O|  |TAMS 0x0000000707a00000, 0x0000000707a00000| Untracked 
|  62|0x0000000707c00000, 0x0000000707e00000, 0x0000000707e00000|100%| O|  |TAMS 0x0000000707e00000, 0x0000000707c00000| Untracked 
|  63|0x0000000707e00000, 0x0000000708000000, 0x0000000708000000|100%| O|  |TAMS 0x0000000708000000, 0x0000000707e00000| Untracked 
|  64|0x0000000708000000, 0x0000000708200000, 0x0000000708200000|100%| O|  |TAMS 0x0000000708200000, 0x0000000708000000| Untracked 
|  65|0x0000000708200000, 0x0000000708400000, 0x0000000708400000|100%| O|  |TAMS 0x0000000708200000, 0x0000000708200000| Untracked 
|  66|0x0000000708400000, 0x0000000708600000, 0x0000000708600000|100%| O|  |TAMS 0x0000000708400000, 0x0000000708400000| Untracked 
|  67|0x0000000708600000, 0x0000000708800000, 0x0000000708800000|100%| O|  |TAMS 0x0000000708600000, 0x0000000708600000| Untracked 
|  68|0x0000000708800000, 0x0000000708800000, 0x0000000708a00000|  0%| F|  |TAMS 0x0000000708800000, 0x0000000708800000| Untracked 
|  69|0x0000000708a00000, 0x0000000708a00000, 0x0000000708c00000|  0%| F|  |TAMS 0x0000000708a00000, 0x0000000708a00000| Untracked 
|  70|0x0000000708c00000, 0x0000000708e00000, 0x0000000708e00000|100%| O|  |TAMS 0x0000000708c00000, 0x0000000708c00000| Untracked 
|  71|0x0000000708e00000, 0x0000000709000000, 0x0000000709000000|100%| O|  |TAMS 0x0000000708e00000, 0x0000000708e00000| Untracked 
|  72|0x0000000709000000, 0x0000000709200000, 0x0000000709200000|100%| O|  |TAMS 0x0000000709000000, 0x0000000709000000| Untracked 
|  73|0x0000000709200000, 0x0000000709400000, 0x0000000709400000|100%| O|  |TAMS 0x0000000709200000, 0x0000000709200000| Untracked 
|  74|0x0000000709400000, 0x0000000709600000, 0x0000000709600000|100%| O|  |TAMS 0x0000000709400000, 0x0000000709400000| Untracked 
|  75|0x0000000709600000, 0x0000000709800000, 0x0000000709800000|100%| O|  |TAMS 0x0000000709600000, 0x0000000709600000| Untracked 
|  76|0x0000000709800000, 0x0000000709800000, 0x0000000709a00000|  0%| F|  |TAMS 0x0000000709800000, 0x0000000709800000| Untracked 
|  77|0x0000000709a00000, 0x0000000709a00000, 0x0000000709c00000|  0%| F|  |TAMS 0x0000000709a00000, 0x0000000709a00000| Untracked 
|  78|0x0000000709c00000, 0x0000000709e00000, 0x0000000709e00000|100%| O|  |TAMS 0x0000000709c00000, 0x0000000709c00000| Untracked 
|  79|0x0000000709e00000, 0x000000070a000000, 0x000000070a000000|100%| O|  |TAMS 0x0000000709e00000, 0x0000000709e00000| Untracked 
|  80|0x000000070a000000, 0x000000070a200000, 0x000000070a200000|100%| O|  |TAMS 0x000000070a200000, 0x000000070a000000| Untracked 
|  81|0x000000070a200000, 0x000000070a200000, 0x000000070a400000|  0%| F|  |TAMS 0x000000070a200000, 0x000000070a200000| Untracked 
|  82|0x000000070a400000, 0x000000070a600000, 0x000000070a600000|100%| O|  |TAMS 0x000000070a600000, 0x000000070a400000| Untracked 
|  83|0x000000070a600000, 0x000000070a800000, 0x000000070a800000|100%|HS|  |TAMS 0x000000070a800000, 0x000000070a600000| Complete 
|  84|0x000000070a800000, 0x000000070aa00000, 0x000000070aa00000|100%| O|  |TAMS 0x000000070aa00000, 0x000000070a800000| Untracked 
|  85|0x000000070aa00000, 0x000000070ac00000, 0x000000070ac00000|100%| O|  |TAMS 0x000000070ac00000, 0x000000070aa00000| Untracked 
|  86|0x000000070ac00000, 0x000000070ae00000, 0x000000070ae00000|100%| O|  |TAMS 0x000000070ae00000, 0x000000070ac00000| Untracked 
|  87|0x000000070ae00000, 0x000000070ae00000, 0x000000070b000000|  0%| F|  |TAMS 0x000000070ae00000, 0x000000070ae00000| Untracked 
|  88|0x000000070b000000, 0x000000070b200000, 0x000000070b200000|100%| O|  |TAMS 0x000000070b200000, 0x000000070b000000| Untracked 
|  89|0x000000070b200000, 0x000000070b400000, 0x000000070b400000|100%| O|  |TAMS 0x000000070b200000, 0x000000070b200000| Untracked 
|  90|0x000000070b400000, 0x000000070b600000, 0x000000070b600000|100%| O|  |TAMS 0x000000070b400000, 0x000000070b400000| Untracked 
|  91|0x000000070b600000, 0x000000070b600000, 0x000000070b800000|  0%| F|  |TAMS 0x000000070b600000, 0x000000070b600000| Untracked 
|  92|0x000000070b800000, 0x000000070b800000, 0x000000070ba00000|  0%| F|  |TAMS 0x000000070b800000, 0x000000070b800000| Untracked 
|  93|0x000000070ba00000, 0x000000070ba00000, 0x000000070bc00000|  0%| F|  |TAMS 0x000000070ba00000, 0x000000070ba00000| Untracked 
|  94|0x000000070bc00000, 0x000000070bc00000, 0x000000070be00000|  0%| F|  |TAMS 0x000000070bc00000, 0x000000070bc00000| Untracked 
|  95|0x000000070be00000, 0x000000070be00000, 0x000000070c000000|  0%| F|  |TAMS 0x000000070be00000, 0x000000070be00000| Untracked 
|  96|0x000000070c000000, 0x000000070c000000, 0x000000070c200000|  0%| F|  |TAMS 0x000000070c000000, 0x000000070c000000| Untracked 
|  97|0x000000070c200000, 0x000000070c400000, 0x000000070c400000|100%| O|  |TAMS 0x000000070c200000, 0x000000070c200000| Untracked 
|  98|0x000000070c400000, 0x000000070c600000, 0x000000070c600000|100%| O|  |TAMS 0x000000070c400000, 0x000000070c400000| Untracked 
|  99|0x000000070c600000, 0x000000070c800000, 0x000000070c800000|100%| O|  |TAMS 0x000000070c600000, 0x000000070c600000| Untracked 
| 100|0x000000070c800000, 0x000000070ca00000, 0x000000070ca00000|100%| O|  |TAMS 0x000000070c800000, 0x000000070c800000| Untracked 
| 101|0x000000070ca00000, 0x000000070cc00000, 0x000000070cc00000|100%| O|  |TAMS 0x000000070ca00000, 0x000000070ca00000| Untracked 
| 102|0x000000070cc00000, 0x000000070ce00000, 0x000000070ce00000|100%|HS|  |TAMS 0x000000070ce00000, 0x000000070cc00000| Complete 
| 103|0x000000070ce00000, 0x000000070ce00000, 0x000000070d000000|  0%| F|  |TAMS 0x000000070ce00000, 0x000000070ce00000| Untracked 
| 104|0x000000070d000000, 0x000000070d000000, 0x000000070d200000|  0%| F|  |TAMS 0x000000070d000000, 0x000000070d000000| Untracked 
| 105|0x000000070d200000, 0x000000070d400000, 0x000000070d400000|100%| O|  |TAMS 0x000000070d200000, 0x000000070d200000| Untracked 
| 106|0x000000070d400000, 0x000000070d600000, 0x000000070d600000|100%| O|  |TAMS 0x000000070d600000, 0x000000070d400000| Untracked 
| 107|0x000000070d600000, 0x000000070d800000, 0x000000070d800000|100%| O|  |TAMS 0x000000070d800000, 0x000000070d600000| Untracked 
| 108|0x000000070d800000, 0x000000070da00000, 0x000000070da00000|100%| O|  |TAMS 0x000000070da00000, 0x000000070d800000| Untracked 
| 109|0x000000070da00000, 0x000000070dc00000, 0x000000070dc00000|100%| O|  |TAMS 0x000000070dc00000, 0x000000070da00000| Untracked 
| 110|0x000000070dc00000, 0x000000070dc00000, 0x000000070de00000|  0%| F|  |TAMS 0x000000070dc00000, 0x000000070dc00000| Untracked 
| 111|0x000000070de00000, 0x000000070de00000, 0x000000070e000000|  0%| F|  |TAMS 0x000000070de00000, 0x000000070de00000| Untracked 
| 112|0x000000070e000000, 0x000000070e000000, 0x000000070e200000|  0%| F|  |TAMS 0x000000070e000000, 0x000000070e000000| Untracked 
| 113|0x000000070e200000, 0x000000070e200000, 0x000000070e400000|  0%| F|  |TAMS 0x000000070e200000, 0x000000070e200000| Untracked 
| 114|0x000000070e400000, 0x000000070e600000, 0x000000070e600000|100%| O|  |TAMS 0x000000070e600000, 0x000000070e400000| Untracked 
| 115|0x000000070e600000, 0x000000070e600000, 0x000000070e800000|  0%| F|  |TAMS 0x000000070e600000, 0x000000070e600000| Untracked 
| 116|0x000000070e800000, 0x000000070e800000, 0x000000070ea00000|  0%| F|  |TAMS 0x000000070e800000, 0x000000070e800000| Untracked 
| 117|0x000000070ea00000, 0x000000070ec00000, 0x000000070ec00000|100%| O|  |TAMS 0x000000070ea00000, 0x000000070ea00000| Untracked 
| 118|0x000000070ec00000, 0x000000070ec00000, 0x000000070ee00000|  0%| F|  |TAMS 0x000000070ec00000, 0x000000070ec00000| Untracked 
| 119|0x000000070ee00000, 0x000000070ee00000, 0x000000070f000000|  0%| F|  |TAMS 0x000000070ee00000, 0x000000070ee00000| Untracked 
| 120|0x000000070f000000, 0x000000070f000000, 0x000000070f200000|  0%| F|  |TAMS 0x000000070f000000, 0x000000070f000000| Untracked 
| 121|0x000000070f200000, 0x000000070f200000, 0x000000070f400000|  0%| F|  |TAMS 0x000000070f200000, 0x000000070f200000| Untracked 
| 122|0x000000070f400000, 0x000000070f400000, 0x000000070f600000|  0%| F|  |TAMS 0x000000070f400000, 0x000000070f400000| Untracked 
| 123|0x000000070f600000, 0x000000070f600000, 0x000000070f800000|  0%| F|  |TAMS 0x000000070f600000, 0x000000070f600000| Untracked 
| 124|0x000000070f800000, 0x000000070f800000, 0x000000070fa00000|  0%| F|  |TAMS 0x000000070f800000, 0x000000070f800000| Untracked 
| 125|0x000000070fa00000, 0x000000070fa00000, 0x000000070fc00000|  0%| F|  |TAMS 0x000000070fa00000, 0x000000070fa00000| Untracked 
| 126|0x000000070fc00000, 0x000000070fc00000, 0x000000070fe00000|  0%| F|  |TAMS 0x000000070fc00000, 0x000000070fc00000| Untracked 
| 127|0x000000070fe00000, 0x000000070fe00000, 0x0000000710000000|  0%| F|  |TAMS 0x000000070fe00000, 0x000000070fe00000| Untracked 
| 128|0x0000000710000000, 0x0000000710000000, 0x0000000710200000|  0%| F|  |TAMS 0x0000000710000000, 0x0000000710000000| Untracked 
| 129|0x0000000710200000, 0x0000000710200000, 0x0000000710400000|  0%| F|  |TAMS 0x0000000710200000, 0x0000000710200000| Untracked 
| 130|0x0000000710400000, 0x0000000710400000, 0x0000000710600000|  0%| F|  |TAMS 0x0000000710400000, 0x0000000710400000| Untracked 
| 131|0x0000000710600000, 0x0000000710800000, 0x0000000710800000|100%| O|  |TAMS 0x0000000710800000, 0x0000000710600000| Untracked 
| 132|0x0000000710800000, 0x0000000710a00000, 0x0000000710a00000|100%| O|  |TAMS 0x0000000710a00000, 0x0000000710800000| Untracked 
| 133|0x0000000710a00000, 0x0000000710c00000, 0x0000000710c00000|100%| O|  |TAMS 0x0000000710c00000, 0x0000000710a00000| Untracked 
| 134|0x0000000710c00000, 0x0000000710c00000, 0x0000000710e00000|  0%| F|  |TAMS 0x0000000710c00000, 0x0000000710c00000| Untracked 
| 135|0x0000000710e00000, 0x0000000710e00000, 0x0000000711000000|  0%| F|  |TAMS 0x0000000710e00000, 0x0000000710e00000| Untracked 
| 136|0x0000000711000000, 0x0000000711000000, 0x0000000711200000|  0%| F|  |TAMS 0x0000000711000000, 0x0000000711000000| Untracked 
| 137|0x0000000711200000, 0x0000000711200000, 0x0000000711400000|  0%| F|  |TAMS 0x0000000711200000, 0x0000000711200000| Untracked 
| 138|0x0000000711400000, 0x0000000711400000, 0x0000000711600000|  0%| F|  |TAMS 0x0000000711400000, 0x0000000711400000| Untracked 
| 139|0x0000000711600000, 0x0000000711600000, 0x0000000711800000|  0%| F|  |TAMS 0x0000000711600000, 0x0000000711600000| Untracked 
| 140|0x0000000711800000, 0x0000000711800000, 0x0000000711a00000|  0%| F|  |TAMS 0x0000000711800000, 0x0000000711800000| Untracked 
| 141|0x0000000711a00000, 0x0000000711a00000, 0x0000000711c00000|  0%| F|  |TAMS 0x0000000711a00000, 0x0000000711a00000| Untracked 
| 142|0x0000000711c00000, 0x0000000711c00000, 0x0000000711e00000|  0%| F|  |TAMS 0x0000000711c00000, 0x0000000711c00000| Untracked 
| 143|0x0000000711e00000, 0x0000000711e00000, 0x0000000712000000|  0%| F|  |TAMS 0x0000000711e00000, 0x0000000711e00000| Untracked 
| 144|0x0000000712000000, 0x0000000712200000, 0x0000000712200000|100%| O|  |TAMS 0x0000000712200000, 0x0000000712000000| Untracked 
| 145|0x0000000712200000, 0x0000000712200000, 0x0000000712400000|  0%| F|  |TAMS 0x0000000712200000, 0x0000000712200000| Untracked 
| 146|0x0000000712400000, 0x0000000712600000, 0x0000000712600000|100%| O|  |TAMS 0x0000000712600000, 0x0000000712400000| Untracked 
| 147|0x0000000712600000, 0x0000000712800000, 0x0000000712800000|100%| O|  |TAMS 0x0000000712800000, 0x0000000712600000| Untracked 
| 148|0x0000000712800000, 0x0000000712a00000, 0x0000000712a00000|100%| O|  |TAMS 0x0000000712a00000, 0x0000000712800000| Untracked 
| 149|0x0000000712a00000, 0x0000000712c00000, 0x0000000712c00000|100%| O|  |TAMS 0x0000000712c00000, 0x0000000712a00000| Untracked 
| 150|0x0000000712c00000, 0x0000000712e00000, 0x0000000712e00000|100%| O|  |TAMS 0x0000000712e00000, 0x0000000712c00000| Untracked 
| 151|0x0000000712e00000, 0x0000000713000000, 0x0000000713000000|100%| O|  |TAMS 0x0000000713000000, 0x0000000712e00000| Untracked 
| 152|0x0000000713000000, 0x0000000713200000, 0x0000000713200000|100%| O|  |TAMS 0x0000000713200000, 0x0000000713000000| Untracked 
| 153|0x0000000713200000, 0x0000000713400000, 0x0000000713400000|100%| O|  |TAMS 0x0000000713400000, 0x0000000713200000| Untracked 
| 154|0x0000000713400000, 0x0000000713600000, 0x0000000713600000|100%| O|  |TAMS 0x0000000713600000, 0x0000000713400000| Untracked 
| 155|0x0000000713600000, 0x0000000713800000, 0x0000000713800000|100%| O|  |TAMS 0x0000000713800000, 0x0000000713600000| Untracked 
| 156|0x0000000713800000, 0x0000000713a00000, 0x0000000713a00000|100%| O|  |TAMS 0x0000000713a00000, 0x0000000713800000| Untracked 
| 157|0x0000000713a00000, 0x0000000713c00000, 0x0000000713c00000|100%| O|  |TAMS 0x0000000713c00000, 0x0000000713a00000| Untracked 
| 158|0x0000000713c00000, 0x0000000713e00000, 0x0000000713e00000|100%| O|  |TAMS 0x0000000713e00000, 0x0000000713c00000| Untracked 
| 159|0x0000000713e00000, 0x0000000714000000, 0x0000000714000000|100%| O|  |TAMS 0x0000000714000000, 0x0000000713e00000| Untracked 
| 160|0x0000000714000000, 0x0000000714200000, 0x0000000714200000|100%| O|  |TAMS 0x0000000714200000, 0x0000000714000000| Untracked 
| 161|0x0000000714200000, 0x0000000714400000, 0x0000000714400000|100%| O|  |TAMS 0x0000000714400000, 0x0000000714200000| Untracked 
| 162|0x0000000714400000, 0x0000000714600000, 0x0000000714600000|100%| O|  |TAMS 0x0000000714600000, 0x0000000714400000| Untracked 
| 163|0x0000000714600000, 0x0000000714800000, 0x0000000714800000|100%| O|  |TAMS 0x0000000714800000, 0x0000000714600000| Untracked 
| 164|0x0000000714800000, 0x0000000714a00000, 0x0000000714a00000|100%| O|  |TAMS 0x0000000714a00000, 0x0000000714800000| Untracked 
| 165|0x0000000714a00000, 0x0000000714c00000, 0x0000000714c00000|100%| O|  |TAMS 0x0000000714c00000, 0x0000000714a00000| Untracked 
| 166|0x0000000714c00000, 0x0000000714e00000, 0x0000000714e00000|100%| O|  |TAMS 0x0000000714e00000, 0x0000000714c00000| Untracked 
| 167|0x0000000714e00000, 0x0000000715000000, 0x0000000715000000|100%| O|  |TAMS 0x0000000715000000, 0x0000000714e00000| Untracked 
| 168|0x0000000715000000, 0x0000000715200000, 0x0000000715200000|100%| O|  |TAMS 0x0000000715200000, 0x0000000715000000| Untracked 
| 169|0x0000000715200000, 0x0000000715400000, 0x0000000715400000|100%| O|  |TAMS 0x0000000715400000, 0x0000000715200000| Untracked 
| 170|0x0000000715400000, 0x0000000715600000, 0x0000000715600000|100%| O|  |TAMS 0x0000000715600000, 0x0000000715400000| Untracked 
| 171|0x0000000715600000, 0x0000000715800000, 0x0000000715800000|100%| O|  |TAMS 0x0000000715800000, 0x0000000715600000| Untracked 
| 172|0x0000000715800000, 0x0000000715a00000, 0x0000000715a00000|100%| O|  |TAMS 0x0000000715a00000, 0x0000000715800000| Untracked 
| 173|0x0000000715a00000, 0x0000000715c00000, 0x0000000715c00000|100%| O|  |TAMS 0x0000000715c00000, 0x0000000715a00000| Untracked 
| 174|0x0000000715c00000, 0x0000000715e00000, 0x0000000715e00000|100%| O|  |TAMS 0x0000000715e00000, 0x0000000715c00000| Untracked 
| 175|0x0000000715e00000, 0x0000000716000000, 0x0000000716000000|100%| O|  |TAMS 0x0000000716000000, 0x0000000715e00000| Untracked 
| 176|0x0000000716000000, 0x0000000716200000, 0x0000000716200000|100%| O|  |TAMS 0x0000000716200000, 0x0000000716000000| Untracked 
| 177|0x0000000716200000, 0x0000000716200000, 0x0000000716400000|  0%| F|  |TAMS 0x0000000716200000, 0x0000000716200000| Untracked 
| 178|0x0000000716400000, 0x0000000716400000, 0x0000000716600000|  0%| F|  |TAMS 0x0000000716400000, 0x0000000716400000| Untracked 
| 179|0x0000000716600000, 0x0000000716800000, 0x0000000716800000|100%| O|  |TAMS 0x0000000716800000, 0x0000000716600000| Untracked 
| 180|0x0000000716800000, 0x0000000716a00000, 0x0000000716a00000|100%| O|  |TAMS 0x0000000716a00000, 0x0000000716800000| Untracked 
| 181|0x0000000716a00000, 0x0000000716a00000, 0x0000000716c00000|  0%| F|  |TAMS 0x0000000716a00000, 0x0000000716a00000| Untracked 
| 182|0x0000000716c00000, 0x0000000716e00000, 0x0000000716e00000|100%| O|  |TAMS 0x0000000716e00000, 0x0000000716c00000| Untracked 
| 183|0x0000000716e00000, 0x0000000716e00000, 0x0000000717000000|  0%| F|  |TAMS 0x0000000716e00000, 0x0000000716e00000| Untracked 
| 184|0x0000000717000000, 0x0000000717000000, 0x0000000717200000|  0%| F|  |TAMS 0x0000000717000000, 0x0000000717000000| Untracked 
| 185|0x0000000717200000, 0x0000000717200000, 0x0000000717400000|  0%| F|  |TAMS 0x0000000717200000, 0x0000000717200000| Untracked 
| 186|0x0000000717400000, 0x0000000717400000, 0x0000000717600000|  0%| F|  |TAMS 0x0000000717400000, 0x0000000717400000| Untracked 
| 187|0x0000000717600000, 0x0000000717600000, 0x0000000717800000|  0%| F|  |TAMS 0x0000000717600000, 0x0000000717600000| Untracked 
| 188|0x0000000717800000, 0x0000000717800000, 0x0000000717a00000|  0%| F|  |TAMS 0x0000000717800000, 0x0000000717800000| Untracked 
| 189|0x0000000717a00000, 0x0000000717a00000, 0x0000000717c00000|  0%| F|  |TAMS 0x0000000717a00000, 0x0000000717a00000| Untracked 
| 190|0x0000000717c00000, 0x0000000717e00000, 0x0000000717e00000|100%| O|  |TAMS 0x0000000717e00000, 0x0000000717c00000| Untracked 
| 191|0x0000000717e00000, 0x0000000717e00000, 0x0000000718000000|  0%| F|  |TAMS 0x0000000717e00000, 0x0000000717e00000| Untracked 
| 192|0x0000000718000000, 0x0000000718200000, 0x0000000718200000|100%| O|  |TAMS 0x0000000718200000, 0x0000000718000000| Untracked 
| 193|0x0000000718200000, 0x0000000718200000, 0x0000000718400000|  0%| F|  |TAMS 0x0000000718200000, 0x0000000718200000| Untracked 
| 194|0x0000000718400000, 0x0000000718400000, 0x0000000718600000|  0%| F|  |TAMS 0x0000000718400000, 0x0000000718400000| Untracked 
| 195|0x0000000718600000, 0x0000000718600000, 0x0000000718800000|  0%| F|  |TAMS 0x0000000718600000, 0x0000000718600000| Untracked 
| 196|0x0000000718800000, 0x0000000718800000, 0x0000000718a00000|  0%| F|  |TAMS 0x0000000718800000, 0x0000000718800000| Untracked 
| 197|0x0000000718a00000, 0x0000000718c00000, 0x0000000718c00000|100%| O|  |TAMS 0x0000000718a00000, 0x0000000718a00000| Untracked 
| 198|0x0000000718c00000, 0x0000000718e00000, 0x0000000718e00000|100%| O|  |TAMS 0x0000000718c00000, 0x0000000718c00000| Untracked 
| 199|0x0000000718e00000, 0x0000000719000000, 0x0000000719000000|100%| O|  |TAMS 0x0000000718e00000, 0x0000000718e00000| Untracked 
| 200|0x0000000719000000, 0x0000000719000000, 0x0000000719200000|  0%| F|  |TAMS 0x0000000719000000, 0x0000000719000000| Untracked 
| 201|0x0000000719200000, 0x0000000719200000, 0x0000000719400000|  0%| F|  |TAMS 0x0000000719200000, 0x0000000719200000| Untracked 
| 202|0x0000000719400000, 0x0000000719600000, 0x0000000719600000|100%| O|  |TAMS 0x0000000719600000, 0x0000000719400000| Untracked 
| 203|0x0000000719600000, 0x0000000719800000, 0x0000000719800000|100%| O|  |TAMS 0x0000000719800000, 0x0000000719600000| Untracked 
| 204|0x0000000719800000, 0x0000000719a00000, 0x0000000719a00000|100%| O|  |TAMS 0x0000000719a00000, 0x0000000719800000| Untracked 
| 205|0x0000000719a00000, 0x0000000719a00000, 0x0000000719c00000|  0%| F|  |TAMS 0x0000000719a00000, 0x0000000719a00000| Untracked 
| 206|0x0000000719c00000, 0x0000000719c00000, 0x0000000719e00000|  0%| F|  |TAMS 0x0000000719c00000, 0x0000000719c00000| Untracked 
| 207|0x0000000719e00000, 0x000000071a000000, 0x000000071a000000|100%| O|  |TAMS 0x000000071a000000, 0x0000000719e00000| Untracked 
| 208|0x000000071a000000, 0x000000071a200000, 0x000000071a200000|100%| O|  |TAMS 0x000000071a000000, 0x000000071a000000| Untracked 
| 209|0x000000071a200000, 0x000000071a400000, 0x000000071a400000|100%| O|  |TAMS 0x000000071a200000, 0x000000071a200000| Untracked 
| 210|0x000000071a400000, 0x000000071a600000, 0x000000071a600000|100%| O|  |TAMS 0x000000071a400000, 0x000000071a400000| Untracked 
| 211|0x000000071a600000, 0x000000071a800000, 0x000000071a800000|100%| O|  |TAMS 0x000000071a600000, 0x000000071a600000| Untracked 
| 212|0x000000071a800000, 0x000000071aa00000, 0x000000071aa00000|100%| O|  |TAMS 0x000000071a800000, 0x000000071a800000| Untracked 
| 213|0x000000071aa00000, 0x000000071ac00000, 0x000000071ac00000|100%| O|  |TAMS 0x000000071aa00000, 0x000000071aa00000| Untracked 
| 214|0x000000071ac00000, 0x000000071ae00000, 0x000000071ae00000|100%| O|  |TAMS 0x000000071ac00000, 0x000000071ac00000| Untracked 
| 215|0x000000071ae00000, 0x000000071b000000, 0x000000071b000000|100%| O|  |TAMS 0x000000071ae00000, 0x000000071ae00000| Untracked 
| 216|0x000000071b000000, 0x000000071b200000, 0x000000071b200000|100%| O|  |TAMS 0x000000071b000000, 0x000000071b000000| Untracked 
| 217|0x000000071b200000, 0x000000071b400000, 0x000000071b400000|100%| O|  |TAMS 0x000000071b200000, 0x000000071b200000| Untracked 
| 218|0x000000071b400000, 0x000000071b600000, 0x000000071b600000|100%| O|  |TAMS 0x000000071b400000, 0x000000071b400000| Untracked 
| 219|0x000000071b600000, 0x000000071b800000, 0x000000071b800000|100%| O|  |TAMS 0x000000071b600000, 0x000000071b600000| Untracked 
| 220|0x000000071b800000, 0x000000071ba00000, 0x000000071ba00000|100%| O|  |TAMS 0x000000071b800000, 0x000000071b800000| Untracked 
| 221|0x000000071ba00000, 0x000000071bc00000, 0x000000071bc00000|100%| O|  |TAMS 0x000000071ba00000, 0x000000071ba00000| Untracked 
| 222|0x000000071bc00000, 0x000000071be00000, 0x000000071be00000|100%| O|  |TAMS 0x000000071bc00000, 0x000000071bc00000| Untracked 
| 223|0x000000071be00000, 0x000000071c000000, 0x000000071c000000|100%| O|  |TAMS 0x000000071be00000, 0x000000071be00000| Untracked 
| 224|0x000000071c000000, 0x000000071c200000, 0x000000071c200000|100%| O|  |TAMS 0x000000071c000000, 0x000000071c000000| Untracked 
| 225|0x000000071c200000, 0x000000071c400000, 0x000000071c400000|100%| O|  |TAMS 0x000000071c200000, 0x000000071c200000| Untracked 
| 226|0x000000071c400000, 0x000000071c600000, 0x000000071c600000|100%| O|  |TAMS 0x000000071c400000, 0x000000071c400000| Untracked 
| 227|0x000000071c600000, 0x000000071c800000, 0x000000071c800000|100%| O|  |TAMS 0x000000071c600000, 0x000000071c600000| Untracked 
| 228|0x000000071c800000, 0x000000071ca00000, 0x000000071ca00000|100%| O|  |TAMS 0x000000071c800000, 0x000000071c800000| Untracked 
| 229|0x000000071ca00000, 0x000000071cc00000, 0x000000071cc00000|100%| O|  |TAMS 0x000000071ca00000, 0x000000071ca00000| Untracked 
| 230|0x000000071cc00000, 0x000000071ce00000, 0x000000071ce00000|100%| O|  |TAMS 0x000000071cc00000, 0x000000071cc00000| Untracked 
| 231|0x000000071ce00000, 0x000000071d000000, 0x000000071d000000|100%| O|  |TAMS 0x000000071ce00000, 0x000000071ce00000| Untracked 
| 232|0x000000071d000000, 0x000000071d200000, 0x000000071d200000|100%| O|  |TAMS 0x000000071d000000, 0x000000071d000000| Untracked 
| 233|0x000000071d200000, 0x000000071d200000, 0x000000071d400000|  0%| F|  |TAMS 0x000000071d200000, 0x000000071d200000| Untracked 
| 234|0x000000071d400000, 0x000000071d400000, 0x000000071d600000|  0%| F|  |TAMS 0x000000071d400000, 0x000000071d400000| Untracked 
| 235|0x000000071d600000, 0x000000071d600000, 0x000000071d800000|  0%| F|  |TAMS 0x000000071d600000, 0x000000071d600000| Untracked 
| 236|0x000000071d800000, 0x000000071d800000, 0x000000071da00000|  0%| F|  |TAMS 0x000000071d800000, 0x000000071d800000| Untracked 
| 237|0x000000071da00000, 0x000000071da00000, 0x000000071dc00000|  0%| F|  |TAMS 0x000000071da00000, 0x000000071da00000| Untracked 
| 238|0x000000071dc00000, 0x000000071dc00000, 0x000000071de00000|  0%| F|  |TAMS 0x000000071dc00000, 0x000000071dc00000| Untracked 
| 239|0x000000071de00000, 0x000000071de00000, 0x000000071e000000|  0%| F|  |TAMS 0x000000071de00000, 0x000000071de00000| Untracked 
| 240|0x000000071e000000, 0x000000071e000000, 0x000000071e200000|  0%| F|  |TAMS 0x000000071e000000, 0x000000071e000000| Untracked 
| 241|0x000000071e200000, 0x000000071e200000, 0x000000071e400000|  0%| F|  |TAMS 0x000000071e200000, 0x000000071e200000| Untracked 
| 242|0x000000071e400000, 0x000000071e400000, 0x000000071e600000|  0%| F|  |TAMS 0x000000071e400000, 0x000000071e400000| Untracked 
| 243|0x000000071e600000, 0x000000071e600000, 0x000000071e800000|  0%| F|  |TAMS 0x000000071e600000, 0x000000071e600000| Untracked 
| 244|0x000000071e800000, 0x000000071e800000, 0x000000071ea00000|  0%| F|  |TAMS 0x000000071e800000, 0x000000071e800000| Untracked 
| 245|0x000000071ea00000, 0x000000071ea00000, 0x000000071ec00000|  0%| F|  |TAMS 0x000000071ea00000, 0x000000071ea00000| Untracked 
| 246|0x000000071ec00000, 0x000000071ec00000, 0x000000071ee00000|  0%| F|  |TAMS 0x000000071ec00000, 0x000000071ec00000| Untracked 
| 247|0x000000071ee00000, 0x000000071ee00000, 0x000000071f000000|  0%| F|  |TAMS 0x000000071ee00000, 0x000000071ee00000| Untracked 
| 248|0x000000071f000000, 0x000000071f000000, 0x000000071f200000|  0%| F|  |TAMS 0x000000071f000000, 0x000000071f000000| Untracked 
| 249|0x000000071f200000, 0x000000071f200000, 0x000000071f400000|  0%| F|  |TAMS 0x000000071f200000, 0x000000071f200000| Untracked 
| 250|0x000000071f400000, 0x000000071f400000, 0x000000071f600000|  0%| F|  |TAMS 0x000000071f400000, 0x000000071f400000| Untracked 
| 251|0x000000071f600000, 0x000000071f600000, 0x000000071f800000|  0%| F|  |TAMS 0x000000071f600000, 0x000000071f600000| Untracked 
| 252|0x000000071f800000, 0x000000071f800000, 0x000000071fa00000|  0%| F|  |TAMS 0x000000071f800000, 0x000000071f800000| Untracked 
| 253|0x000000071fa00000, 0x000000071fa00000, 0x000000071fc00000|  0%| F|  |TAMS 0x000000071fa00000, 0x000000071fa00000| Untracked 
| 254|0x000000071fc00000, 0x000000071fc00000, 0x000000071fe00000|  0%| F|  |TAMS 0x000000071fc00000, 0x000000071fc00000| Untracked 
| 255|0x000000071fe00000, 0x000000071fe00000, 0x0000000720000000|  0%| F|  |TAMS 0x000000071fe00000, 0x000000071fe00000| Untracked 
| 256|0x0000000720000000, 0x0000000720000000, 0x0000000720200000|  0%| F|  |TAMS 0x0000000720000000, 0x0000000720000000| Untracked 
| 257|0x0000000720200000, 0x0000000720312ab8, 0x0000000720400000| 53%| E|  |TAMS 0x0000000720200000, 0x0000000720200000| Complete 
| 258|0x0000000720400000, 0x0000000720600000, 0x0000000720600000|100%| E|CS|TAMS 0x0000000720400000, 0x0000000720400000| Complete 
| 259|0x0000000720600000, 0x0000000720800000, 0x0000000720800000|100%| E|CS|TAMS 0x0000000720600000, 0x0000000720600000| Complete 
| 260|0x0000000720800000, 0x0000000720a00000, 0x0000000720a00000|100%| E|CS|TAMS 0x0000000720800000, 0x0000000720800000| Complete 
| 261|0x0000000720a00000, 0x0000000720c00000, 0x0000000720c00000|100%| E|CS|TAMS 0x0000000720a00000, 0x0000000720a00000| Complete 
| 262|0x0000000720c00000, 0x0000000720e00000, 0x0000000720e00000|100%| E|CS|TAMS 0x0000000720c00000, 0x0000000720c00000| Complete 
| 263|0x0000000720e00000, 0x0000000721000000, 0x0000000721000000|100%| E|CS|TAMS 0x0000000720e00000, 0x0000000720e00000| Complete 
| 264|0x0000000721000000, 0x0000000721200000, 0x0000000721200000|100%| E|CS|TAMS 0x0000000721000000, 0x0000000721000000| Complete 
| 265|0x0000000721200000, 0x0000000721400000, 0x0000000721400000|100%| E|CS|TAMS 0x0000000721200000, 0x0000000721200000| Complete 
| 266|0x0000000721400000, 0x0000000721600000, 0x0000000721600000|100%| E|CS|TAMS 0x0000000721400000, 0x0000000721400000| Complete 
| 267|0x0000000721600000, 0x0000000721800000, 0x0000000721800000|100%| E|CS|TAMS 0x0000000721600000, 0x0000000721600000| Complete 
| 268|0x0000000721800000, 0x0000000721a00000, 0x0000000721a00000|100%| E|CS|TAMS 0x0000000721800000, 0x0000000721800000| Complete 
| 269|0x0000000721a00000, 0x0000000721c00000, 0x0000000721c00000|100%| E|CS|TAMS 0x0000000721a00000, 0x0000000721a00000| Complete 
| 270|0x0000000721c00000, 0x0000000721e00000, 0x0000000721e00000|100%| E|CS|TAMS 0x0000000721c00000, 0x0000000721c00000| Complete 
| 271|0x0000000721e00000, 0x0000000722000000, 0x0000000722000000|100%| E|CS|TAMS 0x0000000721e00000, 0x0000000721e00000| Complete 
| 272|0x0000000722000000, 0x0000000722200000, 0x0000000722200000|100%| E|CS|TAMS 0x0000000722000000, 0x0000000722000000| Complete 
| 273|0x0000000722200000, 0x0000000722400000, 0x0000000722400000|100%| E|CS|TAMS 0x0000000722200000, 0x0000000722200000| Complete 
| 274|0x0000000722400000, 0x0000000722600000, 0x0000000722600000|100%| E|CS|TAMS 0x0000000722400000, 0x0000000722400000| Complete 
| 275|0x0000000722600000, 0x0000000722800000, 0x0000000722800000|100%| E|CS|TAMS 0x0000000722600000, 0x0000000722600000| Complete 
| 276|0x0000000722800000, 0x0000000722a00000, 0x0000000722a00000|100%| E|CS|TAMS 0x0000000722800000, 0x0000000722800000| Complete 
| 277|0x0000000722a00000, 0x0000000722c00000, 0x0000000722c00000|100%| E|CS|TAMS 0x0000000722a00000, 0x0000000722a00000| Complete 
| 278|0x0000000722c00000, 0x0000000722e00000, 0x0000000722e00000|100%| E|CS|TAMS 0x0000000722c00000, 0x0000000722c00000| Complete 
| 279|0x0000000722e00000, 0x0000000723000000, 0x0000000723000000|100%| E|CS|TAMS 0x0000000722e00000, 0x0000000722e00000| Complete 
| 280|0x0000000723000000, 0x0000000723200000, 0x0000000723200000|100%| E|CS|TAMS 0x0000000723000000, 0x0000000723000000| Complete 
| 281|0x0000000723200000, 0x0000000723400000, 0x0000000723400000|100%| E|CS|TAMS 0x0000000723200000, 0x0000000723200000| Complete 
| 282|0x0000000723400000, 0x0000000723600000, 0x0000000723600000|100%| E|CS|TAMS 0x0000000723400000, 0x0000000723400000| Complete 
| 283|0x0000000723600000, 0x0000000723800000, 0x0000000723800000|100%| E|CS|TAMS 0x0000000723600000, 0x0000000723600000| Complete 
| 284|0x0000000723800000, 0x0000000723a00000, 0x0000000723a00000|100%| E|CS|TAMS 0x0000000723800000, 0x0000000723800000| Complete 
| 285|0x0000000723a00000, 0x0000000723c00000, 0x0000000723c00000|100%| E|CS|TAMS 0x0000000723a00000, 0x0000000723a00000| Complete 
| 286|0x0000000723c00000, 0x0000000723e00000, 0x0000000723e00000|100%| E|CS|TAMS 0x0000000723c00000, 0x0000000723c00000| Complete 
| 287|0x0000000723e00000, 0x0000000724000000, 0x0000000724000000|100%| E|CS|TAMS 0x0000000723e00000, 0x0000000723e00000| Complete 
| 288|0x0000000724000000, 0x0000000724200000, 0x0000000724200000|100%| E|CS|TAMS 0x0000000724000000, 0x0000000724000000| Complete 
| 289|0x0000000724200000, 0x0000000724400000, 0x0000000724400000|100%| E|CS|TAMS 0x0000000724200000, 0x0000000724200000| Complete 
| 290|0x0000000724400000, 0x0000000724600000, 0x0000000724600000|100%| E|CS|TAMS 0x0000000724400000, 0x0000000724400000| Complete 
| 291|0x0000000724600000, 0x0000000724800000, 0x0000000724800000|100%| E|CS|TAMS 0x0000000724600000, 0x0000000724600000| Complete 
| 292|0x0000000724800000, 0x0000000724a00000, 0x0000000724a00000|100%| E|CS|TAMS 0x0000000724800000, 0x0000000724800000| Complete 
| 293|0x0000000724a00000, 0x0000000724c00000, 0x0000000724c00000|100%| E|CS|TAMS 0x0000000724a00000, 0x0000000724a00000| Complete 
| 294|0x0000000724c00000, 0x0000000724e00000, 0x0000000724e00000|100%| E|CS|TAMS 0x0000000724c00000, 0x0000000724c00000| Complete 
| 295|0x0000000724e00000, 0x0000000725000000, 0x0000000725000000|100%| E|CS|TAMS 0x0000000724e00000, 0x0000000724e00000| Complete 
| 296|0x0000000725000000, 0x0000000725200000, 0x0000000725200000|100%| E|CS|TAMS 0x0000000725000000, 0x0000000725000000| Complete 
| 297|0x0000000725200000, 0x0000000725400000, 0x0000000725400000|100%| E|CS|TAMS 0x0000000725200000, 0x0000000725200000| Complete 
| 298|0x0000000725400000, 0x0000000725600000, 0x0000000725600000|100%| E|CS|TAMS 0x0000000725400000, 0x0000000725400000| Complete 
| 299|0x0000000725600000, 0x0000000725800000, 0x0000000725800000|100%| E|CS|TAMS 0x0000000725600000, 0x0000000725600000| Complete 
| 300|0x0000000725800000, 0x0000000725a00000, 0x0000000725a00000|100%| E|CS|TAMS 0x0000000725800000, 0x0000000725800000| Complete 
| 301|0x0000000725a00000, 0x0000000725c00000, 0x0000000725c00000|100%| E|CS|TAMS 0x0000000725a00000, 0x0000000725a00000| Complete 
| 302|0x0000000725c00000, 0x0000000725e00000, 0x0000000725e00000|100%| E|CS|TAMS 0x0000000725c00000, 0x0000000725c00000| Complete 
| 303|0x0000000725e00000, 0x0000000726000000, 0x0000000726000000|100%| E|CS|TAMS 0x0000000725e00000, 0x0000000725e00000| Complete 
| 304|0x0000000726000000, 0x0000000726200000, 0x0000000726200000|100%| E|CS|TAMS 0x0000000726000000, 0x0000000726000000| Complete 
| 305|0x0000000726200000, 0x0000000726400000, 0x0000000726400000|100%| E|CS|TAMS 0x0000000726200000, 0x0000000726200000| Complete 
| 306|0x0000000726400000, 0x0000000726600000, 0x0000000726600000|100%| E|CS|TAMS 0x0000000726400000, 0x0000000726400000| Complete 
| 307|0x0000000726600000, 0x0000000726800000, 0x0000000726800000|100%| E|CS|TAMS 0x0000000726600000, 0x0000000726600000| Complete 
| 308|0x0000000726800000, 0x0000000726a00000, 0x0000000726a00000|100%| E|CS|TAMS 0x0000000726800000, 0x0000000726800000| Complete 
| 309|0x0000000726a00000, 0x0000000726c00000, 0x0000000726c00000|100%| E|CS|TAMS 0x0000000726a00000, 0x0000000726a00000| Complete 
| 310|0x0000000726c00000, 0x0000000726e00000, 0x0000000726e00000|100%| E|CS|TAMS 0x0000000726c00000, 0x0000000726c00000| Complete 
| 311|0x0000000726e00000, 0x0000000727000000, 0x0000000727000000|100%| E|CS|TAMS 0x0000000726e00000, 0x0000000726e00000| Complete 
| 312|0x0000000727000000, 0x0000000727200000, 0x0000000727200000|100%| E|CS|TAMS 0x0000000727000000, 0x0000000727000000| Complete 
| 313|0x0000000727200000, 0x0000000727400000, 0x0000000727400000|100%| E|CS|TAMS 0x0000000727200000, 0x0000000727200000| Complete 
| 314|0x0000000727400000, 0x0000000727600000, 0x0000000727600000|100%| E|CS|TAMS 0x0000000727400000, 0x0000000727400000| Complete 
| 315|0x0000000727600000, 0x0000000727800000, 0x0000000727800000|100%| E|CS|TAMS 0x0000000727600000, 0x0000000727600000| Complete 
| 316|0x0000000727800000, 0x0000000727a00000, 0x0000000727a00000|100%| E|CS|TAMS 0x0000000727800000, 0x0000000727800000| Complete 
| 317|0x0000000727a00000, 0x0000000727c00000, 0x0000000727c00000|100%| E|CS|TAMS 0x0000000727a00000, 0x0000000727a00000| Complete 
| 318|0x0000000727c00000, 0x0000000727e00000, 0x0000000727e00000|100%| E|CS|TAMS 0x0000000727c00000, 0x0000000727c00000| Complete 
| 319|0x0000000727e00000, 0x0000000728000000, 0x0000000728000000|100%| E|CS|TAMS 0x0000000727e00000, 0x0000000727e00000| Complete 
| 320|0x0000000728000000, 0x0000000728200000, 0x0000000728200000|100%| E|CS|TAMS 0x0000000728000000, 0x0000000728000000| Complete 
| 321|0x0000000728200000, 0x0000000728400000, 0x0000000728400000|100%| E|CS|TAMS 0x0000000728200000, 0x0000000728200000| Complete 
| 322|0x0000000728400000, 0x0000000728600000, 0x0000000728600000|100%| E|CS|TAMS 0x0000000728400000, 0x0000000728400000| Complete 
| 323|0x0000000728600000, 0x0000000728800000, 0x0000000728800000|100%| E|CS|TAMS 0x0000000728600000, 0x0000000728600000| Complete 
| 324|0x0000000728800000, 0x0000000728a00000, 0x0000000728a00000|100%| E|CS|TAMS 0x0000000728800000, 0x0000000728800000| Complete 
| 325|0x0000000728a00000, 0x0000000728c00000, 0x0000000728c00000|100%| E|CS|TAMS 0x0000000728a00000, 0x0000000728a00000| Complete 
| 326|0x0000000728c00000, 0x0000000728e00000, 0x0000000728e00000|100%| E|CS|TAMS 0x0000000728c00000, 0x0000000728c00000| Complete 
| 327|0x0000000728e00000, 0x0000000729000000, 0x0000000729000000|100%| E|CS|TAMS 0x0000000728e00000, 0x0000000728e00000| Complete 
| 328|0x0000000729000000, 0x0000000729200000, 0x0000000729200000|100%| E|CS|TAMS 0x0000000729000000, 0x0000000729000000| Complete 
| 329|0x0000000729200000, 0x0000000729400000, 0x0000000729400000|100%| E|CS|TAMS 0x0000000729200000, 0x0000000729200000| Complete 
| 330|0x0000000729400000, 0x0000000729600000, 0x0000000729600000|100%| E|CS|TAMS 0x0000000729400000, 0x0000000729400000| Complete 
| 331|0x0000000729600000, 0x0000000729800000, 0x0000000729800000|100%| E|CS|TAMS 0x0000000729600000, 0x0000000729600000| Complete 
| 332|0x0000000729800000, 0x0000000729a00000, 0x0000000729a00000|100%| E|CS|TAMS 0x0000000729800000, 0x0000000729800000| Complete 
| 333|0x0000000729a00000, 0x0000000729c00000, 0x0000000729c00000|100%| E|CS|TAMS 0x0000000729a00000, 0x0000000729a00000| Complete 
| 334|0x0000000729c00000, 0x0000000729e00000, 0x0000000729e00000|100%| E|CS|TAMS 0x0000000729c00000, 0x0000000729c00000| Complete 
| 335|0x0000000729e00000, 0x000000072a000000, 0x000000072a000000|100%| E|CS|TAMS 0x0000000729e00000, 0x0000000729e00000| Complete 
| 336|0x000000072a000000, 0x000000072a200000, 0x000000072a200000|100%| E|CS|TAMS 0x000000072a000000, 0x000000072a000000| Complete 
| 337|0x000000072a200000, 0x000000072a400000, 0x000000072a400000|100%| E|CS|TAMS 0x000000072a200000, 0x000000072a200000| Complete 
| 338|0x000000072a400000, 0x000000072a600000, 0x000000072a600000|100%| E|CS|TAMS 0x000000072a400000, 0x000000072a400000| Complete 
| 339|0x000000072a600000, 0x000000072a800000, 0x000000072a800000|100%| E|CS|TAMS 0x000000072a600000, 0x000000072a600000| Complete 
| 340|0x000000072a800000, 0x000000072aa00000, 0x000000072aa00000|100%| E|CS|TAMS 0x000000072a800000, 0x000000072a800000| Complete 
| 341|0x000000072aa00000, 0x000000072ac00000, 0x000000072ac00000|100%| E|CS|TAMS 0x000000072aa00000, 0x000000072aa00000| Complete 
| 342|0x000000072ac00000, 0x000000072ae00000, 0x000000072ae00000|100%| E|CS|TAMS 0x000000072ac00000, 0x000000072ac00000| Complete 
| 343|0x000000072ae00000, 0x000000072b000000, 0x000000072b000000|100%| E|CS|TAMS 0x000000072ae00000, 0x000000072ae00000| Complete 
| 344|0x000000072b000000, 0x000000072b200000, 0x000000072b200000|100%| E|CS|TAMS 0x000000072b000000, 0x000000072b000000| Complete 
| 345|0x000000072b200000, 0x000000072b400000, 0x000000072b400000|100%| E|CS|TAMS 0x000000072b200000, 0x000000072b200000| Complete 
| 346|0x000000072b400000, 0x000000072b600000, 0x000000072b600000|100%| E|CS|TAMS 0x000000072b400000, 0x000000072b400000| Complete 
| 347|0x000000072b600000, 0x000000072b800000, 0x000000072b800000|100%| E|CS|TAMS 0x000000072b600000, 0x000000072b600000| Complete 
| 348|0x000000072b800000, 0x000000072ba00000, 0x000000072ba00000|100%| E|CS|TAMS 0x000000072b800000, 0x000000072b800000| Complete 
| 349|0x000000072ba00000, 0x000000072bc00000, 0x000000072bc00000|100%| E|CS|TAMS 0x000000072ba00000, 0x000000072ba00000| Complete 
| 350|0x000000072bc00000, 0x000000072be00000, 0x000000072be00000|100%| E|CS|TAMS 0x000000072bc00000, 0x000000072bc00000| Complete 
| 351|0x000000072be00000, 0x000000072c000000, 0x000000072c000000|100%| E|CS|TAMS 0x000000072be00000, 0x000000072be00000| Complete 
| 352|0x000000072c000000, 0x000000072c200000, 0x000000072c200000|100%| E|CS|TAMS 0x000000072c000000, 0x000000072c000000| Complete 
| 353|0x000000072c200000, 0x000000072c400000, 0x000000072c400000|100%| E|CS|TAMS 0x000000072c200000, 0x000000072c200000| Complete 
| 354|0x000000072c400000, 0x000000072c600000, 0x000000072c600000|100%| E|CS|TAMS 0x000000072c400000, 0x000000072c400000| Complete 
| 355|0x000000072c600000, 0x000000072c800000, 0x000000072c800000|100%| E|CS|TAMS 0x000000072c600000, 0x000000072c600000| Complete 
| 356|0x000000072c800000, 0x000000072ca00000, 0x000000072ca00000|100%| E|CS|TAMS 0x000000072c800000, 0x000000072c800000| Complete 
| 357|0x000000072ca00000, 0x000000072cc00000, 0x000000072cc00000|100%| E|CS|TAMS 0x000000072ca00000, 0x000000072ca00000| Complete 
| 358|0x000000072cc00000, 0x000000072ce00000, 0x000000072ce00000|100%| E|CS|TAMS 0x000000072cc00000, 0x000000072cc00000| Complete 
| 359|0x000000072ce00000, 0x000000072d000000, 0x000000072d000000|100%| E|CS|TAMS 0x000000072ce00000, 0x000000072ce00000| Complete 
| 360|0x000000072d000000, 0x000000072d200000, 0x000000072d200000|100%| E|CS|TAMS 0x000000072d000000, 0x000000072d000000| Complete 
| 361|0x000000072d200000, 0x000000072d400000, 0x000000072d400000|100%| E|CS|TAMS 0x000000072d200000, 0x000000072d200000| Complete 
| 362|0x000000072d400000, 0x000000072d600000, 0x000000072d600000|100%| E|CS|TAMS 0x000000072d400000, 0x000000072d400000| Complete 
| 363|0x000000072d600000, 0x000000072d7df220, 0x000000072d800000| 93%| S|CS|TAMS 0x000000072d600000, 0x000000072d600000| Complete 
| 364|0x000000072d800000, 0x000000072da00000, 0x000000072da00000|100%| S|CS|TAMS 0x000000072d800000, 0x000000072d800000| Complete 
| 365|0x000000072da00000, 0x000000072dc00000, 0x000000072dc00000|100%| S|CS|TAMS 0x000000072da00000, 0x000000072da00000| Complete 
| 366|0x000000072dc00000, 0x000000072de00000, 0x000000072de00000|100%| E|CS|TAMS 0x000000072dc00000, 0x000000072dc00000| Complete 
| 367|0x000000072de00000, 0x000000072e000000, 0x000000072e000000|100%| E|CS|TAMS 0x000000072de00000, 0x000000072de00000| Complete 
| 368|0x000000072e000000, 0x000000072e200000, 0x000000072e200000|100%| E|CS|TAMS 0x000000072e000000, 0x000000072e000000| Complete 
| 369|0x000000072e200000, 0x000000072e400000, 0x000000072e400000|100%| E|CS|TAMS 0x000000072e200000, 0x000000072e200000| Complete 
| 370|0x000000072e400000, 0x000000072e600000, 0x000000072e600000|100%| E|CS|TAMS 0x000000072e400000, 0x000000072e400000| Complete 
| 371|0x000000072e600000, 0x000000072e800000, 0x000000072e800000|100%| E|CS|TAMS 0x000000072e600000, 0x000000072e600000| Complete 
| 372|0x000000072e800000, 0x000000072ea00000, 0x000000072ea00000|100%| E|CS|TAMS 0x000000072e800000, 0x000000072e800000| Complete 
| 373|0x000000072ea00000, 0x000000072ec00000, 0x000000072ec00000|100%| E|CS|TAMS 0x000000072ea00000, 0x000000072ea00000| Complete 
| 374|0x000000072ec00000, 0x000000072ee00000, 0x000000072ee00000|100%| E|CS|TAMS 0x000000072ec00000, 0x000000072ec00000| Complete 
| 375|0x000000072ee00000, 0x000000072f000000, 0x000000072f000000|100%| E|CS|TAMS 0x000000072ee00000, 0x000000072ee00000| Complete 
| 376|0x000000072f000000, 0x000000072f200000, 0x000000072f200000|100%| E|CS|TAMS 0x000000072f000000, 0x000000072f000000| Complete 
| 377|0x000000072f200000, 0x000000072f400000, 0x000000072f400000|100%| E|CS|TAMS 0x000000072f200000, 0x000000072f200000| Complete 
| 378|0x000000072f400000, 0x000000072f600000, 0x000000072f600000|100%| E|CS|TAMS 0x000000072f400000, 0x000000072f400000| Complete 
| 379|0x000000072f600000, 0x000000072f800000, 0x000000072f800000|100%| E|CS|TAMS 0x000000072f600000, 0x000000072f600000| Complete 
| 380|0x000000072f800000, 0x000000072fa00000, 0x000000072fa00000|100%| E|CS|TAMS 0x000000072f800000, 0x000000072f800000| Complete 
| 381|0x000000072fa00000, 0x000000072fc00000, 0x000000072fc00000|100%| E|CS|TAMS 0x000000072fa00000, 0x000000072fa00000| Complete 
|2046|0x00000007ffc00000, 0x00000007ffd74000, 0x00000007ffe00000| 72%|OA|  |TAMS 0x00000007ffd74000, 0x00000007ffc00000| Untracked 
|2047|0x00000007ffe00000, 0x00000007ffe74000, 0x0000000800000000| 22%|CA|  |TAMS 0x00000007ffe74000, 0x00000007ffe00000| Untracked 

Card table byte_map: [0x0000000107800000,0x0000000108000000] _byte_map_base: 0x0000000104000000

Marking Bits (Prev, Next): (CMBitMap*) 0x000000013e811c50, (CMBitMap*) 0x000000013e811c10
 Prev Bits: [0x0000000148000000, 0x000000014c000000)
 Next Bits: [0x0000000138000000, 0x000000013c000000)

Polling page: 0x0000000102870000

Metaspace:

Usage:
  Non-class:    119.11 MB used.
      Class:     18.82 MB used.
       Both:    137.93 MB used.

Virtual space:
  Non-class space:      128.00 MB reserved,     120.12 MB ( 94%) committed,  2 nodes.
      Class space:        1.00 GB reserved,      19.69 MB (  2%) committed,  1 nodes.
             Both:        1.12 GB reserved,     139.81 MB ( 12%) committed. 

Chunk freelists:
   Non-Class:  7.31 MB
       Class:  12.31 MB
        Both:  19.62 MB

MaxMetaspaceSize: unlimited
CompressedClassSpaceSize: 1.00 GB
Initial GC threshold: 21.00 MB
Current GC threshold: 227.75 MB
CDS: on
MetaspaceReclaimPolicy: balanced
 - commit_granule_bytes: 65536.
 - commit_granule_words: 8192.
 - virtual_space_node_default_size: 8388608.
 - enlarge_chunks_in_place: 1.
 - new_chunks_are_fully_committed: 0.
 - uncommit_free_chunks: 1.
 - use_allocation_guard: 0.
 - handle_deallocations: 1.


Internal statistics:

num_allocs_failed_limit: 15.
num_arena_births: 3544.
num_arena_deaths: 574.
num_vsnodes_births: 3.
num_vsnodes_deaths: 0.
num_space_committed: 2236.
num_space_uncommitted: 0.
num_chunks_returned_to_freelist: 704.
num_chunks_taken_from_freelist: 10652.
num_chunk_merges: 234.
num_chunk_splits: 6216.
num_chunks_enlarged: 3344.
num_inconsistent_stats: 0.

CodeHeap 'non-profiled nmethods': size=120032Kb used=16984Kb max_used=16984Kb free=103047Kb
 bounds [0x000000011863c000, 0x00000001196dc000, 0x000000011fb74000]
CodeHeap 'profiled nmethods': size=120016Kb used=43897Kb max_used=43897Kb free=76118Kb
 bounds [0x0000000110b74000, 0x0000000113654000, 0x00000001180a8000]
CodeHeap 'non-nmethods': size=5712Kb used=2084Kb max_used=2215Kb free=3627Kb
 bounds [0x00000001180a8000, 0x0000000118318000, 0x000000011863c000]
 total_blobs=24426 nmethods=23319 adapters=1022
 compilation: enabled
              stopped_count=0, restarted_count=0
 full_count=0

Compilation events (20 events):
Event: 5744.117 Thread 0x000000013c82e200 31941       2       com.android.build.gradle.tasks.ExtractSupportedLocalesTask_Decorated::$gradleFactory (13 bytes)
Event: 5744.117 Thread 0x000000013c82e200 nmethod 31941 0x000000011364fc90 code [0x000000011364fe40, 0x000000011364ffc8]
Event: 5744.118 Thread 0x000000013c82e200 31942       1       org.gradle.api.tasks.bundling.AbstractArchiveTask::getArchiveFile (5 bytes)
Event: 5744.118 Thread 0x000000013c82e200 nmethod 31942 0x00000001196c5f10 code [0x00000001196c6080, 0x00000001196c6118]
Event: 5744.118 Thread 0x000000013c82e200 31944       1       com.android.build.gradle.internal.utils.DesugarLibLintExtractor$Parameters_Decorated::getModelIdentityDisplayName (5 bytes)
Event: 5744.118 Thread 0x000000013c82e200 nmethod 31944 0x00000001196c6210 code [0x00000001196c6380, 0x00000001196c6418]
Event: 5744.120 Thread 0x000000013c82e200 31945       2       com.android.build.gradle.internal.lint.LintTool_Decorated::getLintClassLoaderBuildService (36 bytes)
Event: 5744.120 Thread 0x000000013c82e200 nmethod 31945 0x0000000113650090 code [0x0000000113650240, 0x00000001136504b8]
Event: 5744.120 Thread 0x000000013c82e200 31946       3       com.android.build.api.artifact.impl.ArtifactsImpl::getIntermediateOutputPath (30 bytes)
Event: 5744.120 Thread 0x000000013c82e200 nmethod 31946 0x0000000113650610 code [0x0000000113650800, 0x0000000113650be8]
Event: 5744.120 Thread 0x000000013c82e200 31947       1       org.gradle.api.internal.provider.BiProvider::getType (5 bytes)
Event: 5744.120 Thread 0x000000013c82e200 nmethod 31947 0x00000001196c6510 code [0x00000001196c6680, 0x00000001196c6718]
Event: 5744.120 Thread 0x000000013c82e200 31948       2       com.android.build.gradle.internal.lint.AndroidArtifactInput_Decorated::getRuntimeLintPartialResults (37 bytes)
Event: 5744.121 Thread 0x000000013c82e200 nmethod 31948 0x0000000113650d90 code [0x0000000113650f40, 0x00000001136511b8]
Event: 5744.121 Thread 0x000000013c82e200 31949       2       com.android.build.gradle.internal.lint.AndroidArtifactInput_Decorated::getRuntimeLintPartialResultsFileCollection (34 bytes)
Event: 5744.121 Thread 0x000000013c82e200 nmethod 31949 0x0000000113651310 code [0x00000001136514c0, 0x0000000113651738]
Event: 5744.121 Thread 0x000000013c82e200 31950       2       com.android.build.gradle.internal.lint.LintModelWriterTask_Decorated::getOutputDirectory (43 bytes)
Event: 5744.121 Thread 0x000000013c82e200 nmethod 31950 0x0000000113651890 code [0x0000000113651a80, 0x0000000113651e98]
Event: 5744.121 Thread 0x000000013c82e200 31951       2       com.android.build.gradle.internal.dsl.LibraryExtensionImpl$AgpDecorated_Decorated::getResourcePrefix (40 bytes)
Event: 5744.121 Thread 0x000000013c82e200 nmethod 31951 0x0000000113652190 code [0x0000000113652340, 0x0000000113652578]

GC Heap History (20 events):
Event: 62.170 GC heap before
{Heap before GC invocations=48 (full 0):
 garbage-first heap   total 753664K, used 415379K [0x0000000700000000, 0x0000000800000000)
  region size 2048K, 5 young (10240K), 4 survivors (8192K)
 Metaspace       used 134600K, committed 136384K, reserved 1179648K
  class space    used 18575K, committed 19392K, reserved 1048576K
}
Event: 62.175 GC heap after
{Heap after GC invocations=49 (full 0):
 garbage-first heap   total 753664K, used 351528K [0x0000000700000000, 0x0000000800000000)
  region size 2048K, 4 young (8192K), 4 survivors (8192K)
 Metaspace       used 134600K, committed 136384K, reserved 1179648K
  class space    used 18575K, committed 19392K, reserved 1048576K
}
Event: 1089.533 GC heap before
{Heap before GC invocations=49 (full 0):
 garbage-first heap   total 753664K, used 671016K [0x0000000700000000, 0x0000000800000000)
  region size 2048K, 147 young (301056K), 4 survivors (8192K)
 Metaspace       used 136407K, committed 138304K, reserved 1179648K
  class space    used 18799K, committed 19712K, reserved 1048576K
}
Event: 1089.566 GC heap after
{Heap after GC invocations=50 (full 0):
 garbage-first heap   total 753664K, used 353260K [0x0000000700000000, 0x0000000800000000)
  region size 2048K, 18 young (36864K), 18 survivors (36864K)
 Metaspace       used 136407K, committed 138304K, reserved 1179648K
  class space    used 18799K, committed 19712K, reserved 1048576K
}
Event: 1091.190 GC heap before
{Heap before GC invocations=50 (full 0):
 garbage-first heap   total 753664K, used 623596K [0x0000000700000000, 0x0000000800000000)
  region size 2048K, 151 young (309248K), 18 survivors (36864K)
 Metaspace       used 136941K, committed 138816K, reserved 1179648K
  class space    used 18818K, committed 19712K, reserved 1048576K
}
Event: 1091.257 GC heap after
{Heap after GC invocations=51 (full 0):
 garbage-first heap   total 753664K, used 397178K [0x0000000700000000, 0x0000000800000000)
  region size 2048K, 19 young (38912K), 19 survivors (38912K)
 Metaspace       used 136941K, committed 138816K, reserved 1179648K
  class space    used 18818K, committed 19712K, reserved 1048576K
}
Event: 1106.101 GC heap before
{Heap before GC invocations=51 (full 0):
 garbage-first heap   total 753664K, used 606074K [0x0000000700000000, 0x0000000800000000)
  region size 2048K, 122 young (249856K), 19 survivors (38912K)
 Metaspace       used 137386K, committed 139392K, reserved 1179648K
  class space    used 18867K, committed 19840K, reserved 1048576K
}
Event: 1106.208 GC heap after
{Heap after GC invocations=52 (full 0):
 garbage-first heap   total 753664K, used 425160K [0x0000000700000000, 0x0000000800000000)
  region size 2048K, 13 young (26624K), 13 survivors (26624K)
 Metaspace       used 137386K, committed 139392K, reserved 1179648K
  class space    used 18867K, committed 19840K, reserved 1048576K
}
Event: 1123.324 GC heap before
{Heap before GC invocations=52 (full 0):
 garbage-first heap   total 753664K, used 613576K [0x0000000700000000, 0x0000000800000000)
  region size 2048K, 106 young (217088K), 13 survivors (26624K)
 Metaspace       used 137629K, committed 139648K, reserved 1179648K
  class space    used 18881K, committed 19840K, reserved 1048576K
}
Event: 1123.391 GC heap after
{Heap after GC invocations=53 (full 0):
 garbage-first heap   total 753664K, used 434890K [0x0000000700000000, 0x0000000800000000)
  region size 2048K, 7 young (14336K), 7 survivors (14336K)
 Metaspace       used 137629K, committed 139648K, reserved 1179648K
  class space    used 18881K, committed 19840K, reserved 1048576K
}
Event: 5738.022 GC heap before
{Heap before GC invocations=53 (full 0):
 garbage-first heap   total 753664K, used 551626K [0x0000000700000000, 0x0000000800000000)
  region size 2048K, 65 young (133120K), 7 survivors (14336K)
 Metaspace       used 137801K, committed 139776K, reserved 1179648K
  class space    used 18890K, committed 19840K, reserved 1048576K
}
Event: 5738.047 GC heap after
{Heap after GC invocations=54 (full 0):
 garbage-first heap   total 753664K, used 434752K [0x0000000700000000, 0x0000000800000000)
  region size 2048K, 7 young (14336K), 7 survivors (14336K)
 Metaspace       used 137801K, committed 139776K, reserved 1179648K
  class space    used 18890K, committed 19840K, reserved 1048576K
}
Event: 5743.417 GC heap before
{Heap before GC invocations=55 (full 0):
 garbage-first heap   total 786432K, used 625216K [0x0000000700000000, 0x0000000800000000)
  region size 2048K, 101 young (206848K), 7 survivors (14336K)
 Metaspace       used 141024K, committed 142976K, reserved 1179648K
  class space    used 19234K, committed 20160K, reserved 1048576K
}
Event: 5743.439 GC heap after
{Heap after GC invocations=56 (full 0):
 garbage-first heap   total 786432K, used 460533K [0x0000000700000000, 0x0000000800000000)
  region size 2048K, 13 young (26624K), 13 survivors (26624K)
 Metaspace       used 141024K, committed 142976K, reserved 1179648K
  class space    used 19234K, committed 20160K, reserved 1048576K
}
Event: 5743.471 GC heap before
{Heap before GC invocations=56 (full 0):
 garbage-first heap   total 786432K, used 472821K [0x0000000700000000, 0x0000000800000000)
  region size 2048K, 19 young (38912K), 13 survivors (26624K)
 Metaspace       used 141045K, committed 142976K, reserved 1179648K
  class space    used 19238K, committed 20160K, reserved 1048576K
}
Event: 5743.501 GC heap after
{Heap after GC invocations=57 (full 0):
 garbage-first heap   total 786432K, used 403535K [0x0000000700000000, 0x0000000800000000)
  region size 2048K, 3 young (6144K), 3 survivors (6144K)
 Metaspace       used 141045K, committed 142976K, reserved 1179648K
  class space    used 19238K, committed 20160K, reserved 1048576K
}
Event: 5743.574 GC heap before
{Heap before GC invocations=57 (full 0):
 garbage-first heap   total 786432K, used 434255K [0x0000000700000000, 0x0000000800000000)
  region size 2048K, 19 young (38912K), 3 survivors (6144K)
 Metaspace       used 141073K, committed 142976K, reserved 1179648K
  class space    used 19241K, committed 20160K, reserved 1048576K
}
Event: 5743.599 GC heap after
{Heap after GC invocations=58 (full 0):
 garbage-first heap   total 786432K, used 359142K [0x0000000700000000, 0x0000000800000000)
  region size 2048K, 3 young (6144K), 3 survivors (6144K)
 Metaspace       used 141073K, committed 142976K, reserved 1179648K
  class space    used 19241K, committed 20160K, reserved 1048576K
}
Event: 5743.670 GC heap before
{Heap before GC invocations=58 (full 0):
 garbage-first heap   total 786432K, used 391910K [0x0000000700000000, 0x0000000800000000)
  region size 2048K, 19 young (38912K), 3 survivors (6144K)
 Metaspace       used 141083K, committed 142976K, reserved 1179648K
  class space    used 19243K, committed 20160K, reserved 1048576K
}
Event: 5743.693 GC heap after
{Heap after GC invocations=59 (full 0):
 garbage-first heap   total 786432K, used 349980K [0x0000000700000000, 0x0000000800000000)
  region size 2048K, 3 young (6144K), 3 survivors (6144K)
 Metaspace       used 141083K, committed 142976K, reserved 1179648K
  class space    used 19243K, committed 20160K, reserved 1048576K
}

Dll operation events (14 events):
Event: 0.007 Loaded shared library /Library/Java/JavaVirtualMachines/temurin-17.jdk/Contents/Home/lib/libjava.dylib
Event: 0.041 Loaded shared library /Library/Java/JavaVirtualMachines/temurin-17.jdk/Contents/Home/lib/libzip.dylib
Event: 0.042 Loaded shared library /Library/Java/JavaVirtualMachines/temurin-17.jdk/Contents/Home/lib/libinstrument.dylib
Event: 0.044 Loaded shared library /Library/Java/JavaVirtualMachines/temurin-17.jdk/Contents/Home/lib/libnio.dylib
Event: 0.047 Loaded shared library /Library/Java/JavaVirtualMachines/temurin-17.jdk/Contents/Home/lib/libzip.dylib
Event: 0.150 Loaded shared library /Library/Java/JavaVirtualMachines/temurin-17.jdk/Contents/Home/lib/libjimage.dylib
Event: 0.208 Loaded shared library /Library/Java/JavaVirtualMachines/temurin-17.jdk/Contents/Home/lib/libverify.dylib
Event: 0.237 Loaded shared library /Library/Java/JavaVirtualMachines/temurin-17.jdk/Contents/Home/lib/libnet.dylib
Event: 0.239 Loaded shared library /Users/ekim/.gradle/native/1def1411415f61bf3af743bc5b6707747c0891f09f0c88961ee8f79bc544acac/osx-aarch64/libnative-platform.dylib
Event: 0.244 Loaded shared library /Users/ekim/.gradle/native/0.2.7/aarch64-macos/libgradle-fileevents.dylib
Event: 0.674 Loaded shared library /Library/Java/JavaVirtualMachines/temurin-17.jdk/Contents/Home/lib/libmanagement.dylib
Event: 0.675 Loaded shared library /Library/Java/JavaVirtualMachines/temurin-17.jdk/Contents/Home/lib/libmanagement_ext.dylib
Event: 0.719 Loaded shared library /Library/Java/JavaVirtualMachines/temurin-17.jdk/Contents/Home/lib/libextnet.dylib
Event: 5738.609 Loaded shared library /Library/Java/JavaVirtualMachines/temurin-17.jdk/Contents/Home/lib/librmi.dylib

Deoptimization events (20 events):
Event: 5743.712 Thread 0x000000012b00a800 DEOPT PACKING pc=0x000000011287eeec sp=0x0000000178822d40
Event: 5743.712 Thread 0x000000012b00a800 DEOPT UNPACKING pc=0x00000001180ef77c sp=0x0000000178822a60 mode 0
Event: 5743.712 Thread 0x000000012b00a800 DEOPT PACKING pc=0x0000000112bf82b0 sp=0x0000000178822730
Event: 5743.712 Thread 0x000000012b00a800 DEOPT UNPACKING pc=0x00000001180ef77c sp=0x00000001788223e0 mode 0
Event: 5743.739 Thread 0x000000012b00a800 DEOPT PACKING pc=0x000000011105de00 sp=0x0000000178823580
Event: 5743.739 Thread 0x000000012b00a800 DEOPT UNPACKING pc=0x00000001180ef77c sp=0x0000000178823230 mode 0
Event: 5743.741 Thread 0x000000012b00a800 DEOPT PACKING pc=0x000000011105de00 sp=0x0000000178823580
Event: 5743.741 Thread 0x000000012b00a800 DEOPT UNPACKING pc=0x00000001180ef77c sp=0x0000000178823230 mode 0
Event: 5743.807 Thread 0x000000012b00a800 DEOPT PACKING pc=0x00000001114c3ae8 sp=0x00000001788241f0
Event: 5743.807 Thread 0x000000012b00a800 DEOPT UNPACKING pc=0x00000001180ef77c sp=0x0000000178823eb0 mode 0
Event: 5743.867 Thread 0x000000012b00a800 DEOPT PACKING pc=0x00000001114c3ae8 sp=0x00000001788242b0
Event: 5743.867 Thread 0x000000012b00a800 DEOPT UNPACKING pc=0x00000001180ef77c sp=0x0000000178823f70 mode 0
Event: 5743.933 Thread 0x000000012b00a800 DEOPT PACKING pc=0x00000001114c3ae8 sp=0x0000000178824080
Event: 5743.933 Thread 0x000000012b00a800 DEOPT UNPACKING pc=0x00000001180ef77c sp=0x0000000178823d40 mode 0
Event: 5744.066 Thread 0x000000012b00a800 DEOPT PACKING pc=0x000000011105de00 sp=0x0000000178823050
Event: 5744.066 Thread 0x000000012b00a800 DEOPT UNPACKING pc=0x00000001180ef77c sp=0x0000000178822d00 mode 0
Event: 5744.072 Thread 0x000000012b00a800 Uncommon trap: trap_request=0xfffffff4 fr.pc=0x000000011925aee8 relative=0x0000000000001128
Event: 5744.072 Thread 0x000000012b00a800 Uncommon trap: reason=null_check action=make_not_entrant pc=0x000000011925aee8 method=org.gradle.internal.instantiation.generator.AbstractClassGenerator$PropertyMetadata.addGetter(Lorg/gradle/internal/instantiation/generator/AbstractClassGenerator$MethodM
Event: 5744.072 Thread 0x000000012b00a800 DEOPT PACKING pc=0x000000011925aee8 sp=0x0000000178824530
Event: 5744.072 Thread 0x000000012b00a800 DEOPT UNPACKING pc=0x00000001180ef91c sp=0x00000001788244f0 mode 2

Classes loaded (20 events):
Event: 5738.638 Loading class java/rmi/server/ServerNotActiveException
Event: 5738.638 Loading class java/rmi/server/ServerNotActiveException done
Event: 5738.639 Loading class sun/rmi/transport/DGCAckHandler
Event: 5738.639 Loading class sun/rmi/transport/DGCAckHandler done
Event: 5738.640 Loading class sun/rmi/transport/DGCAckHandler$1
Event: 5738.640 Loading class sun/rmi/transport/DGCAckHandler$1 done
Event: 5738.653 Loading class sun/rmi/transport/tcp/TCPTransport$ConnectionHandler
Event: 5738.653 Loading class sun/rmi/transport/tcp/TCPTransport$ConnectionHandler done
Event: 5738.655 Loading class sun/rmi/transport/Transport$1
Event: 5738.655 Loading class sun/rmi/transport/Transport$1 done
Event: 5738.656 Loading class sun/rmi/transport/DGCImpl$LeaseInfo
Event: 5738.656 Loading class sun/rmi/transport/DGCImpl$LeaseInfo done
Event: 5738.656 Loading class sun/rmi/transport/DGCImpl$1
Event: 5738.656 Loading class sun/rmi/transport/DGCImpl$1 done
Event: 5738.656 Loading class sun/rmi/transport/SequenceEntry
Event: 5738.656 Loading class sun/rmi/transport/SequenceEntry done
Event: 5742.891 Loading class java/util/Collections$UnmodifiableSortedMap
Event: 5742.891 Loading class java/util/Collections$UnmodifiableSortedMap done
Event: 5743.441 Loading class sun/rmi/transport/DGCClient$EndpointEntry$CleanRequest
Event: 5743.441 Loading class sun/rmi/transport/DGCClient$EndpointEntry$CleanRequest done

Classes unloaded (20 events):
Event: 5738.340 Thread 0x000000013d926d10 Unloading class 0x00000008011df400 'java/lang/invoke/LambdaForm$MH+0x00000008011df400'
Event: 5738.340 Thread 0x000000013d926d10 Unloading class 0x00000008011df000 'java/lang/invoke/LambdaForm$MH+0x00000008011df000'
Event: 5738.340 Thread 0x000000013d926d10 Unloading class 0x00000008011dec00 'java/lang/invoke/LambdaForm$MH+0x00000008011dec00'
Event: 5738.340 Thread 0x000000013d926d10 Unloading class 0x00000008011de800 'java/lang/invoke/LambdaForm$MH+0x00000008011de800'
Event: 5738.340 Thread 0x000000013d926d10 Unloading class 0x00000008011de400 'java/lang/invoke/LambdaForm$MH+0x00000008011de400'
Event: 5738.340 Thread 0x000000013d926d10 Unloading class 0x00000008011de000 'java/lang/invoke/LambdaForm$MH+0x00000008011de000'
Event: 5738.340 Thread 0x000000013d926d10 Unloading class 0x00000008011ddc00 'java/lang/invoke/LambdaForm$MH+0x00000008011ddc00'
Event: 5738.340 Thread 0x000000013d926d10 Unloading class 0x00000008011dd800 'java/lang/invoke/LambdaForm$MH+0x00000008011dd800'
Event: 5738.340 Thread 0x000000013d926d10 Unloading class 0x00000008011dc800 'java/lang/invoke/LambdaForm$MH+0x00000008011dc800'
Event: 5738.340 Thread 0x000000013d926d10 Unloading class 0x00000008011dc400 'java/lang/invoke/LambdaForm$BMH+0x00000008011dc400'
Event: 5738.340 Thread 0x000000013d926d10 Unloading class 0x00000008010e6000 'java/lang/invoke/LambdaForm$MH+0x00000008010e6000'
Event: 5738.340 Thread 0x000000013d926d10 Unloading class 0x00000008010e5800 'java/lang/invoke/LambdaForm$MH+0x00000008010e5800'
Event: 5738.340 Thread 0x000000013d926d10 Unloading class 0x00000008010e5400 'java/lang/invoke/LambdaForm$MH+0x00000008010e5400'
Event: 5738.340 Thread 0x000000013d926d10 Unloading class 0x00000008010e5000 'java/lang/invoke/LambdaForm$MH+0x00000008010e5000'
Event: 5738.340 Thread 0x000000013d926d10 Unloading class 0x00000008010e4c00 'java/lang/invoke/LambdaForm$MH+0x00000008010e4c00'
Event: 5738.340 Thread 0x000000013d926d10 Unloading class 0x00000008010e4400 'java/lang/invoke/LambdaForm$MH+0x00000008010e4400'
Event: 5738.340 Thread 0x000000013d926d10 Unloading class 0x0000000801084000 'java/lang/invoke/LambdaForm$DMH+0x0000000801084000'
Event: 5738.340 Thread 0x000000013d926d10 Unloading class 0x0000000801036800 'java/lang/invoke/LambdaForm$MH+0x0000000801036800'
Event: 5738.340 Thread 0x000000013d926d10 Unloading class 0x0000000801036400 'java/lang/invoke/LambdaForm$MH+0x0000000801036400'
Event: 5738.340 Thread 0x000000013d926d10 Unloading class 0x0000000801034000 'java/lang/invoke/LambdaForm$MH+0x0000000801034000'

Classes redefined (0 events):
No events

Internal exceptions (20 events):
Event: 5742.882 Thread 0x000000013e3a5000 Exception <a 'sun/nio/fs/UnixException'{0x000000072b840dd0}> (0x000000072b840dd0) 
thrown [src/hotspot/share/prims/jni.cpp, line 516]
Event: 5742.883 Thread 0x000000013e3a5000 Exception <a 'sun/nio/fs/UnixException'{0x000000072b868c20}> (0x000000072b868c20) 
thrown [src/hotspot/share/prims/jni.cpp, line 516]
Event: 5742.883 Thread 0x000000013e3a5000 Exception <a 'sun/nio/fs/UnixException'{0x000000072b86aaa8}> (0x000000072b86aaa8) 
thrown [src/hotspot/share/prims/jni.cpp, line 516]
Event: 5742.883 Thread 0x000000013e3a5000 Exception <a 'sun/nio/fs/UnixException'{0x000000072b86c5d8}> (0x000000072b86c5d8) 
thrown [src/hotspot/share/prims/jni.cpp, line 516]
Event: 5743.132 Thread 0x000000012b00a800 Implicit null exception at 0x00000001188d8e28 to 0x00000001188d9028
Event: 5743.132 Thread 0x000000012b00a800 Implicit null exception at 0x0000000118af0e2c to 0x0000000118af0ee8
Event: 5743.132 Thread 0x000000012b00a800 Implicit null exception at 0x0000000118abdef0 to 0x0000000118ac1908
Event: 5743.161 Thread 0x000000012b00a800 Implicit null exception at 0x0000000118c2ef70 to 0x0000000118c301d0
Event: 5743.161 Thread 0x000000012b00a800 Implicit null exception at 0x000000011890f69c to 0x000000011890fb7c
Event: 5743.170 Thread 0x000000012b00a800 Exception <a 'java/lang/NoSuchMethodError'{0x0000000728d6df70}: static Lorg/jetbrains/kotlin/gradle/plugin/internal/DefaultProjectIsolationStartParameterAccessor$Factory;.<clinit>()V> (0x0000000728d6df70) 
thrown [src/hotspot/share/prims/jni.cpp, line 1112]
Event: 5743.170 Thread 0x000000012b00a800 Exception <a 'java/lang/NoSuchMethodError'{0x0000000728d86c38}: static Lorg/jetbrains/kotlin/gradle/plugin/internal/DefaultJavaExecTaskParametersCompatibility$Factory;.<clinit>()V> (0x0000000728d86c38) 
thrown [src/hotspot/share/prims/jni.cpp, line 1112]
Event: 5743.170 Thread 0x000000012b00a800 Exception <a 'java/lang/NoSuchMethodError'{0x0000000728d9f4a0}: static Lorg/jetbrains/kotlin/gradle/plugin/internal/DefaultMavenPublicationComponentAccessorFactory;.<clinit>()V> (0x0000000728d9f4a0) 
thrown [src/hotspot/share/prims/jni.cpp, line 1112]
Event: 5743.170 Thread 0x000000012b00a800 Exception <a 'java/lang/NoSuchMethodError'{0x0000000728db85d8}: static Lorg/jetbrains/kotlin/gradle/plugin/diagnostics/DefaultProblemsReporter$Factory;.<clinit>()V> (0x0000000728db85d8) 
thrown [src/hotspot/share/prims/jni.cpp, line 1112]
Event: 5743.171 Thread 0x000000012b00a800 Exception <a 'java/lang/NoSuchMethodError'{0x0000000728dd1110}: static Lorg/jetbrains/kotlin/gradle/plugin/internal/DefaultCompatibilityConventionRegistrar$Factory;.<clinit>()V> (0x0000000728dd1110) 
thrown [src/hotspot/share/prims/jni.cpp, line 1112]
Event: 5743.171 Thread 0x000000012b00a800 Exception <a 'java/lang/NoSuchMethodError'{0x0000000728dea358}: static Lorg/jetbrains/kotlin/gradle/plugin/internal/DefaultConfigurationCacheStartParameterAccessorVariantFactory;.<clinit>()V> (0x0000000728dea358) 
thrown [src/hotspot/share/prims/jni.cpp, line 1112]
Event: 5743.172 Thread 0x000000012b00a800 Exception <a 'java/lang/NoSuchMethodError'{0x0000000728a1d628}: static Ljava/lang/Object;.<clinit>()V> (0x0000000728a1d628) 
thrown [src/hotspot/share/prims/jni.cpp, line 1112]
Event: 5743.172 Thread 0x000000012b00a800 Exception <a 'java/lang/NoSuchMethodError'{0x0000000728a3a7b8}: static Lorg/jetbrains/kotlin/gradle/plugin/statistics/MetricContainer;.<clinit>()V> (0x0000000728a3a7b8) 
thrown [src/hotspot/share/prims/jni.cpp, line 1112]
Event: 5743.263 Thread 0x000000012b00a800 Implicit null exception at 0x00000001191c4b90 to 0x00000001191c8918
Event: 5743.279 Thread 0x000000012b00a800 Implicit null exception at 0x0000000118a0d9d0 to 0x0000000118a0de4c
Event: 5744.072 Thread 0x000000012b00a800 Implicit null exception at 0x000000011925a2ac to 0x000000011925aed8

VM Operations (20 events):
Event: 5743.293 Executing VM operation: ICBufferFull
Event: 5743.293 Executing VM operation: ICBufferFull done
Event: 5743.383 Executing VM operation: ICBufferFull
Event: 5743.383 Executing VM operation: ICBufferFull done
Event: 5743.417 Executing VM operation: G1CollectForAllocation
Event: 5743.439 Executing VM operation: G1CollectForAllocation done
Event: 5743.471 Executing VM operation: G1CollectForAllocation
Event: 5743.501 Executing VM operation: G1CollectForAllocation done
Event: 5743.574 Executing VM operation: G1CollectForAllocation
Event: 5743.599 Executing VM operation: G1CollectForAllocation done
Event: 5743.670 Executing VM operation: G1CollectForAllocation
Event: 5743.694 Executing VM operation: G1CollectForAllocation done
Event: 5743.797 Executing VM operation: ICBufferFull
Event: 5743.797 Executing VM operation: ICBufferFull done
Event: 5743.904 Executing VM operation: ICBufferFull
Event: 5743.904 Executing VM operation: ICBufferFull done
Event: 5744.045 Executing VM operation: ICBufferFull
Event: 5744.045 Executing VM operation: ICBufferFull done
Event: 5744.086 Executing VM operation: ICBufferFull
Event: 5744.086 Executing VM operation: ICBufferFull done

Memory protections (20 events):
Event: 5743.551 Protecting memory [0x000000030665c000,0x0000000306668000] with protection modes 0
Event: 5743.551 Protecting memory [0x0000000306a74000,0x0000000306a80000] with protection modes 0
Event: 5743.552 Protecting memory [0x0000000306c80000,0x0000000306c8c000] with protection modes 0
Event: 5743.552 Protecting memory [0x0000000306e8c000,0x0000000306e98000] with protection modes 0
Event: 5743.552 Protecting memory [0x0000000307098000,0x00000003070a4000] with protection modes 0
Event: 5743.555 Protecting memory [0x00000003072a4000,0x00000003072b0000] with protection modes 0
Event: 5743.555 Protecting memory [0x00000003074b0000,0x00000003074bc000] with protection modes 0
Event: 5743.555 Protecting memory [0x00000003076bc000,0x00000003076c8000] with protection modes 0
Event: 5743.555 Protecting memory [0x00000003078c8000,0x00000003078d4000] with protection modes 0
Event: 5743.555 Protecting memory [0x0000000307ad4000,0x0000000307ae0000] with protection modes 0
Event: 5743.556 Protecting memory [0x0000000307ce0000,0x0000000307cec000] with protection modes 0
Event: 5743.556 Protecting memory [0x0000000310004000,0x0000000310010000] with protection modes 0
Event: 5743.639 Protecting memory [0x0000000310210000,0x000000031021c000] with protection modes 0
Event: 5743.639 Protecting memory [0x000000031041c000,0x0000000310428000] with protection modes 0
Event: 5743.639 Protecting memory [0x0000000310628000,0x0000000310634000] with protection modes 0
Event: 5743.639 Protecting memory [0x0000000310834000,0x0000000310840000] with protection modes 0
Event: 5743.639 Protecting memory [0x0000000310a40000,0x0000000310a4c000] with protection modes 0
Event: 5743.640 Protecting memory [0x0000000310c4c000,0x0000000310c58000] with protection modes 0
Event: 5743.640 Protecting memory [0x0000000310e58000,0x0000000310e64000] with protection modes 0
Event: 5743.647 Protecting memory [0x0000000311064000,0x0000000311070000] with protection modes 0

Nmethod flushes (20 events):
Event: 5743.203 Thread 0x000000013c83ac00 flushing  nmethod 0x00000001124b1190
Event: 5743.204 Thread 0x000000013c83ac00 flushing  nmethod 0x0000000112704790
Event: 5743.205 Thread 0x000000013c83ac00 flushing  nmethod 0x00000001127d3f90
Event: 5743.205 Thread 0x000000013c83ac00 flushing  nmethod 0x00000001129c9a10
Event: 5743.205 Thread 0x000000013c83ac00 flushing  nmethod 0x0000000112a74310
Event: 5743.205 Thread 0x000000013c83ac00 flushing  nmethod 0x0000000112ab5d90
Event: 5743.206 Thread 0x000000013c83ac00 flushing  nmethod 0x0000000112af3590
Event: 5743.206 Thread 0x000000013c83ac00 flushing  nmethod 0x0000000112b10410
Event: 5743.206 Thread 0x000000013c83ac00 flushing  nmethod 0x0000000112b8c310
Event: 5743.206 Thread 0x000000013c83ac00 flushing  nmethod 0x0000000112ba9d90
Event: 5743.206 Thread 0x000000013c83ac00 flushing  nmethod 0x0000000112bba290
Event: 5743.206 Thread 0x000000013c83ac00 flushing  nmethod 0x0000000112be9790
Event: 5743.206 Thread 0x000000013c83ac00 flushing  nmethod 0x0000000112bf5b90
Event: 5743.207 Thread 0x000000013c83ac00 flushing  nmethod 0x0000000112dbd110
Event: 5743.207 Thread 0x000000013c83ac00 flushing  nmethod 0x0000000112dc0b90
Event: 5743.207 Thread 0x000000013c83ac00 flushing  nmethod 0x0000000112dc1e90
Event: 5743.207 Thread 0x000000013c83ac00 flushing  nmethod 0x0000000112dc8b10
Event: 5743.207 Thread 0x000000013c83ac00 flushing  nmethod 0x0000000112dc9690
Event: 5743.207 Thread 0x000000013c83ac00 flushing  nmethod 0x0000000112dccb10
Event: 5743.207 Thread 0x000000013c83ac00 flushing  nmethod 0x0000000112e05490

Events (20 events):
Event: 5743.551 Thread 0x000000012b00a800 Thread added: 0x000000012d4b3200
Event: 5743.551 Thread 0x000000012b00a800 Thread added: 0x000000031d045c00
Event: 5743.552 Thread 0x000000012b00a800 Thread added: 0x000000012d648800
Event: 5743.552 Thread 0x000000012b00a800 Thread added: 0x000000012b224c00
Event: 5743.552 Thread 0x000000012b00a800 Thread added: 0x000000031d72a600
Event: 5743.555 Thread 0x000000012b00a800 Thread added: 0x000000013d765c00
Event: 5743.555 Thread 0x000000012b00a800 Thread added: 0x000000012d7b8600
Event: 5743.555 Thread 0x000000012b00a800 Thread added: 0x000000012d7b8c00
Event: 5743.555 Thread 0x000000012b00a800 Thread added: 0x000000012d64ee00
Event: 5743.555 Thread 0x000000012b00a800 Thread added: 0x000000012b101a00
Event: 5743.556 Thread 0x000000012b00a800 Thread added: 0x000000012b123800
Event: 5743.556 Thread 0x000000012b00a800 Thread added: 0x000000012b223200
Event: 5743.639 Thread 0x000000012b00a800 Thread added: 0x000000013cec6800
Event: 5743.639 Thread 0x000000012b00a800 Thread added: 0x000000031eac9800
Event: 5743.639 Thread 0x000000012b00a800 Thread added: 0x000000013d407800
Event: 5743.639 Thread 0x000000012b00a800 Thread added: 0x000000013cafaa00
Event: 5743.639 Thread 0x000000012b00a800 Thread added: 0x000000013d779e00
Event: 5743.640 Thread 0x000000012b00a800 Thread added: 0x000000013d777200
Event: 5743.640 Thread 0x000000012b00a800 Thread added: 0x000000013d3ea800
Event: 5743.647 Thread 0x000000012b00a800 Thread added: 0x000000012d201a00


Dynamic libraries:
0x0000000102824000 	/Library/Java/JavaVirtualMachines/temurin-17.jdk/Contents/Home/lib/libjli.dylib
0x00000001afda5000 	/System/Library/Frameworks/Cocoa.framework/Versions/A/Cocoa
0x000000019754c000 	/System/Library/Frameworks/AppKit.framework/Versions/C/AppKit
0x000000019a83e000 	/System/Library/Frameworks/CoreData.framework/Versions/A/CoreData
0x0000000194bdb000 	/System/Library/Frameworks/Foundation.framework/Versions/C/Foundation
0x00000001a17e2000 	/usr/lib/libSystem.B.dylib
0x00000001989dd000 	/System/Library/PrivateFrameworks/UIFoundation.framework/Versions/A/UIFoundation
0x00000002415c3000 	/System/Library/PrivateFrameworks/CollectionViewCore.framework/Versions/A/CollectionViewCore
0x000000019f365000 	/System/Library/PrivateFrameworks/XCTTargetBootstrap.framework/Versions/A/XCTTargetBootstrap
0x00000001a3fdc000 	/System/Library/PrivateFrameworks/InternationalSupport.framework/Versions/A/InternationalSupport
0x00000001a4333000 	/System/Library/PrivateFrameworks/UserActivity.framework/Versions/A/UserActivity
0x000000026ff4d000 	/System/Library/PrivateFrameworks/UIIntelligenceSupport.framework/Versions/A/UIIntelligenceSupport
0x00000001fa0c4000 	/System/Library/Frameworks/SwiftUICore.framework/Versions/A/SwiftUICore
0x0000000274fd5000 	/System/Library/PrivateFrameworks/WritingTools.framework/Versions/A/WritingTools
0x0000000274018000 	/System/Library/PrivateFrameworks/WindowManagement.framework/Versions/A/WindowManagement
0x000000019483e000 	/System/Library/Frameworks/SystemConfiguration.framework/Versions/A/SystemConfiguration
0x00000001a3412000 	/usr/lib/libspindump.dylib
0x0000000198b8f000 	/System/Library/Frameworks/UniformTypeIdentifiers.framework/Versions/A/UniformTypeIdentifiers
0x00000001a0bce000 	/usr/lib/libbsm.0.dylib
0x000000019cde5000 	/usr/lib/libapp_launch_measurement.dylib
0x000000019c18c000 	/System/Library/PrivateFrameworks/CoreAnalytics.framework/Versions/A/CoreAnalytics
0x000000019cde9000 	/System/Library/PrivateFrameworks/CoreAutoLayout.framework/Versions/A/CoreAutoLayout
0x000000019e97f000 	/System/Library/Frameworks/Metal.framework/Versions/A/Metal
0x000000019fbaa000 	/usr/lib/liblangid.dylib
0x000000019f36b000 	/System/Library/PrivateFrameworks/CoreSVG.framework/Versions/A/CoreSVG
0x00000001995b4000 	/System/Library/PrivateFrameworks/SkyLight.framework/Versions/A/SkyLight
0x0000000199adb000 	/System/Library/Frameworks/CoreGraphics.framework/Versions/A/CoreGraphics
0x00000001a94b3000 	/System/Library/Frameworks/Accelerate.framework/Versions/A/Accelerate
0x00000001a3255000 	/System/Library/PrivateFrameworks/IconServices.framework/Versions/A/IconServices
0x000000019e95c000 	/System/Library/Frameworks/IOSurface.framework/Versions/A/IOSurface
0x000000019c1bd000 	/usr/lib/libDiagnosticMessagesClient.dylib
0x00000001a172c000 	/usr/lib/libz.1.dylib
0x00000001ad3cb000 	/System/Library/Frameworks/ApplicationServices.framework/Versions/A/ApplicationServices
0x000000019f350000 	/System/Library/PrivateFrameworks/DFRFoundation.framework/Versions/A/DFRFoundation
0x0000000196db0000 	/usr/lib/libicucore.A.dylib
0x00000001a53bc000 	/System/Library/Frameworks/AudioToolbox.framework/Versions/A/AudioToolbox
0x00000001a42e4000 	/System/Library/PrivateFrameworks/DataDetectorsCore.framework/Versions/A/DataDetectorsCore
0x00000001bfe56000 	/System/Library/PrivateFrameworks/TextInput.framework/Versions/A/TextInput
0x00000001994ff000 	/usr/lib/libMobileGestalt.dylib
0x000000019f049000 	/System/Library/Frameworks/Carbon.framework/Versions/A/Frameworks/HIToolbox.framework/Versions/A/HIToolbox
0x000000019c6c5000 	/System/Library/Frameworks/QuartzCore.framework/Versions/A/QuartzCore
0x00000001969ab000 	/System/Library/Frameworks/Security.framework/Versions/A/Security
0x00000001a8e10000 	/System/Library/Frameworks/Carbon.framework/Versions/A/Frameworks/SpeechRecognition.framework/Versions/A/SpeechRecognition
0x000000019caeb000 	/System/Library/PrivateFrameworks/CoreUI.framework/Versions/A/CoreUI
0x0000000196278000 	/System/Library/Frameworks/CoreAudio.framework/Versions/A/CoreAudio
0x000000019c2ab000 	/System/Library/Frameworks/DiskArbitration.framework/Versions/A/DiskArbitration
0x00000001a387b000 	/System/Library/PrivateFrameworks/MultitouchSupport.framework/Versions/A/MultitouchSupport
0x00000001994fd000 	/usr/lib/libenergytrace.dylib
0x00000001b43fa000 	/System/Library/PrivateFrameworks/RenderBox.framework/Versions/A/RenderBox
0x00000001973fc000 	/System/Library/Frameworks/IOKit.framework/Versions/A/IOKit
0x00000001a9207000 	/System/Library/Frameworks/CoreServices.framework/Versions/A/CoreServices
0x000000019cd76000 	/System/Library/PrivateFrameworks/PerformanceAnalysis.framework/Versions/A/PerformanceAnalysis
0x00000001f3a84000 	/System/Library/Frameworks/OpenGL.framework/Versions/A/OpenGL
0x000000019ce33000 	/usr/lib/libxml2.2.dylib
0x00000001a0ab2000 	/System/Library/PrivateFrameworks/MobileKeyBag.framework/Versions/A/MobileKeyBag
0x0000000193180000 	/usr/lib/libobjc.A.dylib
0x000000019348e000 	/usr/lib/libc++.1.dylib
0x00000001a9188000 	/System/Library/Frameworks/Accessibility.framework/Versions/A/Accessibility
0x000000019a20e000 	/System/Library/Frameworks/ColorSync.framework/Versions/A/ColorSync
0x00000001935ea000 	/System/Library/Frameworks/CoreFoundation.framework/Versions/A/CoreFoundation
0x000000019f72c000 	/System/Library/Frameworks/CoreImage.framework/Versions/A/CoreImage
0x0000000196059000 	/System/Library/Frameworks/CoreText.framework/Versions/A/CoreText
0x00000001f4fd0000 	/System/Library/Frameworks/CoreTransferable.framework/Versions/A/CoreTransferable
0x00000001f5555000 	/System/Library/Frameworks/DataDetection.framework/Versions/A/DataDetection
0x00000001f5558000 	/System/Library/Frameworks/DeveloperToolsSupport.framework/Versions/A/DeveloperToolsSupport
0x000000019f3a6000 	/System/Library/Frameworks/ImageIO.framework/Versions/A/ImageIO
0x00000001fac87000 	/System/Library/Frameworks/Symbols.framework/Versions/A/Symbols
0x00000001e7230000 	/System/Library/PrivateFrameworks/FeatureFlags.framework/Versions/A/FeatureFlags
0x00000001a17e7000 	/System/Library/PrivateFrameworks/SoftLinking.framework/Versions/A/SoftLinking
0x00000001d2ad8000 	/usr/lib/swift/libswiftAccelerate.dylib
0x00000001a4d51000 	/usr/lib/swift/libswiftCore.dylib
0x00000001bc4fb000 	/usr/lib/swift/libswiftCoreFoundation.dylib
0x00000001bc555000 	/usr/lib/swift/libswiftCoreImage.dylib
0x00000001b9864000 	/usr/lib/swift/libswiftDarwin.dylib
0x000000027bbf3000 	/usr/lib/swift/libswiftDataDetection.dylib
0x00000001aad02000 	/usr/lib/swift/libswiftDispatch.dylib
0x00000001bc556000 	/usr/lib/swift/libswiftIOKit.dylib
0x00000001c90c9000 	/usr/lib/swift/libswiftMetal.dylib
0x00000001d8072000 	/usr/lib/swift/libswiftOSLog.dylib
0x00000001ad985000 	/usr/lib/swift/libswiftObjectiveC.dylib
0x000000027bc20000 	/usr/lib/swift/libswiftObservation.dylib
0x00000001ce46d000 	/usr/lib/swift/libswiftQuartzCore.dylib
0x00000001d2ac9000 	/usr/lib/swift/libswiftUniformTypeIdentifiers.dylib
0x00000001bc50d000 	/usr/lib/swift/libswiftXPC.dylib
0x000000027bd06000 	/usr/lib/swift/libswift_Builtin_float.dylib
0x000000027bd09000 	/usr/lib/swift/libswift_Concurrency.dylib
0x000000027be68000 	/usr/lib/swift/libswift_StringProcessing.dylib
0x000000027befb000 	/usr/lib/swift/libswift_errno.dylib
0x000000027befd000 	/usr/lib/swift/libswift_math.dylib
0x000000027bf00000 	/usr/lib/swift/libswift_signal.dylib
0x000000027bf01000 	/usr/lib/swift/libswift_stdio.dylib
0x000000027bf02000 	/usr/lib/swift/libswift_time.dylib
0x00000001ad989000 	/usr/lib/swift/libswiftos.dylib
0x00000001bfdad000 	/usr/lib/swift/libswiftsimd.dylib
0x000000027bf03000 	/usr/lib/swift/libswiftsys_time.dylib
0x000000027bf04000 	/usr/lib/swift/libswiftunistd.dylib
0x00000001a1a11000 	/usr/lib/libcompression.dylib
0x00000001a3f3c000 	/System/Library/PrivateFrameworks/TextureIO.framework/Versions/A/TextureIO
0x00000001a2ef4000 	/usr/lib/libate.dylib
0x00000001a17dc000 	/usr/lib/system/libcache.dylib
0x00000001a1797000 	/usr/lib/system/libcommonCrypto.dylib
0x00000001a17c2000 	/usr/lib/system/libcompiler_rt.dylib
0x00000001a17b7000 	/usr/lib/system/libcopyfile.dylib
0x00000001932db000 	/usr/lib/system/libcorecrypto.dylib
0x00000001933c2000 	/usr/lib/system/libdispatch.dylib
0x0000000193582000 	/usr/lib/system/libdyld.dylib
0x00000001a17d2000 	/usr/lib/system/libkeymgr.dylib
0x00000001a177a000 	/usr/lib/system/libmacho.dylib
0x00000001a0ba7000 	/usr/lib/system/libquarantine.dylib
0x00000001a17cf000 	/usr/lib/system/libremovefile.dylib
0x0000000199579000 	/usr/lib/system/libsystem_asl.dylib
0x0000000193270000 	/usr/lib/system/libsystem_blocks.dylib
0x000000019340c000 	/usr/lib/system/libsystem_c.dylib
0x00000001a17c6000 	/usr/lib/system/libsystem_collections.dylib
0x000000019fb97000 	/usr/lib/system/libsystem_configuration.dylib
0x000000019e92b000 	/usr/lib/system/libsystem_containermanager.dylib
0x00000001a12bd000 	/usr/lib/system/libsystem_coreservices.dylib
0x000000019707c000 	/usr/lib/system/libsystem_darwin.dylib
0x000000027c03b000 	/usr/lib/system/libsystem_darwindirectory.dylib
0x00000001a17d3000 	/usr/lib/system/libsystem_dnssd.dylib
0x000000027c03f000 	/usr/lib/system/libsystem_eligibility.dylib
0x0000000193409000 	/usr/lib/system/libsystem_featureflags.dylib
0x00000001935ba000 	/usr/lib/system/libsystem_info.dylib
0x00000001a173b000 	/usr/lib/system/libsystem_m.dylib
0x000000019337a000 	/usr/lib/system/libsystem_malloc.dylib
0x00000001994e2000 	/usr/lib/system/libsystem_networkextension.dylib
0x00000001974df000 	/usr/lib/system/libsystem_notify.dylib
0x000000019fb9c000 	/usr/lib/system/libsystem_sandbox.dylib
0x000000027c047000 	/usr/lib/system/libsystem_sanitizers.dylib
0x00000001a17cb000 	/usr/lib/system/libsystem_secinit.dylib
0x0000000193539000 	/usr/lib/system/libsystem_kernel.dylib
0x00000001935b2000 	/usr/lib/system/libsystem_platform.dylib
0x0000000193575000 	/usr/lib/system/libsystem_pthread.dylib
0x000000019b0d9000 	/usr/lib/system/libsystem_symptoms.dylib
0x00000001932bf000 	/usr/lib/system/libsystem_trace.dylib
0x00000001a17a5000 	/usr/lib/system/libunwind.dylib
0x0000000193274000 	/usr/lib/system/libxpc.dylib
0x000000019351b000 	/usr/lib/libc++abi.dylib
0x000000027ac10000 	/usr/lib/libRosetta.dylib
0x000000019737a000 	/System/Library/PrivateFrameworks/CoreServicesInternal.framework/Versions/A/CoreServicesInternal
0x00000001a17af000 	/usr/lib/liboah.dylib
0x00000001a17e4000 	/usr/lib/libfakelink.dylib
0x00000001ace7e000 	/System/Library/PrivateFrameworks/DiskImages.framework/Versions/A/DiskImages
0x00000001b938d000 	/System/Library/Frameworks/NetFS.framework/Versions/A/NetFS
0x0000000199118000 	/System/Library/Frameworks/CFNetwork.framework/Versions/A/CFNetwork
0x000000019cdad000 	/System/Library/Frameworks/CoreServices.framework/Versions/A/Frameworks/FSEvents.framework/Versions/A/FSEvents
0x0000000197087000 	/System/Library/Frameworks/CoreServices.framework/Versions/A/Frameworks/CarbonCore.framework/Versions/A/CarbonCore
0x000000019c220000 	/System/Library/Frameworks/CoreServices.framework/Versions/A/Frameworks/Metadata.framework/Versions/A/Metadata
0x00000001a12c4000 	/System/Library/Frameworks/CoreServices.framework/Versions/A/Frameworks/OSServices.framework/Versions/A/OSServices
0x00000001a1932000 	/System/Library/Frameworks/CoreServices.framework/Versions/A/Frameworks/SearchKit.framework/Versions/A/SearchKit
0x000000019b053000 	/System/Library/Frameworks/CoreServices.framework/Versions/A/Frameworks/AE.framework/Versions/A/AE
0x0000000193b29000 	/System/Library/Frameworks/CoreServices.framework/Versions/A/Frameworks/LaunchServices.framework/Versions/A/LaunchServices
0x00000001a2d49000 	/System/Library/Frameworks/CoreServices.framework/Versions/A/Frameworks/DictionaryServices.framework/Versions/A/DictionaryServices
0x000000019cdbb000 	/System/Library/Frameworks/CoreServices.framework/Versions/A/Frameworks/SharedFileList.framework/Versions/A/SharedFileList
0x00000001a19c8000 	/usr/lib/libapple_nghttp2.dylib
0x000000019acb4000 	/usr/lib/libsqlite3.dylib
0x00000001a59ff000 	/System/Library/Frameworks/GSS.framework/Versions/A/GSS
0x000000019afea000 	/System/Library/PrivateFrameworks/RunningBoardServices.framework/Versions/A/RunningBoardServices
0x000000019b0e2000 	/System/Library/Frameworks/Network.framework/Versions/A/Network
0x00000001a177e000 	/usr/lib/system/libkxld.dylib
0x000000023d44d000 	/System/Library/PrivateFrameworks/AppleKeyStore.framework/Versions/A/AppleKeyStore
0x000000027aa68000 	/usr/lib/libCoreEntitlements.dylib
0x000000025843b000 	/System/Library/PrivateFrameworks/MessageSecurity.framework/Versions/A/MessageSecurity
0x000000019ac99000 	/System/Library/PrivateFrameworks/ProtocolBuffer.framework/Versions/A/ProtocolBuffer
0x00000001a12a4000 	/System/Library/PrivateFrameworks/AppleFSCompression.framework/Versions/A/AppleFSCompression
0x00000001a0bb6000 	/usr/lib/libcoretls.dylib
0x00000001a2dbf000 	/usr/lib/libcoretls_cfhelpers.dylib
0x00000001a1a0b000 	/usr/lib/libpam.2.dylib
0x00000001a2e33000 	/usr/lib/libxar.1.dylib
0x00000001a1839000 	/usr/lib/libarchive.2.dylib
0x00000001a7102000 	/System/Library/Frameworks/Combine.framework/Versions/A/Combine
0x00000002415e7000 	/System/Library/PrivateFrameworks/CollectionsInternal.framework/Versions/A/CollectionsInternal
0x0000000261496000 	/System/Library/PrivateFrameworks/ReflectionInternal.framework/Versions/A/ReflectionInternal
0x000000026216d000 	/System/Library/PrivateFrameworks/RuntimeInternal.framework/Versions/A/RuntimeInternal
0x000000027bc97000 	/usr/lib/swift/libswiftSystem.dylib
0x000000019fba5000 	/System/Library/PrivateFrameworks/AppleSystemInfo.framework/Versions/A/AppleSystemInfo
0x00000001bc3e6000 	/System/Library/PrivateFrameworks/LoggingSupport.framework/Versions/A/LoggingSupport
0x00000001aa1c3000 	/System/Library/PrivateFrameworks/PowerLog.framework/Versions/A/PowerLog
0x00000001f9f89000 	/System/Library/Frameworks/SwiftData.framework/Versions/A/SwiftData
0x000000019cfbf000 	/System/Library/PrivateFrameworks/UserManagement.framework/Versions/A/UserManagement
0x0000000199046000 	/usr/lib/libboringssl.dylib
0x000000019b0c8000 	/usr/lib/libdns_services.dylib
0x00000001bb595000 	/usr/lib/libquic.dylib
0x00000001a4ce0000 	/usr/lib/libusrtcp.dylib
0x00000001dfee9000 	/System/Library/PrivateFrameworks/InternalSwiftProtobuf.framework/Versions/A/InternalSwiftProtobuf
0x000000027bbf4000 	/usr/lib/swift/libswiftDistributed.dylib
0x000000027bc8d000 	/usr/lib/swift/libswiftSynchronization.dylib
0x0000000199117000 	/usr/lib/libnetwork.dylib
0x00000001cd0a1000 	/System/Library/PrivateFrameworks/OSAnalytics.framework/Versions/A/OSAnalytics
0x00000001a19a3000 	/System/Library/PrivateFrameworks/AppleSauce.framework/Versions/A/AppleSauce
0x00000001ab498000 	/System/Library/PrivateFrameworks/CoreSymbolication.framework/Versions/A/CoreSymbolication
0x00000001dbbb1000 	/System/Library/PrivateFrameworks/Symbolication.framework/Versions/A/Symbolication
0x00000001ab474000 	/System/Library/PrivateFrameworks/DebugSymbols.framework/Versions/A/DebugSymbols
0x000000027a933000 	/usr/lib/libAppleArchive.dylib
0x00000001a12b0000 	/usr/lib/libbz2.1.0.dylib
0x00000001a2da0000 	/usr/lib/liblzma.5.dylib
0x00000001a08a2000 	/System/Library/PrivateFrameworks/IOMobileFramebuffer.framework/Versions/A/IOMobileFramebuffer
0x00000001bc46f000 	/System/Library/PrivateFrameworks/MallocStackLogging.framework/Versions/A/MallocStackLogging
0x00000001a2f8e000 	/System/Library/PrivateFrameworks/CrashReporterSupport.framework/Versions/A/CrashReporterSupport
0x0000000194635000 	/System/Library/PrivateFrameworks/Lexicon.framework/Versions/A/Lexicon
0x000000025077a000 	/System/Library/PrivateFrameworks/IO80211.framework/Versions/A/IO80211
0x00000001aaf9a000 	/System/Library/PrivateFrameworks/FrontBoardServices.framework/Versions/A/FrontBoardServices
0x00000001a0ade000 	/System/Library/Frameworks/SecurityFoundation.framework/Versions/A/SecurityFoundation
0x00000001a0c40000 	/usr/lib/libgermantok.dylib
0x000000019fcc9000 	/System/Library/PrivateFrameworks/LinguisticData.framework/Versions/A/LinguisticData
0x000000019af05000 	/System/Library/PrivateFrameworks/BaseBoard.framework/Versions/A/BaseBoard
0x00000001ab067000 	/System/Library/PrivateFrameworks/BoardServices.framework/Versions/A/BoardServices
0x00000001a0acf000 	/System/Library/PrivateFrameworks/AssertionServices.framework/Versions/A/AssertionServices
0x00000001accb8000 	/System/Library/PrivateFrameworks/BackBoardServices.framework/Versions/A/BackBoardServices
0x000000019ed76000 	/System/Library/PrivateFrameworks/FontServices.framework/libFontParser.dylib
0x0000000199591000 	/System/Library/PrivateFrameworks/TCC.framework/Versions/A/TCC
0x00000001b06b3000 	/System/Library/PrivateFrameworks/IOSurfaceAccelerator.framework/Versions/A/IOSurfaceAccelerator
0x00000001a3879000 	/System/Library/PrivateFrameworks/WatchdogClient.framework/Versions/A/WatchdogClient
0x0000000195b80000 	/System/Library/Frameworks/CoreDisplay.framework/Versions/A/CoreDisplay
0x000000019ec1a000 	/System/Library/Frameworks/CoreMedia.framework/Versions/A/CoreMedia
0x000000019e975000 	/System/Library/PrivateFrameworks/IOAccelerator.framework/Versions/A/IOAccelerator
0x000000019cf1d000 	/System/Library/Frameworks/CoreVideo.framework/Versions/A/CoreVideo
0x00000001a1a09000 	/System/Library/Frameworks/MetalPerformanceShaders.framework/Versions/A/MetalPerformanceShaders
0x00000002607d4000 	/System/Library/PrivateFrameworks/ProDisplayLibrary.framework/Versions/A/ProDisplayLibrary
0x00000001a38c1000 	/System/Library/Frameworks/VideoToolbox.framework/Versions/A/VideoToolbox
0x000000019fba3000 	/System/Library/PrivateFrameworks/AggregateDictionary.framework/Versions/A/AggregateDictionary
0x00000001a2dc1000 	/System/Library/PrivateFrameworks/APFS.framework/Versions/A/APFS
0x00000001a2e42000 	/usr/lib/libutil.dylib
0x000000026b6fc000 	/System/Library/PrivateFrameworks/SwiftASN1Internal.framework/Versions/A/SwiftASN1Internal
0x000000019c2b5000 	/System/Library/Frameworks/Accelerate.framework/Versions/A/Frameworks/vImage.framework/Versions/A/vImage
0x00000001a91e2000 	/System/Library/Frameworks/Accelerate.framework/Versions/A/Frameworks/vecLib.framework/Versions/A/vecLib
0x00000001a2e7a000 	/System/Library/Frameworks/Accelerate.framework/Versions/A/Frameworks/vecLib.framework/Versions/A/libvMisc.dylib
0x0000000193fa1000 	/System/Library/Frameworks/Accelerate.framework/Versions/A/Frameworks/vecLib.framework/Versions/A/libBLAS.dylib
0x00000001a560c000 	/System/Library/Frameworks/ApplicationServices.framework/Versions/A/Frameworks/ATS.framework/Versions/A/ATS
0x000000019a3c4000 	/System/Library/Frameworks/ApplicationServices.framework/Versions/A/Frameworks/HIServices.framework/Versions/A/HIServices
0x00000001a3ec5000 	/System/Library/Frameworks/ApplicationServices.framework/Versions/A/Frameworks/PrintCore.framework/Versions/A/PrintCore
0x00000001a59c9000 	/System/Library/Frameworks/ApplicationServices.framework/Versions/A/Frameworks/QD.framework/Versions/A/QD
0x00000001a59c0000 	/System/Library/Frameworks/ApplicationServices.framework/Versions/A/Frameworks/ColorSyncLegacy.framework/Versions/A/ColorSyncLegacy
0x00000001a55de000 	/System/Library/Frameworks/ApplicationServices.framework/Versions/A/Frameworks/SpeechSynthesis.framework/Versions/A/SpeechSynthesis
0x00000001a086f000 	/System/Library/PrivateFrameworks/CoreEmoji.framework/Versions/A/CoreEmoji
0x000000024783f000 	/System/Library/PrivateFrameworks/FontServices.framework/Versions/A/FontServices
0x00000001a33c7000 	/System/Library/PrivateFrameworks/OTSVG.framework/Versions/A/OTSVG
0x000000019ca99000 	/System/Library/Frameworks/ApplicationServices.framework/Versions/A/Frameworks/ATS.framework/Versions/A/Resources/libFontRegistry.dylib
0x000000027aff5000 	/usr/lib/libhvf.dylib
0x000000025c6d8000 	/System/Library/PrivateFrameworks/ParsingInternal.framework/Versions/A/ParsingInternal
0x000000027bc3d000 	/usr/lib/swift/libswiftRegexBuilder.dylib
0x000000027bdc5000 	/usr/lib/swift/libswift_RegexParser.dylib
0x00000001a3742000 	/System/Library/PrivateFrameworks/AppleJPEG.framework/Versions/A/AppleJPEG
0x00000001a31e3000 	/usr/lib/libexpat.1.dylib
0x00000001a3d9c000 	/System/Library/Frameworks/ImageIO.framework/Versions/A/Resources/libPng.dylib
0x00000001a3dc6000 	/System/Library/Frameworks/ImageIO.framework/Versions/A/Resources/libTIFF.dylib
0x00000001a3eb0000 	/System/Library/Frameworks/ImageIO.framework/Versions/A/Resources/libGIF.dylib
0x00000001a3788000 	/System/Library/Frameworks/ImageIO.framework/Versions/A/Resources/libJP2.dylib
0x00000001a3e57000 	/System/Library/Frameworks/ImageIO.framework/Versions/A/Resources/libJPEG.dylib
0x00000001a3e4e000 	/System/Library/Frameworks/ImageIO.framework/Versions/A/Resources/libRadiance.dylib
0x000000024c50e000 	/System/Library/PrivateFrameworks/GPUCompiler.framework/Versions/32023/Libraries/libllvm-flatbuffers.dylib
0x000000024790a000 	/System/Library/PrivateFrameworks/FramePacing.framework/Versions/A/FramePacing
0x00000001f3a76000 	/System/Library/Frameworks/OpenGL.framework/Versions/A/Libraries/libCoreFSCache.dylib
0x000000024847f000 	/System/Library/PrivateFrameworks/GPUCompiler.framework/Versions/32023/Libraries/libGPUCompilerUtils.dylib
0x0000000247840000 	/System/Library/PrivateFrameworks/FontServices.framework/libXTFontStaticRegistryData.dylib
0x00000001aeac8000 	/System/Library/PrivateFrameworks/ASEProcessing.framework/Versions/A/ASEProcessing
0x000000025f941000 	/System/Library/PrivateFrameworks/PhotosensitivityProcessing.framework/Versions/A/PhotosensitivityProcessing
0x00000001a33bb000 	/System/Library/PrivateFrameworks/GraphVisualizer.framework/Versions/A/GraphVisualizer
0x00000001f3ad4000 	/System/Library/Frameworks/OpenGL.framework/Versions/A/Libraries/libGLU.dylib
0x00000001f3a98000 	/System/Library/Frameworks/OpenGL.framework/Versions/A/Libraries/libGFXShared.dylib
0x00000001f3c60000 	/System/Library/Frameworks/OpenGL.framework/Versions/A/Libraries/libGL.dylib
0x00000001f3aa1000 	/System/Library/Frameworks/OpenGL.framework/Versions/A/Libraries/libGLImage.dylib
0x00000001f3a95000 	/System/Library/Frameworks/OpenGL.framework/Versions/A/Libraries/libCVMSPluginSupport.dylib
0x00000001f3a7e000 	/System/Library/Frameworks/OpenGL.framework/Versions/A/Libraries/libCoreVMClient.dylib
0x000000019fae7000 	/System/Library/Frameworks/MetalPerformanceShaders.framework/Versions/A/Frameworks/MPSCore.framework/Versions/A/MPSCore
0x00000001a120f000 	/System/Library/Frameworks/MetalPerformanceShaders.framework/Versions/A/Frameworks/MPSImage.framework/Versions/A/MPSImage
0x00000001a0c58000 	/System/Library/Frameworks/MetalPerformanceShaders.framework/Versions/A/Frameworks/MPSNeuralNetwork.framework/Versions/A/MPSNeuralNetwork
0x00000001a108f000 	/System/Library/Frameworks/MetalPerformanceShaders.framework/Versions/A/Frameworks/MPSMatrix.framework/Versions/A/MPSMatrix
0x00000001a0ea4000 	/System/Library/Frameworks/MetalPerformanceShaders.framework/Versions/A/Frameworks/MPSRayIntersector.framework/Versions/A/MPSRayIntersector
0x00000001a10c1000 	/System/Library/Frameworks/MetalPerformanceShaders.framework/Versions/A/Frameworks/MPSNDArray.framework/Versions/A/MPSNDArray
0x00000001f7377000 	/System/Library/Frameworks/MetalPerformanceShaders.framework/Versions/A/Frameworks/MPSFunctions.framework/Versions/A/MPSFunctions
0x00000001f7359000 	/System/Library/Frameworks/MetalPerformanceShaders.framework/Versions/A/Frameworks/MPSBenchmarkLoop.framework/Versions/A/MPSBenchmarkLoop
0x0000000193e1c000 	/System/Library/PrivateFrameworks/MetalTools.framework/Versions/A/MetalTools
0x00000001c1156000 	/System/Library/PrivateFrameworks/IOAccelMemoryInfo.framework/Versions/A/IOAccelMemoryInfo
0x00000001ce862000 	/System/Library/PrivateFrameworks/kperf.framework/Versions/A/kperf
0x00000001bc4d6000 	/System/Library/PrivateFrameworks/GPURawCounter.framework/Versions/A/GPURawCounter
0x00000001a3e82000 	/System/Library/Frameworks/ApplicationServices.framework/Versions/A/Frameworks/ATSUI.framework/Versions/A/ATSUI
0x00000001a5954000 	/usr/lib/libcups.2.dylib
0x00000001a59ee000 	/System/Library/Frameworks/Kerberos.framework/Versions/A/Kerberos
0x00000001a5654000 	/usr/lib/libresolv.9.dylib
0x00000001a181e000 	/usr/lib/libiconv.2.dylib
0x00000001a3419000 	/System/Library/PrivateFrameworks/Heimdal.framework/Versions/A/Heimdal
0x00000001ad8dc000 	/System/Library/Frameworks/Kerberos.framework/Versions/A/Libraries/libHeimdalProxy.dylib
0x00000001a31fe000 	/usr/lib/libheimdal-asn1.dylib
0x000000019cd80000 	/System/Library/Frameworks/OpenDirectory.framework/Versions/A/OpenDirectory
0x00000001a5a51000 	/System/Library/PrivateFrameworks/CommonAuth.framework/Versions/A/CommonAuth
0x000000019cd8e000 	/System/Library/Frameworks/OpenDirectory.framework/Versions/A/Frameworks/CFOpenDirectory.framework/Versions/A/CFOpenDirectory
0x00000001a1779000 	/usr/lib/libcharset.1.dylib
0x00000001f3ffc000 	/System/Library/Frameworks/AVFAudio.framework/Versions/A/AVFAudio
0x00000001b5dc1000 	/System/Library/PrivateFrameworks/AXCoreUtilities.framework/Versions/A/AXCoreUtilities
0x00000002540b3000 	/System/Library/PrivateFrameworks/IsolatedCoreAudioClient.framework/Versions/A/IsolatedCoreAudioClient
0x00000001a55c5000 	/usr/lib/libAudioStatistics.dylib
0x000000019ebf2000 	/System/Library/PrivateFrameworks/caulk.framework/Versions/A/caulk
0x0000000195ca1000 	/System/Library/PrivateFrameworks/AudioToolboxCore.framework/Versions/A/AudioToolboxCore
0x00000001afbd2000 	/System/Library/Frameworks/CoreMIDI.framework/Versions/A/CoreMIDI
0x00000001a5567000 	/System/Library/PrivateFrameworks/AudioSession.framework/Versions/A/AudioSession
0x00000001a6e6a000 	/System/Library/Frameworks/IOBluetooth.framework/Versions/A/IOBluetooth
0x00000001a32e8000 	/System/Library/PrivateFrameworks/MediaExperience.framework/Versions/A/MediaExperience
0x000000026e1c0000 	/System/Library/PrivateFrameworks/Tightbeam.framework/Versions/A/Tightbeam
0x00000002420a2000 	/System/Library/PrivateFrameworks/CoreAudioOrchestration.framework/Versions/A/CoreAudioOrchestration
0x00000001d319b000 	/System/Library/PrivateFrameworks/AFKUser.framework/Versions/A/AFKUser
0x00000001bc4da000 	/usr/lib/swift/libswiftCoreAudio.dylib
0x00000001a3408000 	/System/Library/PrivateFrameworks/AppServerSupport.framework/Versions/A/AppServerSupport
0x00000001a59d2000 	/System/Library/PrivateFrameworks/perfdata.framework/Versions/A/perfdata
0x00000001bb68e000 	/System/Library/PrivateFrameworks/SystemPolicy.framework/Versions/A/SystemPolicy
0x00000001a5873000 	/usr/lib/libSMC.dylib
0x00000001a3d66000 	/usr/lib/libAudioToolboxUtility.dylib
0x00000001a59e0000 	/usr/lib/libperfcheck.dylib
0x000000023dfcb000 	/System/Library/PrivateFrameworks/AudioAnalytics.framework/Versions/A/AudioAnalytics
0x00000001dfcb0000 	/System/Library/Frameworks/OSLog.framework/Versions/A/OSLog
0x00000001bc4a1000 	/usr/lib/libmis.dylib
0x00000001a5375000 	/System/Library/PrivateFrameworks/AudioSession.framework/libSessionUtility.dylib
0x00000001a3eb6000 	/System/Library/PrivateFrameworks/CMCaptureCore.framework/Versions/A/CMCaptureCore
0x00000001f56a5000 	/System/Library/Frameworks/ExtensionFoundation.framework/Versions/A/ExtensionFoundation
0x00000001ab5a5000 	/System/Library/PrivateFrameworks/CoreTime.framework/Versions/A/CoreTime
0x00000001a30e2000 	/System/Library/PrivateFrameworks/PlugInKit.framework/Versions/A/PlugInKit
0x00000001aa0cc000 	/System/Library/Frameworks/CoreBluetooth.framework/Versions/A/CoreBluetooth
0x00000001ad8dd000 	/System/Library/Frameworks/AudioUnit.framework/Versions/A/AudioUnit
0x00000001a0933000 	/System/Library/PrivateFrameworks/CoreUtils.framework/Versions/A/CoreUtils
0x0000000245055000 	/System/Library/PrivateFrameworks/CoreUtilsExtras.framework/Versions/A/CoreUtilsExtras
0x00000001a9503000 	/System/Library/Frameworks/MediaAccessibility.framework/Versions/A/MediaAccessibility
0x00000001c4af6000 	/System/Library/PrivateFrameworks/AttributeGraph.framework/Versions/A/AttributeGraph
0x000000027a8b1000 	/usr/lib/libAXSafeCategoryBundle.dylib
0x00000001b5e7d000 	/usr/lib/libAccessibility.dylib
0x00000001a077d000 	/System/Library/Frameworks/Accelerate.framework/Versions/A/Frameworks/vecLib.framework/Versions/A/libvDSP.dylib
0x00000001a1ae7000 	/System/Library/Frameworks/Accelerate.framework/Versions/A/Frameworks/vecLib.framework/Versions/A/libLAPACK.dylib
0x00000001a0c43000 	/System/Library/Frameworks/Accelerate.framework/Versions/A/Frameworks/vecLib.framework/Versions/A/libLinearAlgebra.dylib
0x00000001a19e2000 	/System/Library/Frameworks/Accelerate.framework/Versions/A/Frameworks/vecLib.framework/Versions/A/libSparseBLAS.dylib
0x00000001a1ae2000 	/System/Library/Frameworks/Accelerate.framework/Versions/A/Frameworks/vecLib.framework/Versions/A/libQuadrature.dylib
0x000000019fcd0000 	/System/Library/Frameworks/Accelerate.framework/Versions/A/Frameworks/vecLib.framework/Versions/A/libBNNS.dylib
0x0000000194742000 	/System/Library/Frameworks/Accelerate.framework/Versions/A/Frameworks/vecLib.framework/Versions/A/libSparse.dylib
0x000000025582a000 	/System/Library/PrivateFrameworks/MIL.framework/Versions/A/MIL
0x00000001a3e49000 	/System/Library/PrivateFrameworks/GPUWrangler.framework/Versions/A/GPUWrangler
0x00000001a3e29000 	/System/Library/PrivateFrameworks/IOPresentment.framework/Versions/A/IOPresentment
0x00000001a3e51000 	/System/Library/PrivateFrameworks/DSExternalDisplay.framework/Versions/A/DSExternalDisplay
0x00000001e00b7000 	/System/Library/PrivateFrameworks/HIDDisplay.framework/Versions/A/HIDDisplay
0x00000001b509a000 	/System/Library/PrivateFrameworks/HID.framework/Versions/A/HID
0x0000000271a02000 	/System/Library/PrivateFrameworks/VideoToolboxParavirtualizationSupport.framework/Versions/A/VideoToolboxParavirtualizationSupport
0x00000001a319a000 	/System/Library/PrivateFrameworks/AppleVA.framework/Versions/A/AppleVA
0x00000001ab114000 	/System/Library/PrivateFrameworks/GraphicsServices.framework/Versions/A/GraphicsServices
0x00000001a5bc4000 	/System/Library/PrivateFrameworks/CorePhoneNumbers.framework/Versions/A/CorePhoneNumbers
0x00000001aa2b4000 	/System/Library/PrivateFrameworks/MediaKit.framework/Versions/A/MediaKit
0x00000001aa1ff000 	/System/Library/Frameworks/DiscRecording.framework/Versions/A/DiscRecording
0x00000001a59b3000 	/System/Library/PrivateFrameworks/NetAuth.framework/Versions/A/NetAuth
0x000000019cf7f000 	/System/Library/PrivateFrameworks/login.framework/Versions/A/Frameworks/loginsupport.framework/Versions/A/loginsupport
0x00000001a3208000 	/System/Library/PrivateFrameworks/IconFoundation.framework/Versions/A/IconFoundation
0x00000001a2f85000 	/usr/lib/libIOReport.dylib
0x000000023dbdb000 	/System/Library/PrivateFrameworks/AppleMobileFileIntegrity.framework/Versions/A/AppleMobileFileIntegrity
0x000000027ac73000 	/usr/lib/libTLE.dylib
0x00000001f0ad2000 	/System/Library/PrivateFrameworks/ConfigProfileHelper.framework/Versions/A/ConfigProfileHelper
0x00000001a0be0000 	/usr/lib/libmecab.dylib
0x00000001948d2000 	/usr/lib/libCRFSuite.dylib
0x000000019fbac000 	/System/Library/PrivateFrameworks/CoreNLP.framework/Versions/A/CoreNLP
0x00000001a199a000 	/usr/lib/libThaiTokenizer.dylib
0x00000001a0baa000 	/usr/lib/libCheckFix.dylib
0x000000019c1bf000 	/System/Library/PrivateFrameworks/MetadataUtilities.framework/Versions/A/MetadataUtilities
0x000000025105e000 	/System/Library/PrivateFrameworks/InstalledContentLibrary.framework/Versions/A/InstalledContentLibrary
0x00000001973bb000 	/System/Library/PrivateFrameworks/CoreServicesStore.framework/Versions/A/CoreServicesStore
0x00000001ce96c000 	/System/Library/PrivateFrameworks/MobileSystemServices.framework/Versions/A/MobileSystemServices
0x00000001a2e46000 	/usr/lib/libxslt.1.dylib
0x00000001a0b6d000 	/System/Library/PrivateFrameworks/BackgroundTaskManagement.framework/Versions/A/BackgroundTaskManagement
0x00000001ad03c000 	/usr/lib/libcurl.4.dylib
0x000000027aea7000 	/usr/lib/libcrypto.46.dylib
0x000000027b9d1000 	/usr/lib/libssl.48.dylib
0x00000001acd14000 	/System/Library/Frameworks/LDAP.framework/Versions/A/LDAP
0x00000001acd50000 	/System/Library/PrivateFrameworks/TrustEvaluationAgent.framework/Versions/A/TrustEvaluationAgent
0x00000001a5671000 	/usr/lib/libsasl2.2.dylib
0x00000001b9863000 	/usr/lib/swift/libswiftCoreGraphics.dylib
0x00000001a9b32000 	/usr/lib/swift/libswiftFoundation.dylib
0x00000001f055c000 	/usr/lib/swift/libswiftSwiftOnoneSupport.dylib
0x00000001dc362000 	/System/Library/PrivateFrameworks/CoreMaterial.framework/Versions/A/CoreMaterial
0x0000000262264000 	/System/Library/PrivateFrameworks/SFSymbols.framework/Versions/A/SFSymbols
0x00000001a8dfd000 	/System/Library/PrivateFrameworks/SpeechRecognitionCore.framework/Versions/A/SpeechRecognitionCore
0x0000000108018000 	/Library/Java/JavaVirtualMachines/temurin-17.jdk/Contents/Home/lib/server/libjvm.dylib
0x0000000102884000 	/Library/Java/JavaVirtualMachines/temurin-17.jdk/Contents/Home/lib/libjimage.dylib
0x00000001028b4000 	/Library/Java/JavaVirtualMachines/temurin-17.jdk/Contents/Home/lib/libinstrument.dylib
0x0000000102904000 	/Library/Java/JavaVirtualMachines/temurin-17.jdk/Contents/Home/lib/libjava.dylib
0x0000000102af4000 	/Library/Java/JavaVirtualMachines/temurin-17.jdk/Contents/Home/lib/libzip.dylib
0x0000000102b1c000 	/Library/Java/JavaVirtualMachines/temurin-17.jdk/Contents/Home/lib/libnio.dylib
0x0000000102c88000 	/Library/Java/JavaVirtualMachines/temurin-17.jdk/Contents/Home/lib/libnet.dylib
0x0000000102cac000 	/Library/Java/JavaVirtualMachines/temurin-17.jdk/Contents/Home/lib/libverify.dylib
0x0000000102adc000 	/Users/ekim/.gradle/native/1def1411415f61bf3af743bc5b6707747c0891f09f0c88961ee8f79bc544acac/osx-aarch64/libnative-platform.dylib
0x0000000102e84000 	/Users/ekim/.gradle/native/0.2.7/aarch64-macos/libgradle-fileevents.dylib
0x0000000102cdc000 	/Library/Java/JavaVirtualMachines/temurin-17.jdk/Contents/Home/lib/libmanagement.dylib
0x0000000102e00000 	/Library/Java/JavaVirtualMachines/temurin-17.jdk/Contents/Home/lib/libmanagement_ext.dylib
0x0000000102e14000 	/Library/Java/JavaVirtualMachines/temurin-17.jdk/Contents/Home/lib/libextnet.dylib
0x0000000102e28000 	/Library/Java/JavaVirtualMachines/temurin-17.jdk/Contents/Home/lib/librmi.dylib


VM Arguments:
jvm_args: --add-opens=java.base/java.lang=ALL-UNNAMED --add-opens=java.base/java.lang.invoke=ALL-UNNAMED --add-opens=java.base/java.util=ALL-UNNAMED --add-opens=java.prefs/java.util.prefs=ALL-UNNAMED --add-exports=jdk.compiler/com.sun.tools.javac.api=ALL-UNNAMED --add-exports=jdk.compiler/com.sun.tools.javac.util=ALL-UNNAMED --add-opens=java.base/java.util=ALL-UNNAMED --add-opens=java.prefs/java.util.prefs=ALL-UNNAMED --add-opens=java.base/java.nio.charset=ALL-UNNAMED --add-opens=java.base/java.net=ALL-UNNAMED --add-opens=java.base/java.util.concurrent.atomic=ALL-UNNAMED --add-opens=java.xml/javax.xml.namespace=ALL-UNNAMED -Xmx4G -Dfile.encoding=UTF-8 -Duser.country=CA -Duser.language=ko -Duser.variant -javaagent:/Users/ekim/.gradle/wrapper/dists/gradle-8.14-all/c2qonpi39x1mddn7hk5gh9iqj/gradle-8.14/lib/agents/gradle-instrumentation-agent-8.14.jar 
java_command: org.gradle.launcher.daemon.bootstrap.GradleDaemon 8.14
java_class_path (initial): /Users/ekim/.gradle/wrapper/dists/gradle-8.14-all/c2qonpi39x1mddn7hk5gh9iqj/gradle-8.14/lib/gradle-daemon-main-8.14.jar
Launcher Type: SUN_STANDARD

[Global flags]
     intx CICompilerCount                          = 4                                         {product} {ergonomic}
     uint ConcGCThreads                            = 2                                         {product} {ergonomic}
     uint G1ConcRefinementThreads                  = 8                                         {product} {ergonomic}
   size_t G1HeapRegionSize                         = 2097152                                   {product} {ergonomic}
    uintx GCDrainStackTargetSize                   = 64                                        {product} {ergonomic}
   size_t InitialHeapSize                          = 268435456                                 {product} {ergonomic}
   size_t MarkStackSize                            = 4194304                                   {product} {ergonomic}
   size_t MaxHeapSize                              = 4294967296                                {product} {command line}
   size_t MaxNewSize                               = 2575302656                                {product} {ergonomic}
   size_t MinHeapDeltaBytes                        = 2097152                                   {product} {ergonomic}
   size_t MinHeapSize                              = 8388608                                   {product} {ergonomic}
    uintx NonNMethodCodeHeapSize                   = 5839564                                {pd product} {ergonomic}
    uintx NonProfiledCodeHeapSize                  = 122909338                              {pd product} {ergonomic}
    uintx ProfiledCodeHeapSize                     = 122909338                              {pd product} {ergonomic}
    uintx ReservedCodeCacheSize                    = 251658240                              {pd product} {ergonomic}
     bool SegmentedCodeCache                       = true                                      {product} {ergonomic}
   size_t SoftMaxHeapSize                          = 4294967296                             {manageable} {ergonomic}
     bool UseCompressedClassPointers               = true                           {product lp64_product} {ergonomic}
     bool UseCompressedOops                        = true                           {product lp64_product} {ergonomic}
     bool UseG1GC                                  = true                                      {product} {ergonomic}
     bool UseNUMA                                  = false                                     {product} {ergonomic}
     bool UseNUMAInterleaving                      = false                                     {product} {ergonomic}

Logging:
Log output configuration:
 #0: stdout all=warning uptime,level,tags
 #1: stderr all=off uptime,level,tags

Environment Variables:
JAVA_HOME=/Library/Java/JavaVirtualMachines/temurin-17.jdk/Contents/Home
PATH=/Library/Java/JavaVirtualMachines/temurin-17.jdk/Contents/Home/bin:/Users/ekim/.nvm/versions/node/v24.18.1/bin:/opt/homebrew/share/flutter/bin/:/opt/homebrew/bin:/opt/homebrew/sbin:/usr/local/bin:/System/Cryptexes/App/usr/bin:/usr/bin:/bin:/usr/sbin:/sbin:/var/run/com.apple.security.cryptexd/codex.system/bootstrap/usr/local/bin:/var/run/com.apple.security.cryptexd/codex.system/bootstrap/usr/bin:/var/run/com.apple.security.cryptexd/codex.system/bootstrap/usr/appleinternal/bin:/Library/Apple/usr/bin:/opt/homebrew/share/flutter/bin/:/Users/ekim/.nvm/versions/node/v24.18.1/bin:/Users/ekim/Library/Android/sdk/platform-tools:/Users/ekim/Library/Android/sdk/cmdline-tools/latest/bin:/Users/ekim/Library/Android/sdk/platform-tools:/Users/ekim/Library/Android/sdk/cmdline-tools/latest/bin
SHELL=/bin/zsh
LANG=en_US.UTF-8
TERM=xterm-256color
TMPDIR=/var/folders/37/xwtkfb2156s9ptnt2k_9jzgm0000gn/T/

Active Locale:
LC_ALL=en_US.UTF-8
LC_COLLATE=en_US.UTF-8
LC_CTYPE=en_US.UTF-8
LC_MESSAGES=en_US.UTF-8
LC_MONETARY=en_US.UTF-8
LC_NUMERIC=en_US.UTF-8
LC_TIME=en_US.UTF-8

Signal Handlers:
   SIGSEGV: crash_handler in libjvm.dylib, mask=11100110000111110111111111111111, flags=SA_RESTART|SA_SIGINFO, unblocked
    SIGBUS: crash_handler in libjvm.dylib, mask=11100110000111110111111111111111, flags=SA_RESTART|SA_SIGINFO, unblocked
    SIGFPE: crash_handler in libjvm.dylib, mask=11100110000111110111111111111111, flags=SA_RESTART|SA_SIGINFO, unblocked
   SIGPIPE: javaSignalHandler in libjvm.dylib, mask=11100110000111110111111111111111, flags=SA_RESTART|SA_SIGINFO, blocked
   SIGXFSZ: javaSignalHandler in libjvm.dylib, mask=11100110000111110111111111111111, flags=SA_RESTART|SA_SIGINFO, blocked
    SIGILL: crash_handler in libjvm.dylib, mask=11100110000111110111111111111111, flags=SA_RESTART|SA_SIGINFO, unblocked
   SIGUSR2: SR_handler in libjvm.dylib, mask=00100000000000000000010000000000, flags=SA_RESTART|SA_SIGINFO, blocked
    SIGHUP: UserHandler in libjvm.dylib, mask=11100110000111110111111111111111, flags=SA_RESTART|SA_SIGINFO, blocked
    SIGINT: UserHandler in libjvm.dylib, mask=11100110000111110111111111111111, flags=SA_RESTART|SA_SIGINFO, blocked
   SIGTERM: UserHandler in libjvm.dylib, mask=11100110000111110111111111111111, flags=SA_RESTART|SA_SIGINFO, blocked
   SIGQUIT: UserHandler in libjvm.dylib, mask=11100110000111110111111111111111, flags=SA_RESTART|SA_SIGINFO, blocked
   SIGTRAP: crash_handler in libjvm.dylib, mask=11100110000111110111111111111111, flags=SA_RESTART|SA_SIGINFO, unblocked


Periodic native trim disabled


---------------  S Y S T E M  ---------------

OS:
uname: Darwin 24.6.0 Darwin Kernel Version 24.6.0: Tue Jul 21 20:51:32 PDT 2026; root:xnu-11417.140.69.711.44~1/RELEASE_ARM64_T8112 arm64
OS uptime: 17 days 1:20 hours
rlimit (soft/hard): STACK 8176k/65520k , CORE 0k/infinity , NPROC 2666/4000 , NOFILE 1048576/infinity , AS infinity/infinity , CPU infinity/infinity , DATA infinity/infinity , FSIZE infinity/infinity , MEMLOCK infinity/infinity , RSS infinity/infinity
load average: 8.36 6.31 5.54

CPU: total 8 (initial active 8) 0x61:0x0:0xda33d83d:0, fp, simd, crc, lse
machdep.cpu.brand_string:Apple M2
hw.cachelinesize:128
hw.l1icachesize:131072
hw.l1dcachesize:65536
hw.l2cachesize:4194304

Memory: 16k page, physical 16777216k(84112k free), swap 12582912k(1550528k free)

vm_info: OpenJDK 64-Bit Server VM (17.0.19+10) for bsd-aarch64 JRE (17.0.19+10), built on Apr 21 2026 00:00:00 by "admin" with clang Apple LLVM 15.0.0 (clang-1500.1.0.2.5)

END.
