#
# A fatal error has been detected by the Java Runtime Environment:
#
#  SIGBUS (0xa) at pc=0x00000001083b3074, pid=56864, tid=38659
#
# JRE version: OpenJDK Runtime Environment Temurin-17.0.19+10 (17.0.19+10) (build 17.0.19+10)
# Java VM: OpenJDK 64-Bit Server VM Temurin-17.0.19+10 (17.0.19+10, mixed mode, sharing, tiered, compressed oops, compressed class ptrs, g1 gc, bsd-aarch64)
# Problematic frame:
# V  [libjvm.dylib+0x39b074]  G1ParScanThreadState::trim_queue_to_threshold(unsigned int)+0xb10
#
# No core dump will be written. Core dumps have been disabled. To enable core dumping, try "ulimit -c unlimited" before starting Java again
#
# If you would like to submit a bug report, please visit:
#   https://github.com/adoptium/adoptium-support/issues
#

---------------  S U M M A R Y ------------

Command Line: --add-opens=java.base/java.lang=ALL-UNNAMED --add-opens=java.base/java.lang.invoke=ALL-UNNAMED --add-opens=java.base/java.util=ALL-UNNAMED --add-opens=java.prefs/java.util.prefs=ALL-UNNAMED --add-exports=jdk.compiler/com.sun.tools.javac.api=ALL-UNNAMED --add-exports=jdk.compiler/com.sun.tools.javac.util=ALL-UNNAMED --add-opens=java.base/java.util=ALL-UNNAMED --add-opens=java.prefs/java.util.prefs=ALL-UNNAMED --add-opens=java.base/java.nio.charset=ALL-UNNAMED --add-opens=java.base/java.net=ALL-UNNAMED --add-opens=java.base/java.util.concurrent.atomic=ALL-UNNAMED --add-opens=java.xml/javax.xml.namespace=ALL-UNNAMED -Xmx4G -Dfile.encoding=UTF-8 -Duser.country=CA -Duser.language=ko -Duser.variant -javaagent:/Users/ekim/.gradle/wrapper/dists/gradle-8.14-all/c2qonpi39x1mddn7hk5gh9iqj/gradle-8.14/lib/agents/gradle-instrumentation-agent-8.14.jar org.gradle.launcher.daemon.bootstrap.GradleDaemon 8.14

Host: "Mac14,3" arm64, 8 cores, 16G, Darwin 24.6.0, macOS 15.7.8 (24G824)
Time: Sun Sep 13 09:48:46 2026 EDT elapsed time: 572.224537 seconds (0d 0h 9m 32s)

---------------  T H R E A D  ---------------

Current thread (0x0000000128ef1a70):  GCTaskThread "GC Thread#6" [stack: 0x000000017160c000,0x000000017180f000] [id=38659]

Stack: [0x000000017160c000,0x000000017180f000],  sp=0x000000017180eb90,  free space=2058k
Native frames: (J=compiled Java code, j=interpreted, Vv=VM code, C=native code)
V  [libjvm.dylib+0x39b074]  G1ParScanThreadState::trim_queue_to_threshold(unsigned int)+0xb10
V  [libjvm.dylib+0x3a6c3c]  G1ScanHRForRegionClosure::scan_heap_roots(HeapRegion*)+0x4fc
V  [libjvm.dylib+0x3a6724]  G1ScanHRForRegionClosure::do_heap_region(HeapRegion*)+0x5c
V  [libjvm.dylib+0x3a5430]  G1RemSet::scan_heap_roots(G1ParScanThreadState*, unsigned int, G1GCPhaseTimes::GCParPhases, G1GCPhaseTimes::GCParPhases, bool)+0x104
V  [libjvm.dylib+0x36309c]  G1EvacuateRegionsTask::scan_roots(G1ParScanThreadState*, unsigned int)+0x44
V  [libjvm.dylib+0x362f68]  G1EvacuateRegionsBaseTask::work(unsigned int)+0x80
V  [libjvm.dylib+0xa4a668]  GangWorker::run()+0x6c
V  [libjvm.dylib+0x9a6770]  Thread::call_run()+0xcc
V  [libjvm.dylib+0x7ac2e4]  thread_native_entry(Thread*)+0x158
C  [libsystem_pthread.dylib+0x6bc8]  _pthread_start+0x88


siginfo: si_signo: 10 (SIGBUS), si_code: 1 (BUS_ADRALN), si_addr: 0x000000074988ebf8

Registers:
 x0=0x00000007411ad048  x1=0x00000007411ad048  x2=0x000000074988ebf8  x3=0x0000000000000039
 x4=0x0000000000000000  x5=0xe80b5f36e80b5f3b  x6=0xe80b5f3100000000  x7=0xe80b5f27e80b5f2c
 x8=0x0000000000000000  x9=0x0000000000000003 x10=0x0000000000000101 x11=0x0000000000003a4c
x12=0x0000000148108000 x13=0x000000000001ffff x14=0xe80b5efe00000000 x15=0xe9311d81e80b5f09
x16=0xe869d3b900000000 x17=0x00000007411acf4b x18=0x0000000000000000 x19=0x000000000000ff00
x20=0x0000000118f1b9a0 x21=0x00000007411aa570 x22=0x0000000000000010 x23=0x00000007411ad044
x24=0x00000007411aa570 x25=0x0000000108c3a908 x26=0x00000007411aa569 x27=0x000000000001fffe
x28=0x0000000000000040  fp=0x000000017180ec00  lr=0x00000001083b3104  sp=0x000000017180eb90
pc=0x00000001083b3074 cpsr=0x0000000020001000

Register to memory mapping:

 x0=0x00000007411ad048 is an oop: com.android.tools.r8.internal.Mn0 
{0x00000007411ad048} - klass: 'com/android/tools/r8/internal/Mn0'
 - ---- fields (total size 2 words):
 - public final transient 'd' 'Ljava/lang/Object;' @12  a 'java/lang/Integer'{0x00000007ffe6dc58} = 28 (fffcdb8b)
 x1=0x00000007411ad048 is an oop: com.android.tools.r8.internal.Mn0 
{0x00000007411ad048} - klass: 'com/android/tools/r8/internal/Mn0'
 - ---- fields (total size 2 words):
 - public final transient 'd' 'Ljava/lang/Object;' @12  a 'java/lang/Integer'{0x00000007ffe6dc58} = 28 (fffcdb8b)
 x2=0x000000074988ebf8 points into unknown readable memory: 0x0000000000000000 | 00 00 00 00 00 00 00 00
 x3=0x0000000000000039 is an unknown value
 x4=0x0 is NULL
 x5=0xe80b5f36e80b5f3b is an unknown value
 x6=0xe80b5f3100000000 is an unknown value
 x7=0xe80b5f27e80b5f2c is an unknown value
 x8=0x0 is NULL
 x9=0x0000000000000003 is an unknown value
x10=0x0000000000000101 is an unknown value
x11=0x0000000000003a4c is an unknown value
x12=0x0000000148108000 points into unknown readable memory: 0x000000070e80ab0d | 0d ab 80 0e 07 00 00 00
x13=0x000000000001ffff is an unknown value
x14=0xe80b5efe00000000 is an unknown value
x15=0xe9311d81e80b5f09 is an unknown value
x16=0xe869d3b900000000 is an unknown value
x17=0x00000007411acf4b points into unknown readable memory: 00 00 00 00 00
x18=0x0 is NULL
x19=0x000000000000ff00 is an unknown value
x20=0x0000000118f1b9a0 points into unknown readable memory: 0x0000000108c151f0 | f0 51 c1 08 01 00 00 00
x21=0x00000007411aa570 is an oop: com.android.tools.r8.graph.j1 
{0x00000007411aa570} - klass: 'com/android/tools/r8/graph/j1'
 - ---- fields (total size 10 words):
 - public 'b' 'Lcom/android/tools/r8/graph/u0;' @12  a 'com/android/tools/r8/graph/u0'{0x000000071b6009a8} (e36c0135)
 - public final 'd' 'Z' @16  false
 - public 'e' 'Lcom/android/tools/r8/androidapi/f;' @20  a 'com/android/tools/r8/androidapi/f$a'{0x00000007229c82e8} (e453905d)
 - public final 'f' 'Lcom/android/tools/r8/graph/w2;' @24  a 'com/android/tools/r8/graph/B2'{0x000000071c40d4a0} (e3881a94)
 - public final 'h' 'Z' @17  false
 - public 't' 'Z' @18  false
 - public final 'g' 'Lcom/android/tools/r8/graph/O4;' @28  a 'com/android/tools/r8/graph/O4'{0x00000007411aa5c0} (e82354b8)
 - public 'i' 'Lcom/android/tools/r8/graph/C5;' @32  a 'com/android/tools/r8/graph/C5'{0x000000071b601240} (e36c0248)
 - public 'j' 'Lcom/android/tools/r8/graph/i0;' @36  a 'com/android/tools/r8/internal/ET'{0x00000007411aa5d8} (e82354bb)
 - public 'k' 'Lcom/android/tools/r8/graph/B2;' @40  NULL (0)
 - public 'l' 'Lcom/android/tools/r8/graph/k1;' @44  a 'com/android/tools/r8/graph/k1'{0x000000071b6012f0} (e36c025e)
 - public 'm' 'Lcom/android/tools/r8/internal/HX;' @48  a 'com/android/tools/r8/internal/Kj'{0x000000071b601340} (e36c0268)
 - public 'n' 'Lcom/android/tools/r8/internal/Rb;' @52  a 'com/android/tools/r8/internal/Rb'{0x0000000741180e40} (e82301c8)
 - public 'o' 'Lcom/android/tools/r8/androidapi/f;' @56  a 'com/android/tools/r8/androidapi/f$a'{0x00000007229c82e8} (e453905d)
 - public 'p' 'Lcom/android/tools/r8/kotlin/d0;' @60  a 'com/android/tools/r8/kotlin/a0'{0x000000071b600cc8} (e36c0199)
 - public 'q' 'Lcom/android/tools/r8/graph/G3$g;' @64  a 'com/android/tools/r8/graph/G3$g'{0x000000071b601360} (e36c026c)
 - public 'r' 'Lcom/android/tools/r8/internal/i50;' @68  a 'com/android/tools/r8/internal/g50'{0x000000071bf7c050} (e37ef80a)
 - public 's' 'Lcom/android/tools/r8/internal/fH;' @72  a 'com/android/tools/r8/internal/TG'{0x000000071b601390} (e36c0272)
x22=0x0000000000000010 is an unknown value
x23=0x00000007411ad044 points into unknown readable memory: 7f 1d 31 e9
x24=0x00000007411aa570 is an oop: com.android.tools.r8.graph.j1 
{0x00000007411aa570} - klass: 'com/android/tools/r8/graph/j1'
 - ---- fields (total size 10 words):
 - public 'b' 'Lcom/android/tools/r8/graph/u0;' @12  a 'com/android/tools/r8/graph/u0'{0x000000071b6009a8} (e36c0135)
 - public final 'd' 'Z' @16  false
 - public 'e' 'Lcom/android/tools/r8/androidapi/f;' @20  a 'com/android/tools/r8/androidapi/f$a'{0x00000007229c82e8} (e453905d)
 - public final 'f' 'Lcom/android/tools/r8/graph/w2;' @24  a 'com/android/tools/r8/graph/B2'{0x000000071c40d4a0} (e3881a94)
 - public final 'h' 'Z' @17  false
 - public 't' 'Z' @18  false
 - public final 'g' 'Lcom/android/tools/r8/graph/O4;' @28  a 'com/android/tools/r8/graph/O4'{0x00000007411aa5c0} (e82354b8)
 - public 'i' 'Lcom/android/tools/r8/graph/C5;' @32  a 'com/android/tools/r8/graph/C5'{0x000000071b601240} (e36c0248)
 - public 'j' 'Lcom/android/tools/r8/graph/i0;' @36  a 'com/android/tools/r8/internal/ET'{0x00000007411aa5d8} (e82354bb)
 - public 'k' 'Lcom/android/tools/r8/graph/B2;' @40  NULL (0)
 - public 'l' 'Lcom/android/tools/r8/graph/k1;' @44  a 'com/android/tools/r8/graph/k1'{0x000000071b6012f0} (e36c025e)
 - public 'm' 'Lcom/android/tools/r8/internal/HX;' @48  a 'com/android/tools/r8/internal/Kj'{0x000000071b601340} (e36c0268)
 - public 'n' 'Lcom/android/tools/r8/internal/Rb;' @52  a 'com/android/tools/r8/internal/Rb'{0x0000000741180e40} (e82301c8)
 - public 'o' 'Lcom/android/tools/r8/androidapi/f;' @56  a 'com/android/tools/r8/androidapi/f$a'{0x00000007229c82e8} (e453905d)
 - public 'p' 'Lcom/android/tools/r8/kotlin/d0;' @60  a 'com/android/tools/r8/kotlin/a0'{0x000000071b600cc8} (e36c0199)
 - public 'q' 'Lcom/android/tools/r8/graph/G3$g;' @64  a 'com/android/tools/r8/graph/G3$g'{0x000000071b601360} (e36c026c)
 - public 'r' 'Lcom/android/tools/r8/internal/i50;' @68  a 'com/android/tools/r8/internal/g50'{0x000000071bf7c050} (e37ef80a)
 - public 's' 'Lcom/android/tools/r8/internal/fH;' @72  a 'com/android/tools/r8/internal/TG'{0x000000071b601390} (e36c0272)
x25=0x0000000108c3a908: _ZN14CompressedOops11_narrow_oopE+0 in /Library/Java/JavaVirtualMachines/temurin-17.jdk/Contents/Home/lib/server/libjvm.dylib at 0x0000000108018000
x26=0x00000007411aa569 points into unknown readable memory: 59 23 e8 5f fe 00 e0
x27=0x000000000001fffe is an unknown value
x28=0x0000000000000040 is an unknown value


Top of Stack: (sp=0x000000017180eb90)
0x000000017180eb90:   000000017180ec00 0000000118f1b9b8
0x000000017180eba0:   0000004000000240 0000000118f1bb20
0x000000017180ebb0:   000000000000018b 0000000110cff451
0x000000017180ebc0:   0000000000000000 00000085373f7479
0x000000017180ebd0:   0000000118f1b9a0 000000073168a020
0x000000017180ebe0:   0000000000000009 0000000118e108a0
0x000000017180ebf0:   0000000000000010 0000000110cff450
0x000000017180ec00:   000000017180ecf0 00000001083bec3c
0x000000017180ec10:   00000000000083b0 0000000323c2c3e8
0x000000017180ec20:   0000000323c25bc0 0000000323c24400
0x000000017180ec30:   0000000128ef1a00 000000017180ed58
0x000000017180ec40:   000000000018b440 fffffffeef300bbf
0x000000017180ec50:   0000000110cff480 0000000000000000
0x000000017180ec60:   0000000000000000 0000000100000000
0x000000017180ec70:   0000000128e2bb01 0000000000000000
0x000000017180ec80:   0000000108c15500 0000000000000000
0x000000017180ec90:   0000000119009600 0000000118f1b9a0
0x000000017180eca0:   000000000000002b 0000000119009600
0x000000017180ecb0:   0000000118e108a0 0000000108aed64a
0x000000017180ecc0:   0000000108ae89c8 0000000108aed5c3
0x000000017180ecd0:   0000000118e10850 000000000000002b
0x000000017180ece0:   000000017180ed58 000000012a6684c0
0x000000017180ecf0:   000000017180ed40 00000001083be724
0x000000017180ed00:   0000000118f1b9a0 00000085373de003
0x000000017180ed10:   0000000000000000 000000017180edb0
0x000000017180ed20:   000000017180edc0 0000000000000000
0x000000017180ed30:   000000000000000f 0000000000000001
0x000000017180ed40:   000000017180ee30 00000001083bd430
0x000000017180ed50:   0000001308c14ad0 0000000108c154e8
0x000000017180ed60:   0000000000000001 0000000119009600
0x000000017180ed70:   0000000118e0f340 0000000118e10930
0x000000017180ed80:   0000000118f1b9a0 0000000118e108a0 

Instructions: (pc=0x00000001083b3074)
0x00000001083b2f74:   5c 13 40 f9 dc 01 00 b4 89 03 08 91 88 03 41 f9
0x00000001083b2f84:   1f 01 09 eb 21 03 00 54 00 43 80 52 a1 00 80 52
0x00000001083b2f94:   02 00 80 52 69 9d f5 97 60 00 00 b4 00 00 01 f9
0x00000001083b2fa4:   1f 08 01 f9 1c 04 01 f9 0a 00 00 14 00 43 80 52
0x00000001083b2fb4:   a1 00 80 52 02 00 80 52 60 9d f5 97 a0 00 00 b4
0x00000001083b2fc4:   00 00 01 f9 08 20 08 91 00 e4 00 6f 00 01 80 3d
0x00000001083b2fd4:   40 13 00 f9 48 03 40 f9 08 61 08 91 48 03 00 f9
0x00000001083b2fe4:   08 00 41 f9 fc 03 00 aa 15 01 00 f9 88 03 41 f9
0x00000001083b2ff4:   08 21 00 91 88 03 01 f9 fc 17 40 b9 88 a2 41 b9
0x00000001083b3004:   1f 05 00 71 80 f1 ff 54 7f 1e 00 72 40 f1 ff 54
0x00000001083b3014:   93 ce 40 f9 68 32 40 f9 08 a5 43 a9 29 25 58 8b
0x00000001083b3024:   6a da 40 f9 3a 01 08 cb 5f 01 1a eb 40 f0 ff 54
0x00000001083b3034:   60 62 00 91 01 01 1a 8b c2 22 00 94 7a da 00 f9
0x00000001083b3044:   7d ff ff 17 ea fe 5f b8 28 03 40 f9 29 0b 40 b9
0x00000001083b3054:   4a 21 c9 9a 42 01 08 8b 8a 06 40 f9 4b b1 45 b9
0x00000001083b3064:   4b 24 cb 9a 4a d1 42 f9 4a 79 eb 78 2a db ff 37
0x00000001083b3074:   43 00 40 f9 eb 03 23 2a 7f 05 40 f2 c1 03 00 54
0x00000001083b3084:   ea 45 00 90 4a c5 10 91 4a 01 40 39 6b 08 40 92
0x00000001083b3094:   7f 15 00 f1 44 09 40 7a 6a f4 7e 92 e0 13 8a 9a
0x00000001083b30a4:   1a 00 00 14 e2 02 40 f9 88 06 40 f9 09 b1 45 b9
0x00000001083b30b4:   49 24 c9 9a 08 d1 42 f9 08 79 e9 78 a8 d8 ff 37
0x00000001083b30c4:   43 00 40 f9 e9 03 23 2a 3f 05 40 f2 21 05 00 54
0x00000001083b30d4:   e8 45 00 90 08 c5 10 91 08 01 40 39 69 08 40 92
0x00000001083b30e4:   3f 15 00 f1 04 09 40 7a 68 f4 7e 92 e0 13 88 9a
0x00000001083b30f4:   23 00 00 14 41 3d 40 92 e0 03 14 aa d3 02 00 94
0x00000001083b3104:   28 03 40 f9 29 0b 40 b9 08 00 08 cb 08 25 c9 9a
0x00000001083b3114:   e8 02 00 b9 08 00 17 ca e9 45 00 90 29 01 20 91
0x00000001083b3124:   29 01 40 b9 08 25 c9 9a 88 03 00 b5 a9 fe ff 17
0x00000001083b3134:   09 0d 09 8b 0b 0d 0b 8b 0a 0d 0a 8b 3f 01 08 eb
0x00000001083b3144:   37 81 88 9a 5f 01 0b eb 73 81 8a 9a ff 02 13 eb
0x00000001083b3154:   02 d4 ff 54 e0 0f 40 f9 e1 03 17 aa 6c 05 00 94
0x00000001083b3164:   f7 22 00 91 ff 02 13 eb 63 ff ff 54 99 fe ff 17 


Stack slot to memory mapping:
stack at sp + 0 slots: 0x000000017180ec00 points into unknown readable memory: 0x000000017180ecf0 | f0 ec 80 71 01 00 00 00
stack at sp + 1 slots: 0x0000000118f1b9b8 points into unknown readable memory: 0x0000000108c153f8 | f8 53 c1 08 01 00 00 00
stack at sp + 2 slots: 0x0000004000000240 is an unknown value
stack at sp + 3 slots: 0x0000000118f1bb20 points into unknown readable memory: 0x0000000108c15210 | 10 52 c1 08 01 00 00 00
stack at sp + 4 slots: 0x000000000000018b is an unknown value
stack at sp + 5 slots: 0x0000000110cff451 points into unknown readable memory: ff ff ff ff ff ff ff
stack at sp + 6 slots: 0x0 is NULL
stack at sp + 7 slots: 0x00000085373f7479 is an unknown value


---------------  P R O C E S S  ---------------

Threads class SMR info:
_java_thread_list=0x0000000319a81d40, length=147, elements={
0x0000000119008a00, 0x000000012a81b000, 0x0000000129809400, 0x00000001190d6600,
0x000000012a81dc00, 0x000000012a81e200, 0x000000012a81e800, 0x000000012a81ee00,
0x000000012a81f400, 0x0000000129809a00, 0x000000012a824600, 0x00000001293dd800,
0x0000000119370800, 0x00000001291b4c00, 0x000000012acc7000, 0x000000012accac00,
0x0000000129fbd600, 0x0000000129fe0e00, 0x0000000129fbf000, 0x00000001471e1600,
0x000000012af51800, 0x00000001298ae400, 0x000000012ae31400, 0x00000001294c8000,
0x00000001294d0400, 0x00000001294eee00, 0x000000012ace0c00, 0x0000000147bf0c00,
0x0000000168559400, 0x0000000129c83e00, 0x000000012802a400, 0x000000012802aa00,
0x0000000168ff9800, 0x0000000168419e00, 0x000000016841a400, 0x0000000129fea000,
0x000000014762da00, 0x000000014754b200, 0x0000000129645200, 0x0000000315445a00,
0x0000000128226600, 0x0000000314d08600, 0x0000000119388000, 0x00000001191ac000,
0x000000032b2d9000, 0x000000032b68da00, 0x0000000128023400, 0x000000012802b600,
0x0000000119009000, 0x000000032b584c00, 0x000000012928ec00, 0x0000000129876200,
0x000000012ac36600, 0x0000000168181400, 0x0000000168dd6a00, 0x0000000323913c00,
0x0000000323fdd200, 0x0000000147564200, 0x000000032b585200, 0x000000032b25ae00,
0x000000032b25b400, 0x000000032b5dec00, 0x000000014728de00, 0x00000001688ea200,
0x000000014754ac00, 0x00000001688cb400, 0x00000001475b1600, 0x0000000147e5fe00,
0x000000032b5df200, 0x0000000119574e00, 0x000000012adb3200, 0x0000000168131c00,
0x0000000315b7d200, 0x00000003159c1000, 0x0000000315ea9e00, 0x0000000314d45200,
0x000000012f23b600, 0x0000000315849c00, 0x00000001474f1800, 0x000000016815f200,
0x0000000129ff5400, 0x000000012ad62e00, 0x0000000315f22600, 0x0000000315f22c00,
0x00000003159dd000, 0x0000000129ff1000, 0x000000014728c400, 0x00000001180bfc00,
0x00000001180a0200, 0x0000000314cf1600, 0x0000000314cee400, 0x0000000314ceea00,
0x000000031494ca00, 0x0000000323be1000, 0x00000003159dd600, 0x00000001471e9200,
0x0000000147fc4a00, 0x0000000323d23800, 0x0000000323cc5200, 0x0000000323cda200,
0x0000000147a7fe00, 0x0000000323cc6400, 0x00000001688e0400, 0x0000000147c29e00,
0x0000000323cd4200, 0x0000000147efe600, 0x000000032b236e00, 0x000000032b237400,
0x000000032b2be800, 0x000000032b2bee00, 0x000000031544ac00, 0x0000000168dcc800,
0x000000012ad68e00, 0x0000000129fb1000, 0x000000012a8a5200, 0x000000032b0a0200,
0x000000032b0a0e00, 0x000000032b49be00, 0x000000012859c400, 0x0000000128558e00,
0x000000012f904600, 0x000000016820a200, 0x000000016816fa00, 0x000000012ad1ee00,
0x000000032b0cb600, 0x0000000168063e00, 0x000000012ad20200, 0x000000012aff3200,
0x000000016866ac00, 0x00000001681ec400, 0x000000016866b200, 0x000000012a8c0c00,
0x000000032b0c4c00, 0x0000000129fb8e00, 0x000000012a8c1200, 0x0000000129fb9400,
0x000000012ad61600, 0x000000012ad61c00, 0x0000000129f93000, 0x0000000168ff9e00,
0x000000014775be00, 0x000000014729d000, 0x000000032b0ad200, 0x000000032b0cbc00,
0x000000032b0ad800, 0x000000032b0a2e00, 0x000000032b0a3400
}

Java Threads: ( => current thread )
  0x0000000119008a00 JavaThread "main" [_thread_blocked, id=5123, stack(0x000000016d168000,0x000000016d36b000)]
  0x000000012a81b000 JavaThread "Reference Handler" daemon [_thread_blocked, id=30979, stack(0x000000016dfbc000,0x000000016e1bf000)]
  0x0000000129809400 JavaThread "Finalizer" daemon [_thread_blocked, id=22787, stack(0x000000016e1c8000,0x000000016e3cb000)]
  0x00000001190d6600 JavaThread "Signal Dispatcher" daemon [_thread_blocked, id=29187, stack(0x000000016e4ec000,0x000000016e6ef000)]
  0x000000012a81dc00 JavaThread "Service Thread" daemon [_thread_blocked, id=25091, stack(0x000000016e6f8000,0x000000016e8fb000)]
  0x000000012a81e200 JavaThread "Monitor Deflation Thread" daemon [_thread_blocked, id=25347, stack(0x000000016e904000,0x000000016eb07000)]
  0x000000012a81e800 JavaThread "C2 CompilerThread0" daemon [_thread_blocked, id=25603, stack(0x000000016eb10000,0x000000016ed13000)]
  0x000000012a81ee00 JavaThread "C1 CompilerThread0" daemon [_thread_blocked, id=26115, stack(0x000000016ed1c000,0x000000016ef1f000)]
  0x000000012a81f400 JavaThread "Sweeper thread" daemon [_thread_blocked, id=26627, stack(0x000000016ef28000,0x000000016f12b000)]
  0x0000000129809a00 JavaThread "Common-Cleaner" daemon [_thread_blocked, id=28163, stack(0x000000016f134000,0x000000016f337000)]
  0x000000012a824600 JavaThread "Notification Thread" daemon [_thread_blocked, id=27907, stack(0x000000016f340000,0x000000016f543000)]
  0x00000001293dd800 JavaThread "Daemon health stats" [_thread_blocked, id=33539, stack(0x0000000170194000,0x0000000170397000)]
  0x0000000119370800 JavaThread "Incoming local TCP Connector on port 65172" [_thread_in_native, id=41219, stack(0x00000001703a0000,0x00000001705a3000)]
  0x00000001291b4c00 JavaThread "Daemon periodic checks" [_thread_blocked, id=34051, stack(0x00000001705ac000,0x00000001707af000)]
  0x000000012acc7000 JavaThread "Cache worker for journal cache (/Users/ekim/.gradle/caches/journal-1)" [_thread_blocked, id=36099, stack(0x0000000171a24000,0x0000000171c27000)]
  0x000000012accac00 JavaThread "File lock request listener" [_thread_in_native, id=36355, stack(0x0000000171c30000,0x0000000171e33000)]
  0x0000000129fbd600 JavaThread "Cache worker for file hash cache (/Users/ekim/.gradle/caches/8.14/fileHashes)" [_thread_blocked, id=36867, stack(0x0000000171e3c000,0x000000017203f000)]
  0x0000000129fe0e00 JavaThread "File watcher server" daemon [_thread_in_native, id=64771, stack(0x000000017266c000,0x000000017286f000)]
  0x0000000129fbf000 JavaThread "File watcher consumer" daemon [_thread_blocked, id=64515, stack(0x0000000172878000,0x0000000172a7b000)]
  0x00000001471e1600 JavaThread "jar transforms" [_thread_blocked, id=64259, stack(0x0000000172a84000,0x0000000172c87000)]
  0x000000012af51800 JavaThread "Cache worker for file content cache (/Users/ekim/.gradle/caches/8.14/fileContent)" [_thread_blocked, id=44803, stack(0x0000000172e9c000,0x000000017309f000)]
  0x00000001298ae400 JavaThread "Memory manager" [_thread_blocked, id=57859, stack(0x00000001761c8000,0x00000001763cb000)]
  0x000000012ae31400 JavaThread "jar transforms Thread 2" [_thread_blocked, id=30215, stack(0x000000031141c000,0x000000031161f000)]
  0x00000001294c8000 JavaThread "jar transforms Thread 3" [_thread_blocked, id=88579, stack(0x0000000311628000,0x000000031182b000)]
  0x00000001294d0400 JavaThread "jar transforms Thread 4" [_thread_blocked, id=89091, stack(0x0000000311834000,0x0000000311a37000)]
  0x00000001294eee00 JavaThread "jar transforms Thread 5" [_thread_blocked, id=129795, stack(0x0000000311a40000,0x0000000311c43000)]
  0x000000012ace0c00 JavaThread "jar transforms Thread 6" [_thread_blocked, id=90115, stack(0x0000000311e58000,0x000000031205b000)]
  0x0000000147bf0c00 JavaThread "jar transforms Thread 7" [_thread_blocked, id=128771, stack(0x0000000312270000,0x0000000312473000)]
  0x0000000168559400 JavaThread "jar transforms Thread 8" [_thread_blocked, id=93955, stack(0x0000000314330000,0x0000000314533000)]
  0x0000000129c83e00 JavaThread "process reaper (pid 58160)" daemon [_thread_in_native, id=99843, stack(0x000000016e3d4000,0x000000016e40b000)]
  0x000000012802a400 JavaThread "RMI Scheduler(0)" daemon [_thread_blocked, id=118539, stack(0x0000000318958000,0x0000000318b5b000)]
  0x000000012802aa00 JavaThread "RMI GC Daemon" daemon [_thread_blocked, id=111107, stack(0x000000031b454000,0x000000031b657000)]
  0x0000000168ff9800 JavaThread "RMI TCP Accept-0" daemon [_thread_in_native, id=110851, stack(0x000000031b660000,0x000000031b863000)]
  0x0000000168419e00 JavaThread "RMI Reaper" [_thread_blocked, id=106755, stack(0x000000031b86c000,0x000000031ba6f000)]
  0x000000016841a400 JavaThread "Cache worker for Java compile cache (/Users/ekim/.gradle/caches/8.14/javaCompile)" [_thread_blocked, id=107011, stack(0x000000031be10000,0x000000031c013000)]
  0x0000000129fea000 JavaThread "AppKit Thread" daemon [_thread_in_native, id=259, stack(0x000000016c8e0000,0x000000016d0dc000)]
  0x000000014762da00 JavaThread "DefaultDispatcher-worker-1" daemon [_thread_blocked, id=172803, stack(0x0000000322004000,0x0000000322207000)]
  0x000000014754b200 JavaThread "DefaultDispatcher-worker-2" daemon [_thread_blocked, id=133891, stack(0x0000000322210000,0x0000000322413000)]
  0x0000000129645200 JavaThread "DefaultDispatcher-worker-3" daemon [_thread_blocked, id=172547, stack(0x000000032241c000,0x000000032261f000)]
  0x0000000315445a00 JavaThread "Periodic tasks thread" daemon [_thread_blocked, id=133127, stack(0x000000031da28000,0x000000031dc2b000)]
  0x0000000128226600 JavaThread "ApplicationImpl pooled thread 1" [_thread_blocked, id=173323, stack(0x000000031dc34000,0x000000031de37000)]
  0x0000000314d08600 JavaThread "ForkJoinPool.commonPool-worker-3" daemon [_thread_blocked, id=138755, stack(0x0000000325b04000,0x0000000325d07000)]
  0x0000000119388000 JavaThread "Daemon Thread 2" [_thread_blocked, id=134667, stack(0x00000001707b8000,0x00000001709bb000)]
  0x00000001191ac000 JavaThread "Handler for socket connection from /127.0.0.1:65172 to /127.0.0.1:49274" [_thread_in_native, id=100363, stack(0x00000001709c4000,0x0000000170bc7000)]
  0x000000032b2d9000 JavaThread "Cancel handler" [_thread_blocked, id=170507, stack(0x0000000170bd0000,0x0000000170dd3000)]
  0x000000032b68da00 JavaThread "Daemon worker Thread 2" [_thread_blocked, id=101387, stack(0x0000000170ddc000,0x0000000170fdf000)]
  0x0000000128023400 JavaThread "Asynchronous log dispatcher for DefaultDaemonConnection: socket connection from /127.0.0.1:65172 to /127.0.0.1:49274" [_thread_blocked, id=110347, stack(0x0000000170fe8000,0x00000001711eb000)]
  0x000000012802b600 JavaThread "Stdin handler" [_thread_blocked, id=39435, stack(0x00000001711f4000,0x00000001713f7000)]
  0x0000000119009000 JavaThread "Daemon client event forwarder" [_thread_blocked, id=40711, stack(0x0000000171400000,0x0000000171603000)]
  0x000000032b584c00 JavaThread "Cache worker for file hash cache (/Volumes/LG External HDD/Projects/EKIM/world_movie_trailer/android/.gradle/8.14/fileHashes)" [_thread_blocked, id=34567, stack(0x0000000172048000,0x000000017224b000)]
  0x000000012928ec00 JavaThread "Cache worker for Build Output Cleanup Cache (/Volumes/LG External HDD/Projects/EKIM/world_movie_trailer/android/.gradle/buildOutputCleanup)" [_thread_blocked, id=46343, stack(0x0000000172254000,0x0000000172457000)]
  0x0000000129876200 JavaThread "Cache worker for checksums cache (/Volumes/LG External HDD/Projects/EKIM/world_movie_trailer/android/.gradle/8.14/checksums)" [_thread_blocked, id=95751, stack(0x0000000172c90000,0x0000000172e93000)]
  0x000000012ac36600 JavaThread "Cache worker for cache directory md-supplier (/Users/ekim/.gradle/caches/8.14/md-supplier)" [_thread_blocked, id=52487, stack(0x00000001730a8000,0x00000001732ab000)]
  0x0000000168181400 JavaThread "Cache worker for cache directory md-rule (/Users/ekim/.gradle/caches/8.14/md-rule)" [_thread_blocked, id=117515, stack(0x00000001732b4000,0x00000001734b7000)]
  0x0000000168dd6a00 JavaThread "Cache worker for Build Output Cleanup Cache (/opt/homebrew/share/flutter/packages/flutter_tools/gradle/.gradle/buildOutputCleanup)" [_thread_blocked, id=119307, stack(0x00000001734c0000,0x00000001736c3000)]
  0x0000000323913c00 JavaThread "Unconstrained build operations" [_thread_blocked, id=98315, stack(0x0000000174004000,0x0000000174207000)]
  0x0000000323fdd200 JavaThread "Unconstrained build operations Thread 2" [_thread_blocked, id=39943, stack(0x0000000174210000,0x0000000174413000)]
  0x0000000147564200 JavaThread "Unconstrained build operations Thread 3" [_thread_blocked, id=39687, stack(0x000000017441c000,0x000000017461f000)]
  0x000000032b585200 JavaThread "Unconstrained build operations Thread 4" [_thread_blocked, id=35335, stack(0x0000000174628000,0x000000017482b000)]
  0x000000032b25ae00 JavaThread "Unconstrained build operations Thread 5" [_thread_blocked, id=35591, stack(0x0000000174834000,0x0000000174a37000)]
  0x000000032b25b400 JavaThread "Unconstrained build operations Thread 6" [_thread_blocked, id=108295, stack(0x0000000174a40000,0x0000000174c43000)]
  0x000000032b5dec00 JavaThread "Unconstrained build operations Thread 7" [_thread_blocked, id=108551, stack(0x0000000174c4c000,0x0000000174e4f000)]
  0x000000014728de00 JavaThread "Unconstrained build operations Thread 8" [_thread_blocked, id=108807, stack(0x0000000174e58000,0x000000017505b000)]
  0x00000001688ea200 JavaThread "Unconstrained build operations Thread 9" [_thread_blocked, id=107271, stack(0x0000000175064000,0x0000000175267000)]
  0x000000014754ac00 JavaThread "Unconstrained build operations Thread 10" [_thread_blocked, id=131847, stack(0x0000000175270000,0x0000000175473000)]
  0x00000001688cb400 JavaThread "Unconstrained build operations Thread 11" [_thread_blocked, id=107527, stack(0x000000017547c000,0x000000017567f000)]
  0x00000001475b1600 JavaThread "Unconstrained build operations Thread 12" [_thread_blocked, id=131335, stack(0x0000000175688000,0x000000017588b000)]
  0x0000000147e5fe00 JavaThread "Unconstrained build operations Thread 13" [_thread_blocked, id=93703, stack(0x0000000175894000,0x0000000175a97000)]
  0x000000032b5df200 JavaThread "Unconstrained build operations Thread 14" [_thread_blocked, id=91399, stack(0x0000000175aa0000,0x0000000175ca3000)]
  0x0000000119574e00 JavaThread "build event listener" [_thread_blocked, id=66823, stack(0x0000000175cac000,0x0000000175eaf000)]
  0x000000012adb3200 JavaThread "included builds" [_thread_blocked, id=49671, stack(0x0000000175eb8000,0x00000001760bb000)]
  0x0000000168131c00 JavaThread "Execution worker" [_thread_blocked, id=127239, stack(0x00000001763d4000,0x00000001765d7000)]
  0x0000000315b7d200 JavaThread "Execution worker Thread 2" [_thread_blocked, id=50439, stack(0x00000001765e0000,0x00000001767e3000)]
  0x00000003159c1000 JavaThread "Execution worker Thread 3" [_thread_blocked, id=50695, stack(0x00000001767ec000,0x00000001769ef000)]
  0x0000000315ea9e00 JavaThread "Execution worker Thread 4" [_thread_blocked, id=70919, stack(0x00000001769f8000,0x0000000176bfb000)]
  0x0000000314d45200 JavaThread "Execution worker Thread 5" [_thread_blocked, id=49159, stack(0x0000000176c04000,0x0000000176e07000)]
  0x000000012f23b600 JavaThread "Execution worker Thread 6" [_thread_blocked, id=59399, stack(0x0000000176e10000,0x0000000177013000)]
  0x0000000315849c00 JavaThread "Execution worker Thread 7" [_thread_blocked, id=72455, stack(0x000000017701c000,0x000000017721f000)]
  0x00000001474f1800 JavaThread "Cache worker for execution history cache (/opt/homebrew/share/flutter/packages/flutter_tools/gradle/.gradle/8.14/executionHistory)" [_thread_blocked, id=86535, stack(0x0000000177228000,0x000000017742b000)]
  0x000000016815f200 JavaThread "Unconstrained build operations Thread 15" [_thread_blocked, id=58887, stack(0x0000000177434000,0x0000000177637000)]
  0x0000000129ff5400 JavaThread "Unconstrained build operations Thread 16" [_thread_blocked, id=70151, stack(0x0000000177640000,0x0000000177843000)]
  0x000000012ad62e00 JavaThread "Unconstrained build operations Thread 17" [_thread_blocked, id=51207, stack(0x000000017784c000,0x0000000177a4f000)]
  0x0000000315f22600 JavaThread "Unconstrained build operations Thread 18" [_thread_blocked, id=70663, stack(0x0000000177a58000,0x0000000177c5b000)]
  0x0000000315f22c00 JavaThread "Unconstrained build operations Thread 19" [_thread_blocked, id=126727, stack(0x0000000177c64000,0x0000000177e67000)]
  0x00000003159dd000 JavaThread "Unconstrained build operations Thread 20" [_thread_blocked, id=77831, stack(0x0000000308004000,0x0000000308207000)]
  0x0000000129ff1000 JavaThread "Unconstrained build operations Thread 21" [_thread_blocked, id=87303, stack(0x0000000308210000,0x0000000308413000)]
  0x000000014728c400 JavaThread "Unconstrained build operations Thread 22" [_thread_blocked, id=85511, stack(0x000000030841c000,0x000000030861f000)]
  0x00000001180bfc00 JavaThread "Unconstrained build operations Thread 23" [_thread_blocked, id=68103, stack(0x0000000308628000,0x000000030882b000)]
  0x00000001180a0200 JavaThread "Unconstrained build operations Thread 24" [_thread_blocked, id=87559, stack(0x0000000308834000,0x0000000308a37000)]
  0x0000000314cf1600 JavaThread "Unconstrained build operations Thread 25" [_thread_blocked, id=71431, stack(0x0000000308a40000,0x0000000308c43000)]
  0x0000000314cee400 JavaThread "Unconstrained build operations Thread 26" [_thread_blocked, id=68871, stack(0x0000000308c4c000,0x0000000308e4f000)]
  0x0000000314ceea00 JavaThread "Unconstrained build operations Thread 27" [_thread_blocked, id=61703, stack(0x0000000308e58000,0x000000030905b000)]
  0x000000031494ca00 JavaThread "Unconstrained build operations Thread 28" [_thread_blocked, id=88071, stack(0x0000000309064000,0x0000000309267000)]
  0x0000000323be1000 JavaThread "Unconstrained build operations Thread 29" [_thread_blocked, id=73479, stack(0x0000000309270000,0x0000000309473000)]
  0x00000003159dd600 JavaThread "Unconstrained build operations Thread 30" [_thread_blocked, id=78343, stack(0x000000030947c000,0x000000030967f000)]
  0x00000001471e9200 JavaThread "Unconstrained build operations Thread 31" [_thread_blocked, id=84743, stack(0x0000000309688000,0x000000030988b000)]
  0x0000000147fc4a00 JavaThread "Unconstrained build operations Thread 32" [_thread_blocked, id=84487, stack(0x0000000309894000,0x0000000309a97000)]
  0x0000000323d23800 JavaThread "Unconstrained build operations Thread 33" [_thread_blocked, id=51719, stack(0x0000000309aa0000,0x0000000309ca3000)]
  0x0000000323cc5200 JavaThread "Unconstrained build operations Thread 34" [_thread_blocked, id=91655, stack(0x0000000309cac000,0x0000000309eaf000)]
  0x0000000323cda200 JavaThread "Unconstrained build operations Thread 35" [_thread_blocked, id=124423, stack(0x0000000309eb8000,0x000000030a0bb000)]
  0x0000000147a7fe00 JavaThread "Unconstrained build operations Thread 36" [_thread_blocked, id=66311, stack(0x000000030a0c4000,0x000000030a2c7000)]
  0x0000000323cc6400 JavaThread "Unconstrained build operations Thread 37" [_thread_blocked, id=76039, stack(0x000000030a2d0000,0x000000030a4d3000)]
  0x00000001688e0400 JavaThread "Unconstrained build operations Thread 38" [_thread_blocked, id=68359, stack(0x000000030a4dc000,0x000000030a6df000)]
  0x0000000147c29e00 JavaThread "Unconstrained build operations Thread 39" [_thread_blocked, id=82951, stack(0x000000030a6e8000,0x000000030a8eb000)]
  0x0000000323cd4200 JavaThread "Unconstrained build operations Thread 40" [_thread_blocked, id=78087, stack(0x000000030a8f4000,0x000000030aaf7000)]
  0x0000000147efe600 JavaThread "Unconstrained build operations Thread 41" [_thread_blocked, id=79111, stack(0x000000030ab00000,0x000000030ad03000)]
  0x000000032b236e00 JavaThread "Unconstrained build operations Thread 42" [_thread_blocked, id=84999, stack(0x000000030ad0c000,0x000000030af0f000)]
  0x000000032b237400 JavaThread "Unconstrained build operations Thread 43" [_thread_blocked, id=90887, stack(0x000000030af18000,0x000000030b11b000)]
  0x000000032b2be800 JavaThread "Unconstrained build operations Thread 44" [_thread_blocked, id=61447, stack(0x000000030b124000,0x000000030b327000)]
  0x000000032b2bee00 JavaThread "build event listener" [_thread_blocked, id=80647, stack(0x000000030b330000,0x000000030b533000)]
  0x000000031544ac00 JavaThread "Problems report writer" [_thread_blocked, id=128007, stack(0x000000030b53c000,0x000000030b73f000)]
  0x0000000168dcc800 JavaThread "Unconstrained build operations Thread 45" [_thread_blocked, id=58119, stack(0x000000030b748000,0x000000030b94b000)]
  0x000000012ad68e00 JavaThread "Unconstrained build operations Thread 46" [_thread_blocked, id=76807, stack(0x000000030b954000,0x000000030bb57000)]
  0x0000000129fb1000 JavaThread "Unconstrained build operations Thread 47" [_thread_blocked, id=130311, stack(0x000000030bb60000,0x000000030bd63000)]
  0x000000012a8a5200 JavaThread "Unconstrained build operations Thread 48" [_thread_blocked, id=77063, stack(0x000000030bd6c000,0x000000030bf6f000)]
  0x000000032b0a0200 JavaThread "Unconstrained build operations Thread 49" [_thread_blocked, id=81159, stack(0x000000030bf78000,0x000000030c17b000)]
  0x000000032b0a0e00 JavaThread "Unconstrained build operations Thread 50" [_thread_blocked, id=49415, stack(0x000000030c184000,0x000000030c387000)]
  0x000000032b49be00 JavaThread "Unconstrained build operations Thread 51" [_thread_blocked, id=73991, stack(0x000000030c390000,0x000000030c593000)]
  0x000000012859c400 JavaThread "Unconstrained build operations Thread 52" [_thread_blocked, id=72711, stack(0x000000030c59c000,0x000000030c79f000)]
  0x0000000128558e00 JavaThread "Unconstrained build operations Thread 53" [_thread_blocked, id=85767, stack(0x000000030c7a8000,0x000000030c9ab000)]
  0x000000012f904600 JavaThread "Unconstrained build operations Thread 54" [_thread_blocked, id=80135, stack(0x000000030c9b4000,0x000000030cbb7000)]
  0x000000016820a200 JavaThread "Unconstrained build operations Thread 55" [_thread_blocked, id=81927, stack(0x000000030cbc0000,0x000000030cdc3000)]
  0x000000016816fa00 JavaThread "Unconstrained build operations Thread 56" [_thread_blocked, id=67335, stack(0x000000030cdcc000,0x000000030cfcf000)]
  0x000000012ad1ee00 JavaThread "Unconstrained build operations Thread 57" [_thread_blocked, id=58631, stack(0x0000000311004000,0x0000000311207000)]
  0x000000032b0cb600 JavaThread "Unconstrained build operations Thread 58" [_thread_blocked, id=58375, stack(0x0000000311210000,0x0000000311413000)]
  0x0000000168063e00 JavaThread "Unconstrained build operations Thread 59" [_thread_blocked, id=67847, stack(0x0000000311c4c000,0x0000000311e4f000)]
  0x000000012ad20200 JavaThread "Unconstrained build operations Thread 60" [_thread_blocked, id=92935, stack(0x0000000312064000,0x0000000312267000)]
  0x000000012aff3200 JavaThread "Unconstrained build operations Thread 61" [_thread_blocked, id=74503, stack(0x000000031247c000,0x000000031267f000)]
  0x000000016866ac00 JavaThread "Unconstrained build operations Thread 62" [_thread_blocked, id=48135, stack(0x0000000312688000,0x000000031288b000)]
  0x00000001681ec400 JavaThread "Unconstrained build operations Thread 63" [_thread_blocked, id=46855, stack(0x0000000312894000,0x0000000312a97000)]
  0x000000016866b200 JavaThread "Unconstrained build operations Thread 64" [_thread_blocked, id=92423, stack(0x0000000312aa0000,0x0000000312ca3000)]
  0x000000012a8c0c00 JavaThread "Unconstrained build operations Thread 65" [_thread_blocked, id=125959, stack(0x0000000312cac000,0x0000000312eaf000)]
  0x000000032b0c4c00 JavaThread "Unconstrained build operations Thread 66" [_thread_blocked, id=50183, stack(0x0000000312eb8000,0x00000003130bb000)]
  0x0000000129fb8e00 JavaThread "Unconstrained build operations Thread 67" [_thread_blocked, id=69127, stack(0x00000003130c4000,0x00000003132c7000)]
  0x000000012a8c1200 JavaThread "Unconstrained build operations Thread 68" [_thread_blocked, id=62471, stack(0x00000003132d0000,0x00000003134d3000)]
  0x0000000129fb9400 JavaThread "Unconstrained build operations Thread 69" [_thread_blocked, id=75015, stack(0x00000003134dc000,0x00000003136df000)]
  0x000000012ad61600 JavaThread "Unconstrained build operations Thread 70" [_thread_blocked, id=75527, stack(0x00000003136e8000,0x00000003138eb000)]
  0x000000012ad61c00 JavaThread "Unconstrained build operations Thread 71" [_thread_blocked, id=80903, stack(0x00000003138f4000,0x0000000313af7000)]
  0x0000000129f93000 JavaThread "Unconstrained build operations Thread 72" [_thread_blocked, id=71687, stack(0x0000000313b00000,0x0000000313d03000)]
  0x0000000168ff9e00 JavaThread "Unconstrained build operations Thread 73" [_thread_blocked, id=47367, stack(0x0000000313d0c000,0x0000000313f0f000)]
  0x000000014775be00 JavaThread "Unconstrained build operations Thread 74" [_thread_blocked, id=69895, stack(0x0000000313f18000,0x000000031411b000)]
  0x000000014729d000 JavaThread "Unconstrained build operations Thread 75" [_thread_blocked, id=49927, stack(0x0000000314124000,0x0000000314327000)]
  0x000000032b0ad200 JavaThread "Unconstrained build operations Thread 76" [_thread_blocked, id=48903, stack(0x0000000316204000,0x0000000316407000)]
  0x000000032b0cbc00 JavaThread "Unconstrained build operations Thread 77" [_thread_blocked, id=90375, stack(0x0000000316d04000,0x0000000316f07000)]
  0x000000032b0ad800 JavaThread "Unconstrained build operations Thread 78" [_thread_blocked, id=68615, stack(0x0000000317104000,0x0000000317307000)]
  0x000000032b0a2e00 JavaThread "Unconstrained build operations Thread 79" [_thread_blocked, id=69639, stack(0x0000000317310000,0x0000000317513000)]
  0x000000032b0a3400 JavaThread "Unconstrained build operations Thread 80" [_thread_blocked, id=79623, stack(0x000000031751c000,0x000000031771f000)]

Other Threads:
  0x000000012a013130 VMThread "VM Thread" [stack: 0x000000016ddb0000,0x000000016dfb3000] [id=19459]
  0x000000012a0286b0 WatcherThread [stack: 0x000000016f54c000,0x000000016f74f000] [id=27139]
  0x0000000118e10a10 GCTaskThread "GC Thread#0" [stack: 0x000000016d374000,0x000000016d577000] [id=14595]
  0x0000000128e30130 GCTaskThread "GC Thread#1" [stack: 0x000000016f758000,0x000000016f95b000] [id=32771]
  0x0000000128e30a70 GCTaskThread "GC Thread#2" [stack: 0x000000016f964000,0x000000016fb67000] [id=43267]
  0x0000000128f49810 GCTaskThread "GC Thread#3" [stack: 0x000000016fb70000,0x000000016fd73000] [id=42755]
  0x0000000128f4a520 GCTaskThread "GC Thread#4" [stack: 0x000000016fd7c000,0x000000016ff7f000] [id=42243]
  0x000000012a039900 GCTaskThread "GC Thread#5" [stack: 0x000000016ff88000,0x000000017018b000] [id=41731]
=>0x0000000128ef1a70 GCTaskThread "GC Thread#6" [stack: 0x000000017160c000,0x000000017180f000] [id=38659]
  0x0000000128ef2340 GCTaskThread "GC Thread#7" [stack: 0x0000000171818000,0x0000000171a1b000] [id=38147]
  0x0000000118e11850 ConcurrentGCThread "G1 Main Marker" [stack: 0x000000016d580000,0x000000016d783000] [id=14083]
  0x0000000118e125c0 ConcurrentGCThread "G1 Conc#0" [stack: 0x000000016d78c000,0x000000016d98f000] [id=13059]
  0x0000000117ccb250 ConcurrentGCThread "G1 Conc#1" [stack: 0x0000000172460000,0x0000000172663000] [id=43779]
  0x0000000118e2c400 ConcurrentGCThread "G1 Refine#0" [stack: 0x000000016d998000,0x000000016db9b000] [id=21507]
  0x000000012a669950 ConcurrentGCThread "G1 Refine#1" [stack: 0x000000031453c000,0x000000031473f000] [id=123651]
  0x0000000177fcab20 ConcurrentGCThread "G1 Refine#2" [stack: 0x0000000316604000,0x0000000316807000] [id=94211]
  0x0000000107b1aeb0 ConcurrentGCThread "G1 Refine#3" [stack: 0x0000000316810000,0x0000000316a13000] [id=94723]
  0x0000000317a866d0 ConcurrentGCThread "G1 Refine#4" [stack: 0x0000000325064000,0x0000000325267000] [id=137987]
  0x0000000323722e30 ConcurrentGCThread "G1 Refine#5" [stack: 0x0000000325404000,0x0000000325607000] [id=138499]
  0x0000000118f75050 ConcurrentGCThread "G1 Refine#6" [stack: 0x0000000325d10000,0x0000000325f13000] [id=169475]
  0x000000032a0aa1e0 ConcurrentGCThread "G1 Refine#7" [stack: 0x000000032b804000,0x000000032ba07000] [id=140043]
  0x0000000128e12560 ConcurrentGCThread "G1 Service" [stack: 0x000000016dba4000,0x000000016dda7000] [id=20995]

Threads with active compile tasks:
C2 CompilerThread0  572231 60847       4       org.gradle.api.internal.artifacts.transform.AbstractTransformedArtifactSet::visit (104 bytes)

VM state: at safepoint (normal execution)

VM Mutex/Monitor currently owned by a thread:  ([mutex/lock_event])
[0x0000000128e0ecf0] Threads_lock - owner thread: 0x000000012a013130
[0x0000000128e0f6c0] Heap_lock - owner thread: 0x000000032b68da00

Heap address: 0x0000000700000000, size: 4096 MB, Compressed Oops mode: Zero based, Oop shift amount: 3

CDS archive(s) mapped at: [0x0000008800000000-0x0000008800bc0000-0x0000008800bc0000), size 12320768, SharedBaseAddress: 0x0000008800000000, ArchiveRelocationMode: 1.
Compressed class space mapped at: 0x0000008801000000-0x0000008841000000, reserved size: 1073741824
Narrow klass base: 0x0000008800000000, Narrow klass shift: 0, Narrow klass range: 0x100000000

GC Precious Log:
 CPUs: 8 total, 8 available
 Memory: 16384M
 Large Page Support: Disabled
 NUMA Support: Disabled
 Compressed Oops: Enabled (Zero based)
 Heap Region Size: 2M
 Heap Min Capacity: 8M
 Heap Initial Capacity: 256M
 Heap Max Capacity: 4G
 Pre-touch: Disabled
 Parallel Workers: 8
 Concurrent Workers: 2
 Concurrent Refinement Workers: 8
 Periodic GC: Disabled

Heap:
 garbage-first heap   total 2467840K, used 1196071K [0x0000000700000000, 0x0000000800000000)
  region size 2048K, 60 young (122880K), 8 survivors (16384K)
 Metaspace       used 279356K, committed 281792K, reserved 1310720K
  class space    used 36947K, committed 38080K, reserved 1048576K

Heap Regions: E=young(eden), S=young(survivor), O=old, HS=humongous(starts), HC=humongous(continues), CS=collection set, F=free, OA=open archive, CA=closed archive, TAMS=top-at-mark-start (previous, next)
|   0|0x0000000700000000, 0x0000000700200000, 0x0000000700200000|100%| O|  |TAMS 0x0000000700200000, 0x0000000700000000| Untracked 
|   1|0x0000000700200000, 0x0000000700400000, 0x0000000700400000|100%|HS|  |TAMS 0x0000000700400000, 0x0000000700200000| Complete 
|   2|0x0000000700400000, 0x0000000700600000, 0x0000000700600000|100%|HC|  |TAMS 0x0000000700600000, 0x0000000700400000| Complete 
|   3|0x0000000700600000, 0x0000000700800000, 0x0000000700800000|100%| O|  |TAMS 0x0000000700800000, 0x0000000700600000| Untracked 
|   4|0x0000000700800000, 0x0000000700a00000, 0x0000000700a00000|100%| O|  |TAMS 0x0000000700a00000, 0x0000000700800000| Untracked 
|   5|0x0000000700a00000, 0x0000000700c00000, 0x0000000700c00000|100%| O|  |TAMS 0x0000000700c00000, 0x0000000700a00000| Untracked 
|   6|0x0000000700c00000, 0x0000000700e00000, 0x0000000700e00000|100%| O|  |TAMS 0x0000000700e00000, 0x0000000700c00000| Untracked 
|   7|0x0000000700e00000, 0x0000000701000000, 0x0000000701000000|100%| O|  |TAMS 0x0000000701000000, 0x0000000700e00000| Untracked 
|   8|0x0000000701000000, 0x0000000701200000, 0x0000000701200000|100%| O|  |TAMS 0x0000000701200000, 0x0000000701000000| Untracked 
|   9|0x0000000701200000, 0x0000000701400000, 0x0000000701400000|100%| O|  |TAMS 0x0000000701400000, 0x0000000701200000| Untracked 
|  10|0x0000000701400000, 0x0000000701600000, 0x0000000701600000|100%| O|  |TAMS 0x0000000701600000, 0x0000000701400000| Untracked 
|  11|0x0000000701600000, 0x0000000701800000, 0x0000000701800000|100%|HS|  |TAMS 0x0000000701800000, 0x0000000701600000| Complete 
|  12|0x0000000701800000, 0x0000000701a00000, 0x0000000701a00000|100%|HS|  |TAMS 0x0000000701a00000, 0x0000000701800000| Complete 
|  13|0x0000000701a00000, 0x0000000701c00000, 0x0000000701c00000|100%| O|  |TAMS 0x0000000701c00000, 0x0000000701a00000| Untracked 
|  14|0x0000000701c00000, 0x0000000701e00000, 0x0000000701e00000|100%| O|  |TAMS 0x0000000701e00000, 0x0000000701c00000| Untracked 
|  15|0x0000000701e00000, 0x0000000702000000, 0x0000000702000000|100%| O|  |TAMS 0x0000000702000000, 0x0000000701e00000| Untracked 
|  16|0x0000000702000000, 0x0000000702200000, 0x0000000702200000|100%| O|  |TAMS 0x0000000702200000, 0x0000000702000000| Untracked 
|  17|0x0000000702200000, 0x0000000702400000, 0x0000000702400000|100%| O|  |TAMS 0x0000000702400000, 0x0000000702200000| Untracked 
|  18|0x0000000702400000, 0x0000000702600000, 0x0000000702600000|100%| O|  |TAMS 0x0000000702600000, 0x0000000702400000| Untracked 
|  19|0x0000000702600000, 0x0000000702800000, 0x0000000702800000|100%| O|  |TAMS 0x0000000702800000, 0x0000000702600000| Untracked 
|  20|0x0000000702800000, 0x0000000702a00000, 0x0000000702a00000|100%| O|  |TAMS 0x0000000702a00000, 0x0000000702800000| Untracked 
|  21|0x0000000702a00000, 0x0000000702c00000, 0x0000000702c00000|100%| O|  |TAMS 0x0000000702c00000, 0x0000000702a00000| Untracked 
|  22|0x0000000702c00000, 0x0000000702e00000, 0x0000000702e00000|100%| O|  |TAMS 0x0000000702e00000, 0x0000000702c00000| Untracked 
|  23|0x0000000702e00000, 0x0000000703000000, 0x0000000703000000|100%| O|  |TAMS 0x0000000703000000, 0x0000000702e00000| Untracked 
|  24|0x0000000703000000, 0x0000000703200000, 0x0000000703200000|100%|HS|  |TAMS 0x0000000703200000, 0x0000000703000000| Complete 
|  25|0x0000000703200000, 0x0000000703400000, 0x0000000703400000|100%| O|  |TAMS 0x0000000703400000, 0x0000000703200000| Untracked 
|  26|0x0000000703400000, 0x0000000703600000, 0x0000000703600000|100%| O|  |TAMS 0x0000000703600000, 0x0000000703400000| Untracked 
|  27|0x0000000703600000, 0x0000000703800000, 0x0000000703800000|100%| O|  |TAMS 0x0000000703800000, 0x0000000703600000| Untracked 
|  28|0x0000000703800000, 0x0000000703a00000, 0x0000000703a00000|100%| O|  |TAMS 0x0000000703a00000, 0x0000000703800000| Untracked 
|  29|0x0000000703a00000, 0x0000000703c00000, 0x0000000703c00000|100%| O|  |TAMS 0x0000000703c00000, 0x0000000703a00000| Untracked 
|  30|0x0000000703c00000, 0x0000000703e00000, 0x0000000703e00000|100%| O|  |TAMS 0x0000000703e00000, 0x0000000703c00000| Untracked 
|  31|0x0000000703e00000, 0x0000000704000000, 0x0000000704000000|100%| O|  |TAMS 0x0000000704000000, 0x0000000703e00000| Untracked 
|  32|0x0000000704000000, 0x0000000704200000, 0x0000000704200000|100%| O|  |TAMS 0x0000000704200000, 0x0000000704000000| Untracked 
|  33|0x0000000704200000, 0x0000000704400000, 0x0000000704400000|100%| O|  |TAMS 0x0000000704400000, 0x0000000704200000| Untracked 
|  34|0x0000000704400000, 0x0000000704600000, 0x0000000704600000|100%| O|  |TAMS 0x0000000704600000, 0x0000000704400000| Untracked 
|  35|0x0000000704600000, 0x0000000704800000, 0x0000000704800000|100%| O|  |TAMS 0x0000000704800000, 0x0000000704600000| Untracked 
|  36|0x0000000704800000, 0x0000000704a00000, 0x0000000704a00000|100%| O|  |TAMS 0x0000000704a00000, 0x0000000704800000| Untracked 
|  37|0x0000000704a00000, 0x0000000704c00000, 0x0000000704c00000|100%| O|  |TAMS 0x0000000704c00000, 0x0000000704a00000| Untracked 
|  38|0x0000000704c00000, 0x0000000704e00000, 0x0000000704e00000|100%| O|  |TAMS 0x0000000704e00000, 0x0000000704c00000| Untracked 
|  39|0x0000000704e00000, 0x0000000705000000, 0x0000000705000000|100%|HS|  |TAMS 0x0000000705000000, 0x0000000704e00000| Complete 
|  40|0x0000000705000000, 0x0000000705200000, 0x0000000705200000|100%| O|  |TAMS 0x0000000705200000, 0x0000000705000000| Untracked 
|  41|0x0000000705200000, 0x0000000705400000, 0x0000000705400000|100%| O|  |TAMS 0x0000000705200000, 0x0000000705200000| Untracked 
|  42|0x0000000705400000, 0x0000000705600000, 0x0000000705600000|100%| O|  |TAMS 0x0000000705600000, 0x0000000705400000| Untracked 
|  43|0x0000000705600000, 0x0000000705800000, 0x0000000705800000|100%| O|  |TAMS 0x0000000705800000, 0x0000000705600000| Untracked 
|  44|0x0000000705800000, 0x0000000705a00000, 0x0000000705a00000|100%| O|  |TAMS 0x0000000705a00000, 0x0000000705800000| Untracked 
|  45|0x0000000705a00000, 0x0000000705c00000, 0x0000000705c00000|100%| O|  |TAMS 0x0000000705c00000, 0x0000000705a00000| Untracked 
|  46|0x0000000705c00000, 0x0000000705e00000, 0x0000000705e00000|100%| O|  |TAMS 0x0000000705e00000, 0x0000000705c00000| Untracked 
|  47|0x0000000705e00000, 0x0000000706000000, 0x0000000706000000|100%| O|  |TAMS 0x0000000706000000, 0x0000000705e00000| Untracked 
|  48|0x0000000706000000, 0x0000000706200000, 0x0000000706200000|100%| O|  |TAMS 0x0000000706200000, 0x0000000706000000| Untracked 
|  49|0x0000000706200000, 0x0000000706400000, 0x0000000706400000|100%| O|  |TAMS 0x0000000706400000, 0x0000000706200000| Untracked 
|  50|0x0000000706400000, 0x0000000706600000, 0x0000000706600000|100%| O|  |TAMS 0x0000000706600000, 0x0000000706400000| Untracked 
|  51|0x0000000706600000, 0x0000000706800000, 0x0000000706800000|100%| O|  |TAMS 0x0000000706800000, 0x0000000706600000| Untracked 
|  52|0x0000000706800000, 0x0000000706a00000, 0x0000000706a00000|100%| O|  |TAMS 0x0000000706a00000, 0x0000000706800000| Untracked 
|  53|0x0000000706a00000, 0x0000000706c00000, 0x0000000706c00000|100%| O|  |TAMS 0x0000000706c00000, 0x0000000706a00000| Untracked 
|  54|0x0000000706c00000, 0x0000000706e00000, 0x0000000706e00000|100%| O|  |TAMS 0x0000000706e00000, 0x0000000706c00000| Untracked 
|  55|0x0000000706e00000, 0x0000000707000000, 0x0000000707000000|100%| O|  |TAMS 0x0000000707000000, 0x0000000706e00000| Untracked 
|  56|0x0000000707000000, 0x0000000707200000, 0x0000000707200000|100%| O|  |TAMS 0x0000000707200000, 0x0000000707000000| Untracked 
|  57|0x0000000707200000, 0x0000000707400000, 0x0000000707400000|100%| O|  |TAMS 0x0000000707400000, 0x0000000707200000| Untracked 
|  58|0x0000000707400000, 0x0000000707600000, 0x0000000707600000|100%| O|  |TAMS 0x0000000707600000, 0x0000000707400000| Untracked 
|  59|0x0000000707600000, 0x0000000707800000, 0x0000000707800000|100%| O|  |TAMS 0x0000000707800000, 0x0000000707600000| Untracked 
|  60|0x0000000707800000, 0x0000000707a00000, 0x0000000707a00000|100%|HS|  |TAMS 0x0000000707a00000, 0x0000000707800000| Complete 
|  61|0x0000000707a00000, 0x0000000707c00000, 0x0000000707c00000|100%|HC|  |TAMS 0x0000000707c00000, 0x0000000707a00000| Complete 
|  62|0x0000000707c00000, 0x0000000707e00000, 0x0000000707e00000|100%| O|  |TAMS 0x0000000707e00000, 0x0000000707c00000| Untracked 
|  63|0x0000000707e00000, 0x0000000708000000, 0x0000000708000000|100%| O|  |TAMS 0x0000000708000000, 0x0000000707e00000| Untracked 
|  64|0x0000000708000000, 0x0000000708200000, 0x0000000708200000|100%| O|  |TAMS 0x0000000708200000, 0x0000000708000000| Untracked 
|  65|0x0000000708200000, 0x0000000708400000, 0x0000000708400000|100%| O|  |TAMS 0x0000000708400000, 0x0000000708200000| Untracked 
|  66|0x0000000708400000, 0x0000000708600000, 0x0000000708600000|100%| O|  |TAMS 0x0000000708600000, 0x0000000708400000| Untracked 
|  67|0x0000000708600000, 0x0000000708800000, 0x0000000708800000|100%| O|  |TAMS 0x0000000708800000, 0x0000000708600000| Untracked 
|  68|0x0000000708800000, 0x0000000708a00000, 0x0000000708a00000|100%| O|  |TAMS 0x0000000708a00000, 0x0000000708800000| Untracked 
|  69|0x0000000708a00000, 0x0000000708c00000, 0x0000000708c00000|100%| O|  |TAMS 0x0000000708c00000, 0x0000000708a00000| Untracked 
|  70|0x0000000708c00000, 0x0000000708e00000, 0x0000000708e00000|100%| O|  |TAMS 0x0000000708e00000, 0x0000000708c00000| Untracked 
|  71|0x0000000708e00000, 0x0000000709000000, 0x0000000709000000|100%| O|  |TAMS 0x0000000709000000, 0x0000000708e00000| Untracked 
|  72|0x0000000709000000, 0x0000000709200000, 0x0000000709200000|100%| O|  |TAMS 0x0000000709200000, 0x0000000709000000| Untracked 
|  73|0x0000000709200000, 0x0000000709400000, 0x0000000709400000|100%| O|  |TAMS 0x0000000709400000, 0x0000000709200000| Untracked 
|  74|0x0000000709400000, 0x0000000709600000, 0x0000000709600000|100%| O|  |TAMS 0x0000000709600000, 0x0000000709400000| Untracked 
|  75|0x0000000709600000, 0x0000000709800000, 0x0000000709800000|100%| O|  |TAMS 0x0000000709800000, 0x0000000709600000| Untracked 
|  76|0x0000000709800000, 0x0000000709a00000, 0x0000000709a00000|100%| O|  |TAMS 0x0000000709a00000, 0x0000000709800000| Untracked 
|  77|0x0000000709a00000, 0x0000000709c00000, 0x0000000709c00000|100%| O|  |TAMS 0x0000000709c00000, 0x0000000709a00000| Untracked 
|  78|0x0000000709c00000, 0x0000000709e00000, 0x0000000709e00000|100%| O|  |TAMS 0x0000000709e00000, 0x0000000709c00000| Untracked 
|  79|0x0000000709e00000, 0x000000070a000000, 0x000000070a000000|100%| O|CS|TAMS 0x000000070a000000, 0x0000000709e00000| Complete 
|  80|0x000000070a000000, 0x000000070a200000, 0x000000070a200000|100%| O|  |TAMS 0x000000070a200000, 0x000000070a000000| Untracked 
|  81|0x000000070a200000, 0x000000070a400000, 0x000000070a400000|100%| O|  |TAMS 0x000000070a400000, 0x000000070a200000| Untracked 
|  82|0x000000070a400000, 0x000000070a600000, 0x000000070a600000|100%|HS|  |TAMS 0x000000070a600000, 0x000000070a400000| Complete 
|  83|0x000000070a600000, 0x000000070a800000, 0x000000070a800000|100%|HS|  |TAMS 0x000000070a800000, 0x000000070a600000| Complete 
|  84|0x000000070a800000, 0x000000070aa00000, 0x000000070aa00000|100%| O|  |TAMS 0x000000070aa00000, 0x000000070a800000| Untracked 
|  85|0x000000070aa00000, 0x000000070ac00000, 0x000000070ac00000|100%| O|  |TAMS 0x000000070ac00000, 0x000000070aa00000| Untracked 
|  86|0x000000070ac00000, 0x000000070ae00000, 0x000000070ae00000|100%| O|  |TAMS 0x000000070ae00000, 0x000000070ac00000| Untracked 
|  87|0x000000070ae00000, 0x000000070b000000, 0x000000070b000000|100%| O|  |TAMS 0x000000070b000000, 0x000000070ae00000| Untracked 
|  88|0x000000070b000000, 0x000000070b200000, 0x000000070b200000|100%| O|  |TAMS 0x000000070b200000, 0x000000070b000000| Untracked 
|  89|0x000000070b200000, 0x000000070b400000, 0x000000070b400000|100%| O|  |TAMS 0x000000070b400000, 0x000000070b200000| Untracked 
|  90|0x000000070b400000, 0x000000070b600000, 0x000000070b600000|100%| O|  |TAMS 0x000000070b600000, 0x000000070b400000| Untracked 
|  91|0x000000070b600000, 0x000000070b800000, 0x000000070b800000|100%| O|  |TAMS 0x000000070b800000, 0x000000070b600000| Untracked 
|  92|0x000000070b800000, 0x000000070ba00000, 0x000000070ba00000|100%| O|  |TAMS 0x000000070ba00000, 0x000000070b800000| Untracked 
|  93|0x000000070ba00000, 0x000000070bc00000, 0x000000070bc00000|100%| O|  |TAMS 0x000000070bc00000, 0x000000070ba00000| Untracked 
|  94|0x000000070bc00000, 0x000000070be00000, 0x000000070be00000|100%| O|  |TAMS 0x000000070be00000, 0x000000070bc00000| Untracked 
|  95|0x000000070be00000, 0x000000070c000000, 0x000000070c000000|100%| O|  |TAMS 0x000000070c000000, 0x000000070be00000| Untracked 
|  96|0x000000070c000000, 0x000000070c200000, 0x000000070c200000|100%| O|  |TAMS 0x000000070c200000, 0x000000070c000000| Untracked 
|  97|0x000000070c200000, 0x000000070c400000, 0x000000070c400000|100%| O|  |TAMS 0x000000070c400000, 0x000000070c200000| Untracked 
|  98|0x000000070c400000, 0x000000070c600000, 0x000000070c600000|100%| O|  |TAMS 0x000000070c600000, 0x000000070c400000| Untracked 
|  99|0x000000070c600000, 0x000000070c800000, 0x000000070c800000|100%| O|  |TAMS 0x000000070c800000, 0x000000070c600000| Untracked 
| 100|0x000000070c800000, 0x000000070ca00000, 0x000000070ca00000|100%| O|  |TAMS 0x000000070ca00000, 0x000000070c800000| Untracked 
| 101|0x000000070ca00000, 0x000000070cc00000, 0x000000070cc00000|100%| O|  |TAMS 0x000000070cc00000, 0x000000070ca00000| Untracked 
| 102|0x000000070cc00000, 0x000000070ce00000, 0x000000070ce00000|100%| O|  |TAMS 0x000000070ce00000, 0x000000070cc00000| Untracked 
| 103|0x000000070ce00000, 0x000000070d000000, 0x000000070d000000|100%| O|  |TAMS 0x000000070d000000, 0x000000070ce00000| Untracked 
| 104|0x000000070d000000, 0x000000070d200000, 0x000000070d200000|100%| O|  |TAMS 0x000000070d200000, 0x000000070d000000| Untracked 
| 105|0x000000070d200000, 0x000000070d400000, 0x000000070d400000|100%| O|  |TAMS 0x000000070d400000, 0x000000070d200000| Untracked 
| 106|0x000000070d400000, 0x000000070d600000, 0x000000070d600000|100%| O|  |TAMS 0x000000070d600000, 0x000000070d400000| Untracked 
| 107|0x000000070d600000, 0x000000070d800000, 0x000000070d800000|100%| O|  |TAMS 0x000000070d800000, 0x000000070d600000| Untracked 
| 108|0x000000070d800000, 0x000000070da00000, 0x000000070da00000|100%| O|  |TAMS 0x000000070da00000, 0x000000070d800000| Untracked 
| 109|0x000000070da00000, 0x000000070dc00000, 0x000000070dc00000|100%| O|  |TAMS 0x000000070dc00000, 0x000000070da00000| Untracked 
| 110|0x000000070dc00000, 0x000000070de00000, 0x000000070de00000|100%| O|  |TAMS 0x000000070de00000, 0x000000070dc00000| Untracked 
| 111|0x000000070de00000, 0x000000070e000000, 0x000000070e000000|100%| O|  |TAMS 0x000000070e000000, 0x000000070de00000| Untracked 
| 112|0x000000070e000000, 0x000000070e200000, 0x000000070e200000|100%| O|  |TAMS 0x000000070e200000, 0x000000070e000000| Untracked 
| 113|0x000000070e200000, 0x000000070e400000, 0x000000070e400000|100%| O|  |TAMS 0x000000070e400000, 0x000000070e200000| Untracked 
| 114|0x000000070e400000, 0x000000070e600000, 0x000000070e600000|100%| O|  |TAMS 0x000000070e600000, 0x000000070e400000| Untracked 
| 115|0x000000070e600000, 0x000000070e800000, 0x000000070e800000|100%| O|  |TAMS 0x000000070e800000, 0x000000070e600000| Untracked 
| 116|0x000000070e800000, 0x000000070ea00000, 0x000000070ea00000|100%| O|  |TAMS 0x000000070ea00000, 0x000000070e800000| Untracked 
| 117|0x000000070ea00000, 0x000000070ec00000, 0x000000070ec00000|100%| O|  |TAMS 0x000000070ec00000, 0x000000070ea00000| Untracked 
| 118|0x000000070ec00000, 0x000000070ee00000, 0x000000070ee00000|100%| O|  |TAMS 0x000000070ee00000, 0x000000070ec00000| Untracked 
| 119|0x000000070ee00000, 0x000000070f000000, 0x000000070f000000|100%| O|  |TAMS 0x000000070f000000, 0x000000070ee00000| Untracked 
| 120|0x000000070f000000, 0x000000070f200000, 0x000000070f200000|100%| O|  |TAMS 0x000000070f200000, 0x000000070f000000| Untracked 
| 121|0x000000070f200000, 0x000000070f400000, 0x000000070f400000|100%| O|  |TAMS 0x000000070f400000, 0x000000070f200000| Untracked 
| 122|0x000000070f400000, 0x000000070f600000, 0x000000070f600000|100%| O|  |TAMS 0x000000070f600000, 0x000000070f400000| Untracked 
| 123|0x000000070f600000, 0x000000070f800000, 0x000000070f800000|100%| O|  |TAMS 0x000000070f800000, 0x000000070f600000| Untracked 
| 124|0x000000070f800000, 0x000000070fa00000, 0x000000070fa00000|100%| O|  |TAMS 0x000000070fa00000, 0x000000070f800000| Untracked 
| 125|0x000000070fa00000, 0x000000070fc00000, 0x000000070fc00000|100%| O|  |TAMS 0x000000070fa00000, 0x000000070fa00000| Untracked 
| 126|0x000000070fc00000, 0x000000070fe00000, 0x000000070fe00000|100%| O|  |TAMS 0x000000070fe00000, 0x000000070fc00000| Untracked 
| 127|0x000000070fe00000, 0x0000000710000000, 0x0000000710000000|100%| O|  |TAMS 0x0000000710000000, 0x000000070fe00000| Untracked 
| 128|0x0000000710000000, 0x0000000710200000, 0x0000000710200000|100%| O|  |TAMS 0x0000000710200000, 0x0000000710000000| Untracked 
| 129|0x0000000710200000, 0x0000000710400000, 0x0000000710400000|100%| O|  |TAMS 0x0000000710400000, 0x0000000710200000| Untracked 
| 130|0x0000000710400000, 0x0000000710600000, 0x0000000710600000|100%| O|  |TAMS 0x0000000710600000, 0x0000000710400000| Untracked 
| 131|0x0000000710600000, 0x0000000710800000, 0x0000000710800000|100%| O|  |TAMS 0x0000000710800000, 0x0000000710600000| Untracked 
| 132|0x0000000710800000, 0x0000000710a00000, 0x0000000710a00000|100%| O|  |TAMS 0x0000000710a00000, 0x0000000710800000| Untracked 
| 133|0x0000000710a00000, 0x0000000710c00000, 0x0000000710c00000|100%| O|  |TAMS 0x0000000710c00000, 0x0000000710a00000| Untracked 
| 134|0x0000000710c00000, 0x0000000710e00000, 0x0000000710e00000|100%| O|  |TAMS 0x0000000710e00000, 0x0000000710c00000| Untracked 
| 135|0x0000000710e00000, 0x0000000711000000, 0x0000000711000000|100%| O|  |TAMS 0x0000000711000000, 0x0000000710e00000| Untracked 
| 136|0x0000000711000000, 0x0000000711200000, 0x0000000711200000|100%| O|  |TAMS 0x0000000711200000, 0x0000000711000000| Untracked 
| 137|0x0000000711200000, 0x0000000711400000, 0x0000000711400000|100%| O|  |TAMS 0x0000000711400000, 0x0000000711200000| Untracked 
| 138|0x0000000711400000, 0x0000000711600000, 0x0000000711600000|100%| O|  |TAMS 0x0000000711600000, 0x0000000711400000| Untracked 
| 139|0x0000000711600000, 0x0000000711800000, 0x0000000711800000|100%| O|  |TAMS 0x0000000711800000, 0x0000000711600000| Untracked 
| 140|0x0000000711800000, 0x0000000711a00000, 0x0000000711a00000|100%| O|  |TAMS 0x0000000711a00000, 0x0000000711800000| Untracked 
| 141|0x0000000711a00000, 0x0000000711c00000, 0x0000000711c00000|100%| O|  |TAMS 0x0000000711c00000, 0x0000000711a00000| Untracked 
| 142|0x0000000711c00000, 0x0000000711e00000, 0x0000000711e00000|100%| O|  |TAMS 0x0000000711e00000, 0x0000000711c00000| Untracked 
| 143|0x0000000711e00000, 0x0000000712000000, 0x0000000712000000|100%| O|  |TAMS 0x0000000712000000, 0x0000000711e00000| Untracked 
| 144|0x0000000712000000, 0x0000000712200000, 0x0000000712200000|100%| O|  |TAMS 0x0000000712200000, 0x0000000712000000| Untracked 
| 145|0x0000000712200000, 0x0000000712400000, 0x0000000712400000|100%| O|  |TAMS 0x0000000712400000, 0x0000000712200000| Untracked 
| 146|0x0000000712400000, 0x0000000712600000, 0x0000000712600000|100%| O|  |TAMS 0x0000000712600000, 0x0000000712400000| Untracked 
| 147|0x0000000712600000, 0x0000000712800000, 0x0000000712800000|100%|HS|  |TAMS 0x0000000712800000, 0x0000000712600000| Complete 
| 148|0x0000000712800000, 0x0000000712a00000, 0x0000000712a00000|100%|HC|  |TAMS 0x0000000712a00000, 0x0000000712800000| Complete 
| 149|0x0000000712a00000, 0x0000000712c00000, 0x0000000712c00000|100%|HS|  |TAMS 0x0000000712c00000, 0x0000000712a00000| Complete 
| 150|0x0000000712c00000, 0x0000000712e00000, 0x0000000712e00000|100%|HC|  |TAMS 0x0000000712e00000, 0x0000000712c00000| Complete 
| 151|0x0000000712e00000, 0x0000000713000000, 0x0000000713000000|100%| O|  |TAMS 0x0000000713000000, 0x0000000712e00000| Untracked 
| 152|0x0000000713000000, 0x0000000713200000, 0x0000000713200000|100%| O|  |TAMS 0x0000000713200000, 0x0000000713000000| Untracked 
| 153|0x0000000713200000, 0x0000000713400000, 0x0000000713400000|100%| O|  |TAMS 0x0000000713400000, 0x0000000713200000| Untracked 
| 154|0x0000000713400000, 0x0000000713600000, 0x0000000713600000|100%| O|  |TAMS 0x0000000713600000, 0x0000000713400000| Untracked 
| 155|0x0000000713600000, 0x0000000713800000, 0x0000000713800000|100%| O|  |TAMS 0x0000000713800000, 0x0000000713600000| Untracked 
| 156|0x0000000713800000, 0x0000000713a00000, 0x0000000713a00000|100%| O|  |TAMS 0x0000000713a00000, 0x0000000713800000| Untracked 
| 157|0x0000000713a00000, 0x0000000713c00000, 0x0000000713c00000|100%| O|  |TAMS 0x0000000713c00000, 0x0000000713a00000| Untracked 
| 158|0x0000000713c00000, 0x0000000713e00000, 0x0000000713e00000|100%| O|  |TAMS 0x0000000713e00000, 0x0000000713c00000| Untracked 
| 159|0x0000000713e00000, 0x0000000714000000, 0x0000000714000000|100%| O|  |TAMS 0x0000000714000000, 0x0000000713e00000| Untracked 
| 160|0x0000000714000000, 0x0000000714200000, 0x0000000714200000|100%| O|  |TAMS 0x0000000714200000, 0x0000000714000000| Untracked 
| 161|0x0000000714200000, 0x0000000714400000, 0x0000000714400000|100%| O|  |TAMS 0x0000000714400000, 0x0000000714200000| Untracked 
| 162|0x0000000714400000, 0x0000000714600000, 0x0000000714600000|100%| O|  |TAMS 0x0000000714600000, 0x0000000714400000| Untracked 
| 163|0x0000000714600000, 0x0000000714800000, 0x0000000714800000|100%| O|  |TAMS 0x0000000714800000, 0x0000000714600000| Untracked 
| 164|0x0000000714800000, 0x0000000714a00000, 0x0000000714a00000|100%| O|  |TAMS 0x0000000714a00000, 0x0000000714800000| Untracked 
| 165|0x0000000714a00000, 0x0000000714c00000, 0x0000000714c00000|100%| O|  |TAMS 0x0000000714c00000, 0x0000000714a00000| Untracked 
| 166|0x0000000714c00000, 0x0000000714e00000, 0x0000000714e00000|100%| O|  |TAMS 0x0000000714e00000, 0x0000000714c00000| Untracked 
| 167|0x0000000714e00000, 0x0000000715000000, 0x0000000715000000|100%| O|  |TAMS 0x0000000715000000, 0x0000000714e00000| Untracked 
| 168|0x0000000715000000, 0x0000000715200000, 0x0000000715200000|100%| O|  |TAMS 0x0000000715200000, 0x0000000715000000| Untracked 
| 169|0x0000000715200000, 0x0000000715400000, 0x0000000715400000|100%| O|  |TAMS 0x0000000715400000, 0x0000000715200000| Untracked 
| 170|0x0000000715400000, 0x0000000715600000, 0x0000000715600000|100%| O|  |TAMS 0x0000000715600000, 0x0000000715400000| Untracked 
| 171|0x0000000715600000, 0x0000000715800000, 0x0000000715800000|100%| O|  |TAMS 0x0000000715800000, 0x0000000715600000| Untracked 
| 172|0x0000000715800000, 0x0000000715a00000, 0x0000000715a00000|100%| O|CS|TAMS 0x0000000715a00000, 0x0000000715800000| Complete 
| 173|0x0000000715a00000, 0x0000000715c00000, 0x0000000715c00000|100%| O|  |TAMS 0x0000000715c00000, 0x0000000715a00000| Untracked 
| 174|0x0000000715c00000, 0x0000000715e00000, 0x0000000715e00000|100%| O|  |TAMS 0x0000000715e00000, 0x0000000715c00000| Untracked 
| 175|0x0000000715e00000, 0x0000000716000000, 0x0000000716000000|100%| O|  |TAMS 0x0000000716000000, 0x0000000715e00000| Untracked 
| 176|0x0000000716000000, 0x0000000716200000, 0x0000000716200000|100%| O|  |TAMS 0x0000000716200000, 0x0000000716000000| Untracked 
| 177|0x0000000716200000, 0x0000000716400000, 0x0000000716400000|100%| O|  |TAMS 0x0000000716400000, 0x0000000716200000| Untracked 
| 178|0x0000000716400000, 0x0000000716600000, 0x0000000716600000|100%| O|  |TAMS 0x0000000716600000, 0x0000000716400000| Untracked 
| 179|0x0000000716600000, 0x0000000716800000, 0x0000000716800000|100%| O|  |TAMS 0x0000000716800000, 0x0000000716600000| Untracked 
| 180|0x0000000716800000, 0x0000000716a00000, 0x0000000716a00000|100%| O|CS|TAMS 0x0000000716a00000, 0x0000000716800000| Complete 
| 181|0x0000000716a00000, 0x0000000716c00000, 0x0000000716c00000|100%| O|  |TAMS 0x0000000716a00000, 0x0000000716a00000| Untracked 
| 182|0x0000000716c00000, 0x0000000716e00000, 0x0000000716e00000|100%| O|  |TAMS 0x0000000716c00000, 0x0000000716c00000| Untracked 
| 183|0x0000000716e00000, 0x0000000717000000, 0x0000000717000000|100%| O|  |TAMS 0x0000000716e00000, 0x0000000716e00000| Untracked 
| 184|0x0000000717000000, 0x0000000717200000, 0x0000000717200000|100%| O|  |TAMS 0x0000000717000000, 0x0000000717000000| Untracked 
| 185|0x0000000717200000, 0x0000000717400000, 0x0000000717400000|100%| O|  |TAMS 0x0000000717200000, 0x0000000717200000| Untracked 
| 186|0x0000000717400000, 0x0000000717600000, 0x0000000717600000|100%| O|  |TAMS 0x0000000717400000, 0x0000000717400000| Untracked 
| 187|0x0000000717600000, 0x0000000717800000, 0x0000000717800000|100%| O|  |TAMS 0x0000000717800000, 0x0000000717600000| Untracked 
| 188|0x0000000717800000, 0x0000000717a00000, 0x0000000717a00000|100%| O|  |TAMS 0x0000000717a00000, 0x0000000717800000| Untracked 
| 189|0x0000000717a00000, 0x0000000717c00000, 0x0000000717c00000|100%| O|  |TAMS 0x0000000717c00000, 0x0000000717a00000| Untracked 
| 190|0x0000000717c00000, 0x0000000717e00000, 0x0000000717e00000|100%| O|  |TAMS 0x0000000717e00000, 0x0000000717c00000| Untracked 
| 191|0x0000000717e00000, 0x0000000718000000, 0x0000000718000000|100%| O|  |TAMS 0x0000000718000000, 0x0000000717e00000| Untracked 
| 192|0x0000000718000000, 0x0000000718200000, 0x0000000718200000|100%| O|  |TAMS 0x0000000718200000, 0x0000000718000000| Untracked 
| 193|0x0000000718200000, 0x0000000718400000, 0x0000000718400000|100%| O|  |TAMS 0x0000000718400000, 0x0000000718200000| Untracked 
| 194|0x0000000718400000, 0x0000000718600000, 0x0000000718600000|100%| O|  |TAMS 0x0000000718600000, 0x0000000718400000| Untracked 
| 195|0x0000000718600000, 0x0000000718800000, 0x0000000718800000|100%| O|  |TAMS 0x0000000718800000, 0x0000000718600000| Untracked 
| 196|0x0000000718800000, 0x0000000718a00000, 0x0000000718a00000|100%| O|  |TAMS 0x0000000718a00000, 0x0000000718800000| Untracked 
| 197|0x0000000718a00000, 0x0000000718c00000, 0x0000000718c00000|100%| O|  |TAMS 0x0000000718c00000, 0x0000000718a00000| Untracked 
| 198|0x0000000718c00000, 0x0000000718e00000, 0x0000000718e00000|100%| O|  |TAMS 0x0000000718e00000, 0x0000000718c00000| Untracked 
| 199|0x0000000718e00000, 0x0000000719000000, 0x0000000719000000|100%| O|  |TAMS 0x0000000719000000, 0x0000000718e00000| Untracked 
| 200|0x0000000719000000, 0x0000000719200000, 0x0000000719200000|100%| O|  |TAMS 0x0000000719200000, 0x0000000719000000| Untracked 
| 201|0x0000000719200000, 0x0000000719400000, 0x0000000719400000|100%| O|  |TAMS 0x0000000719400000, 0x0000000719200000| Untracked 
| 202|0x0000000719400000, 0x0000000719600000, 0x0000000719600000|100%| O|  |TAMS 0x0000000719600000, 0x0000000719400000| Untracked 
| 203|0x0000000719600000, 0x0000000719800000, 0x0000000719800000|100%| O|  |TAMS 0x0000000719800000, 0x0000000719600000| Untracked 
| 204|0x0000000719800000, 0x0000000719a00000, 0x0000000719a00000|100%| O|  |TAMS 0x0000000719a00000, 0x0000000719800000| Untracked 
| 205|0x0000000719a00000, 0x0000000719c00000, 0x0000000719c00000|100%| O|  |TAMS 0x0000000719c00000, 0x0000000719a00000| Untracked 
| 206|0x0000000719c00000, 0x0000000719e00000, 0x0000000719e00000|100%| O|  |TAMS 0x0000000719e00000, 0x0000000719c00000| Untracked 
| 207|0x0000000719e00000, 0x000000071a000000, 0x000000071a000000|100%| O|  |TAMS 0x000000071a000000, 0x0000000719e00000| Untracked 
| 208|0x000000071a000000, 0x000000071a200000, 0x000000071a200000|100%| O|  |TAMS 0x000000071a200000, 0x000000071a000000| Untracked 
| 209|0x000000071a200000, 0x000000071a400000, 0x000000071a400000|100%| O|  |TAMS 0x000000071a400000, 0x000000071a200000| Untracked 
| 210|0x000000071a400000, 0x000000071a600000, 0x000000071a600000|100%| O|  |TAMS 0x000000071a600000, 0x000000071a400000| Untracked 
| 211|0x000000071a600000, 0x000000071a800000, 0x000000071a800000|100%| O|  |TAMS 0x000000071a800000, 0x000000071a600000| Untracked 
| 212|0x000000071a800000, 0x000000071aa00000, 0x000000071aa00000|100%| O|  |TAMS 0x000000071aa00000, 0x000000071a800000| Untracked 
| 213|0x000000071aa00000, 0x000000071ac00000, 0x000000071ac00000|100%| O|  |TAMS 0x000000071ac00000, 0x000000071aa00000| Untracked 
| 214|0x000000071ac00000, 0x000000071ae00000, 0x000000071ae00000|100%| O|  |TAMS 0x000000071ae00000, 0x000000071ac00000| Untracked 
| 215|0x000000071ae00000, 0x000000071b000000, 0x000000071b000000|100%| O|  |TAMS 0x000000071b000000, 0x000000071ae00000| Untracked 
| 216|0x000000071b000000, 0x000000071b200000, 0x000000071b200000|100%| O|  |TAMS 0x000000071b200000, 0x000000071b000000| Untracked 
| 217|0x000000071b200000, 0x000000071b400000, 0x000000071b400000|100%| O|  |TAMS 0x000000071b400000, 0x000000071b200000| Untracked 
| 218|0x000000071b400000, 0x000000071b600000, 0x000000071b600000|100%| O|CS|TAMS 0x000000071b600000, 0x000000071b400000| Complete 
| 219|0x000000071b600000, 0x000000071b800000, 0x000000071b800000|100%| O|  |TAMS 0x000000071b800000, 0x000000071b600000| Untracked 
| 220|0x000000071b800000, 0x000000071ba00000, 0x000000071ba00000|100%| O|  |TAMS 0x000000071ba00000, 0x000000071b800000| Untracked 
| 221|0x000000071ba00000, 0x000000071bc00000, 0x000000071bc00000|100%| O|  |TAMS 0x000000071bc00000, 0x000000071ba00000| Untracked 
| 222|0x000000071bc00000, 0x000000071be00000, 0x000000071be00000|100%| O|  |TAMS 0x000000071be00000, 0x000000071bc00000| Untracked 
| 223|0x000000071be00000, 0x000000071c000000, 0x000000071c000000|100%| O|  |TAMS 0x000000071c000000, 0x000000071be00000| Untracked 
| 224|0x000000071c000000, 0x000000071c200000, 0x000000071c200000|100%| O|  |TAMS 0x000000071c200000, 0x000000071c000000| Untracked 
| 225|0x000000071c200000, 0x000000071c400000, 0x000000071c400000|100%| O|  |TAMS 0x000000071c400000, 0x000000071c200000| Untracked 
| 226|0x000000071c400000, 0x000000071c600000, 0x000000071c600000|100%| O|  |TAMS 0x000000071c600000, 0x000000071c400000| Untracked 
| 227|0x000000071c600000, 0x000000071c800000, 0x000000071c800000|100%| O|  |TAMS 0x000000071c800000, 0x000000071c600000| Untracked 
| 228|0x000000071c800000, 0x000000071ca00000, 0x000000071ca00000|100%| O|  |TAMS 0x000000071ca00000, 0x000000071c800000| Untracked 
| 229|0x000000071ca00000, 0x000000071cc00000, 0x000000071cc00000|100%| O|  |TAMS 0x000000071cc00000, 0x000000071ca00000| Untracked 
| 230|0x000000071cc00000, 0x000000071ce00000, 0x000000071ce00000|100%| O|  |TAMS 0x000000071ce00000, 0x000000071cc00000| Untracked 
| 231|0x000000071ce00000, 0x000000071d000000, 0x000000071d000000|100%| O|  |TAMS 0x000000071d000000, 0x000000071ce00000| Untracked 
| 232|0x000000071d000000, 0x000000071d200000, 0x000000071d200000|100%| O|  |TAMS 0x000000071d200000, 0x000000071d000000| Untracked 
| 233|0x000000071d200000, 0x000000071d400000, 0x000000071d400000|100%| O|  |TAMS 0x000000071d400000, 0x000000071d200000| Untracked 
| 234|0x000000071d400000, 0x000000071d600000, 0x000000071d600000|100%| O|  |TAMS 0x000000071d600000, 0x000000071d400000| Untracked 
| 235|0x000000071d600000, 0x000000071d800000, 0x000000071d800000|100%| O|  |TAMS 0x000000071d800000, 0x000000071d600000| Untracked 
| 236|0x000000071d800000, 0x000000071da00000, 0x000000071da00000|100%| O|  |TAMS 0x000000071da00000, 0x000000071d800000| Untracked 
| 237|0x000000071da00000, 0x000000071dc00000, 0x000000071dc00000|100%| O|  |TAMS 0x000000071dc00000, 0x000000071da00000| Untracked 
| 238|0x000000071dc00000, 0x000000071de00000, 0x000000071de00000|100%| O|  |TAMS 0x000000071de00000, 0x000000071dc00000| Untracked 
| 239|0x000000071de00000, 0x000000071e000000, 0x000000071e000000|100%| O|  |TAMS 0x000000071e000000, 0x000000071de00000| Untracked 
| 240|0x000000071e000000, 0x000000071e200000, 0x000000071e200000|100%| O|  |TAMS 0x000000071e000000, 0x000000071e000000| Untracked 
| 241|0x000000071e200000, 0x000000071e400000, 0x000000071e400000|100%| O|  |TAMS 0x000000071e400000, 0x000000071e200000| Untracked 
| 242|0x000000071e400000, 0x000000071e600000, 0x000000071e600000|100%| O|  |TAMS 0x000000071e600000, 0x000000071e400000| Untracked 
| 243|0x000000071e600000, 0x000000071e800000, 0x000000071e800000|100%| O|  |TAMS 0x000000071e800000, 0x000000071e600000| Untracked 
| 244|0x000000071e800000, 0x000000071ea00000, 0x000000071ea00000|100%| O|  |TAMS 0x000000071ea00000, 0x000000071e800000| Untracked 
| 245|0x000000071ea00000, 0x000000071ec00000, 0x000000071ec00000|100%| O|  |TAMS 0x000000071ec00000, 0x000000071ea00000| Untracked 
| 246|0x000000071ec00000, 0x000000071ee00000, 0x000000071ee00000|100%| O|  |TAMS 0x000000071ee00000, 0x000000071ec00000| Untracked 
| 247|0x000000071ee00000, 0x000000071f000000, 0x000000071f000000|100%| O|  |TAMS 0x000000071f000000, 0x000000071ee00000| Untracked 
| 248|0x000000071f000000, 0x000000071f200000, 0x000000071f200000|100%| O|  |TAMS 0x000000071f200000, 0x000000071f000000| Untracked 
| 249|0x000000071f200000, 0x000000071f400000, 0x000000071f400000|100%| O|  |TAMS 0x000000071f400000, 0x000000071f200000| Untracked 
| 250|0x000000071f400000, 0x000000071f600000, 0x000000071f600000|100%| O|  |TAMS 0x000000071f600000, 0x000000071f400000| Untracked 
| 251|0x000000071f600000, 0x000000071f800000, 0x000000071f800000|100%| O|  |TAMS 0x000000071f800000, 0x000000071f600000| Untracked 
| 252|0x000000071f800000, 0x000000071fa00000, 0x000000071fa00000|100%| O|  |TAMS 0x000000071fa00000, 0x000000071f800000| Untracked 
| 253|0x000000071fa00000, 0x000000071fc00000, 0x000000071fc00000|100%| O|  |TAMS 0x000000071fc00000, 0x000000071fa00000| Untracked 
| 254|0x000000071fc00000, 0x000000071fe00000, 0x000000071fe00000|100%| O|  |TAMS 0x000000071fe00000, 0x000000071fc00000| Untracked 
| 255|0x000000071fe00000, 0x0000000720000000, 0x0000000720000000|100%| O|  |TAMS 0x0000000720000000, 0x000000071fe00000| Untracked 
| 256|0x0000000720000000, 0x0000000720200000, 0x0000000720200000|100%| O|  |TAMS 0x0000000720200000, 0x0000000720000000| Untracked 
| 257|0x0000000720200000, 0x0000000720400000, 0x0000000720400000|100%| O|  |TAMS 0x0000000720400000, 0x0000000720200000| Untracked 
| 258|0x0000000720400000, 0x0000000720600000, 0x0000000720600000|100%| O|CS|TAMS 0x0000000720600000, 0x0000000720400000| Complete 
| 259|0x0000000720600000, 0x0000000720800000, 0x0000000720800000|100%| O|  |TAMS 0x0000000720600000, 0x0000000720600000| Untracked 
| 260|0x0000000720800000, 0x0000000720a00000, 0x0000000720a00000|100%| O|  |TAMS 0x0000000720a00000, 0x0000000720800000| Untracked 
| 261|0x0000000720a00000, 0x0000000720c00000, 0x0000000720c00000|100%| O|  |TAMS 0x0000000720c00000, 0x0000000720a00000| Untracked 
| 262|0x0000000720c00000, 0x0000000720e00000, 0x0000000720e00000|100%| O|  |TAMS 0x0000000720e00000, 0x0000000720c00000| Untracked 
| 263|0x0000000720e00000, 0x0000000721000000, 0x0000000721000000|100%| O|  |TAMS 0x0000000721000000, 0x0000000720e00000| Untracked 
| 264|0x0000000721000000, 0x0000000721200000, 0x0000000721200000|100%| O|  |TAMS 0x0000000721200000, 0x0000000721000000| Untracked 
| 265|0x0000000721200000, 0x0000000721400000, 0x0000000721400000|100%| O|  |TAMS 0x0000000721400000, 0x0000000721200000| Untracked 
| 266|0x0000000721400000, 0x0000000721600000, 0x0000000721600000|100%| O|  |TAMS 0x0000000721600000, 0x0000000721400000| Untracked 
| 267|0x0000000721600000, 0x0000000721800000, 0x0000000721800000|100%| O|  |TAMS 0x0000000721800000, 0x0000000721600000| Untracked 
| 268|0x0000000721800000, 0x0000000721a00000, 0x0000000721a00000|100%| O|  |TAMS 0x0000000721a00000, 0x0000000721800000| Untracked 
| 269|0x0000000721a00000, 0x0000000721c00000, 0x0000000721c00000|100%| O|  |TAMS 0x0000000721c00000, 0x0000000721a00000| Untracked 
| 270|0x0000000721c00000, 0x0000000721e00000, 0x0000000721e00000|100%| O|  |TAMS 0x0000000721e00000, 0x0000000721c00000| Untracked 
| 271|0x0000000721e00000, 0x0000000722000000, 0x0000000722000000|100%| O|  |TAMS 0x0000000722000000, 0x0000000721e00000| Untracked 
| 272|0x0000000722000000, 0x0000000722200000, 0x0000000722200000|100%| O|  |TAMS 0x0000000722200000, 0x0000000722000000| Untracked 
| 273|0x0000000722200000, 0x0000000722400000, 0x0000000722400000|100%| O|  |TAMS 0x0000000722400000, 0x0000000722200000| Untracked 
| 274|0x0000000722400000, 0x0000000722600000, 0x0000000722600000|100%| O|CS|TAMS 0x0000000722600000, 0x0000000722400000| Complete 
| 275|0x0000000722600000, 0x0000000722800000, 0x0000000722800000|100%| O|  |TAMS 0x0000000722600000, 0x0000000722600000| Untracked 
| 276|0x0000000722800000, 0x0000000722a00000, 0x0000000722a00000|100%| O|  |TAMS 0x0000000722a00000, 0x0000000722800000| Untracked 
| 277|0x0000000722a00000, 0x0000000722c00000, 0x0000000722c00000|100%|HS|  |TAMS 0x0000000722c00000, 0x0000000722a00000| Complete 
| 278|0x0000000722c00000, 0x0000000722e00000, 0x0000000722e00000|100%|HS|  |TAMS 0x0000000722e00000, 0x0000000722c00000| Complete 
| 279|0x0000000722e00000, 0x0000000723000000, 0x0000000723000000|100%|HS|  |TAMS 0x0000000723000000, 0x0000000722e00000| Complete 
| 280|0x0000000723000000, 0x0000000723200000, 0x0000000723200000|100%| O|  |TAMS 0x0000000723000000, 0x0000000723000000| Untracked 
| 281|0x0000000723200000, 0x0000000723400000, 0x0000000723400000|100%| O|  |TAMS 0x0000000723200000, 0x0000000723200000| Untracked 
| 282|0x0000000723400000, 0x0000000723600000, 0x0000000723600000|100%| O|CS|TAMS 0x0000000723600000, 0x0000000723400000| Complete 
| 283|0x0000000723600000, 0x0000000723800000, 0x0000000723800000|100%| O|  |TAMS 0x0000000723800000, 0x0000000723600000| Untracked 
| 284|0x0000000723800000, 0x0000000723a00000, 0x0000000723a00000|100%| O|  |TAMS 0x0000000723a00000, 0x0000000723800000| Untracked 
| 285|0x0000000723a00000, 0x0000000723c00000, 0x0000000723c00000|100%| O|  |TAMS 0x0000000723a00000, 0x0000000723a00000| Untracked 
| 286|0x0000000723c00000, 0x0000000723e00000, 0x0000000723e00000|100%|HS|  |TAMS 0x0000000723e00000, 0x0000000723c00000| Complete 
| 287|0x0000000723e00000, 0x0000000724000000, 0x0000000724000000|100%|HC|  |TAMS 0x0000000724000000, 0x0000000723e00000| Complete 
| 288|0x0000000724000000, 0x0000000724200000, 0x0000000724200000|100%|HC|  |TAMS 0x0000000724200000, 0x0000000724000000| Complete 
| 289|0x0000000724200000, 0x0000000724400000, 0x0000000724400000|100%|HC|  |TAMS 0x0000000724400000, 0x0000000724200000| Complete 
| 290|0x0000000724400000, 0x0000000724600000, 0x0000000724600000|100%| O|  |TAMS 0x0000000724600000, 0x0000000724400000| Untracked 
| 291|0x0000000724600000, 0x0000000724800000, 0x0000000724800000|100%| O|  |TAMS 0x0000000724800000, 0x0000000724600000| Untracked 
| 292|0x0000000724800000, 0x0000000724a00000, 0x0000000724a00000|100%| O|  |TAMS 0x0000000724a00000, 0x0000000724800000| Untracked 
| 293|0x0000000724a00000, 0x0000000724c00000, 0x0000000724c00000|100%| O|  |TAMS 0x0000000724c00000, 0x0000000724a00000| Untracked 
| 294|0x0000000724c00000, 0x0000000724e00000, 0x0000000724e00000|100%| O|  |TAMS 0x0000000724e00000, 0x0000000724c00000| Untracked 
| 295|0x0000000724e00000, 0x0000000725000000, 0x0000000725000000|100%| O|  |TAMS 0x0000000725000000, 0x0000000724e00000| Untracked 
| 296|0x0000000725000000, 0x0000000725200000, 0x0000000725200000|100%| O|  |TAMS 0x0000000725200000, 0x0000000725000000| Untracked 
| 297|0x0000000725200000, 0x0000000725400000, 0x0000000725400000|100%| O|  |TAMS 0x0000000725400000, 0x0000000725200000| Untracked 
| 298|0x0000000725400000, 0x0000000725600000, 0x0000000725600000|100%| O|  |TAMS 0x0000000725600000, 0x0000000725400000| Untracked 
| 299|0x0000000725600000, 0x0000000725800000, 0x0000000725800000|100%| O|  |TAMS 0x0000000725800000, 0x0000000725600000| Untracked 
| 300|0x0000000725800000, 0x0000000725a00000, 0x0000000725a00000|100%| O|  |TAMS 0x0000000725a00000, 0x0000000725800000| Untracked 
| 301|0x0000000725a00000, 0x0000000725c00000, 0x0000000725c00000|100%| O|  |TAMS 0x0000000725c00000, 0x0000000725a00000| Untracked 
| 302|0x0000000725c00000, 0x0000000725e00000, 0x0000000725e00000|100%| O|  |TAMS 0x0000000725e00000, 0x0000000725c00000| Untracked 
| 303|0x0000000725e00000, 0x0000000726000000, 0x0000000726000000|100%| O|  |TAMS 0x0000000726000000, 0x0000000725e00000| Untracked 
| 304|0x0000000726000000, 0x0000000726200000, 0x0000000726200000|100%| O|  |TAMS 0x0000000726200000, 0x0000000726000000| Untracked 
| 305|0x0000000726200000, 0x0000000726400000, 0x0000000726400000|100%| O|  |TAMS 0x0000000726400000, 0x0000000726200000| Untracked 
| 306|0x0000000726400000, 0x0000000726600000, 0x0000000726600000|100%| O|  |TAMS 0x0000000726600000, 0x0000000726400000| Untracked 
| 307|0x0000000726600000, 0x0000000726800000, 0x0000000726800000|100%| O|  |TAMS 0x0000000726800000, 0x0000000726600000| Untracked 
| 308|0x0000000726800000, 0x0000000726a00000, 0x0000000726a00000|100%| O|  |TAMS 0x0000000726a00000, 0x0000000726800000| Untracked 
| 309|0x0000000726a00000, 0x0000000726c00000, 0x0000000726c00000|100%| O|  |TAMS 0x0000000726c00000, 0x0000000726a00000| Untracked 
| 310|0x0000000726c00000, 0x0000000726e00000, 0x0000000726e00000|100%| O|  |TAMS 0x0000000726e00000, 0x0000000726c00000| Untracked 
| 311|0x0000000726e00000, 0x0000000727000000, 0x0000000727000000|100%| O|  |TAMS 0x0000000727000000, 0x0000000726e00000| Untracked 
| 312|0x0000000727000000, 0x0000000727200000, 0x0000000727200000|100%| O|  |TAMS 0x0000000727200000, 0x0000000727000000| Untracked 
| 313|0x0000000727200000, 0x0000000727400000, 0x0000000727400000|100%| O|  |TAMS 0x0000000727400000, 0x0000000727200000| Untracked 
| 314|0x0000000727400000, 0x0000000727600000, 0x0000000727600000|100%| O|  |TAMS 0x0000000727600000, 0x0000000727400000| Untracked 
| 315|0x0000000727600000, 0x0000000727800000, 0x0000000727800000|100%| O|  |TAMS 0x0000000727800000, 0x0000000727600000| Untracked 
| 316|0x0000000727800000, 0x0000000727a00000, 0x0000000727a00000|100%| O|  |TAMS 0x0000000727a00000, 0x0000000727800000| Untracked 
| 317|0x0000000727a00000, 0x0000000727c00000, 0x0000000727c00000|100%| O|CS|TAMS 0x0000000727c00000, 0x0000000727a00000| Complete 
| 318|0x0000000727c00000, 0x0000000727e00000, 0x0000000727e00000|100%| O|CS|TAMS 0x0000000727e00000, 0x0000000727c00000| Complete 
| 319|0x0000000727e00000, 0x0000000728000000, 0x0000000728000000|100%| O|CS|TAMS 0x0000000728000000, 0x0000000727e00000| Complete 
| 320|0x0000000728000000, 0x0000000728200000, 0x0000000728200000|100%| O|  |TAMS 0x0000000728000000, 0x0000000728000000| Untracked 
| 321|0x0000000728200000, 0x0000000728400000, 0x0000000728400000|100%| O|CS|TAMS 0x0000000728400000, 0x0000000728200000| Complete 
| 322|0x0000000728400000, 0x0000000728600000, 0x0000000728600000|100%| O|CS|TAMS 0x0000000728600000, 0x0000000728400000| Complete 
| 323|0x0000000728600000, 0x0000000728800000, 0x0000000728800000|100%| O|  |TAMS 0x0000000728600000, 0x0000000728600000| Untracked 
| 324|0x0000000728800000, 0x0000000728a00000, 0x0000000728a00000|100%| O|  |TAMS 0x0000000728800000, 0x0000000728800000| Untracked 
| 325|0x0000000728a00000, 0x0000000728c00000, 0x0000000728c00000|100%| O|  |TAMS 0x0000000728a00000, 0x0000000728a00000| Untracked 
| 326|0x0000000728c00000, 0x0000000728e00000, 0x0000000728e00000|100%| O|CS|TAMS 0x0000000728e00000, 0x0000000728c00000| Complete 
| 327|0x0000000728e00000, 0x0000000729000000, 0x0000000729000000|100%| O|CS|TAMS 0x0000000729000000, 0x0000000728e00000| Complete 
| 328|0x0000000729000000, 0x0000000729200000, 0x0000000729200000|100%| O|  |TAMS 0x0000000729200000, 0x0000000729000000| Untracked 
| 329|0x0000000729200000, 0x0000000729400000, 0x0000000729400000|100%| O|CS|TAMS 0x0000000729400000, 0x0000000729200000| Complete 
| 330|0x0000000729400000, 0x0000000729600000, 0x0000000729600000|100%| O|CS|TAMS 0x0000000729600000, 0x0000000729400000| Complete 
| 331|0x0000000729600000, 0x0000000729800000, 0x0000000729800000|100%| O|CS|TAMS 0x0000000729800000, 0x0000000729600000| Complete 
| 332|0x0000000729800000, 0x0000000729a00000, 0x0000000729a00000|100%| O|  |TAMS 0x0000000729a00000, 0x0000000729800000| Untracked 
| 333|0x0000000729a00000, 0x0000000729c00000, 0x0000000729c00000|100%| O|  |TAMS 0x0000000729c00000, 0x0000000729a00000| Untracked 
| 334|0x0000000729c00000, 0x0000000729e00000, 0x0000000729e00000|100%| O|  |TAMS 0x0000000729c00000, 0x0000000729c00000| Untracked 
| 335|0x0000000729e00000, 0x000000072a000000, 0x000000072a000000|100%| O|CS|TAMS 0x000000072a000000, 0x0000000729e00000| Complete 
| 336|0x000000072a000000, 0x000000072a200000, 0x000000072a200000|100%| O|CS|TAMS 0x000000072a200000, 0x000000072a000000| Complete 
| 337|0x000000072a200000, 0x000000072a400000, 0x000000072a400000|100%| O|  |TAMS 0x000000072a200000, 0x000000072a200000| Untracked 
| 338|0x000000072a400000, 0x000000072a600000, 0x000000072a600000|100%| O|  |TAMS 0x000000072a600000, 0x000000072a400000| Untracked 
| 339|0x000000072a600000, 0x000000072a800000, 0x000000072a800000|100%| O|  |TAMS 0x000000072a800000, 0x000000072a600000| Untracked 
| 340|0x000000072a800000, 0x000000072aa00000, 0x000000072aa00000|100%| O|  |TAMS 0x000000072aa00000, 0x000000072a800000| Untracked 
| 341|0x000000072aa00000, 0x000000072ac00000, 0x000000072ac00000|100%| O|CS|TAMS 0x000000072ac00000, 0x000000072aa00000| Complete 
| 342|0x000000072ac00000, 0x000000072ae00000, 0x000000072ae00000|100%| O|  |TAMS 0x000000072ae00000, 0x000000072ac00000| Untracked 
| 343|0x000000072ae00000, 0x000000072b000000, 0x000000072b000000|100%|HS|  |TAMS 0x000000072b000000, 0x000000072ae00000| Complete 
| 344|0x000000072b000000, 0x000000072b200000, 0x000000072b200000|100%|HC|  |TAMS 0x000000072b200000, 0x000000072b000000| Complete 
| 345|0x000000072b200000, 0x000000072b400000, 0x000000072b400000|100%|HS|  |TAMS 0x000000072b400000, 0x000000072b200000| Complete 
| 346|0x000000072b400000, 0x000000072b600000, 0x000000072b600000|100%|HC|  |TAMS 0x000000072b600000, 0x000000072b400000| Complete 
| 347|0x000000072b600000, 0x000000072b800000, 0x000000072b800000|100%| O|  |TAMS 0x000000072b800000, 0x000000072b600000| Untracked 
| 348|0x000000072b800000, 0x000000072ba00000, 0x000000072ba00000|100%| O|  |TAMS 0x000000072ba00000, 0x000000072b800000| Untracked 
| 349|0x000000072ba00000, 0x000000072bc00000, 0x000000072bc00000|100%| O|CS|TAMS 0x000000072bc00000, 0x000000072ba00000| Complete 
| 350|0x000000072bc00000, 0x000000072be00000, 0x000000072be00000|100%| O|CS|TAMS 0x000000072be00000, 0x000000072bc00000| Complete 
| 351|0x000000072be00000, 0x000000072c000000, 0x000000072c000000|100%| O|  |TAMS 0x000000072c000000, 0x000000072be00000| Untracked 
| 352|0x000000072c000000, 0x000000072c200000, 0x000000072c200000|100%| O|  |TAMS 0x000000072c200000, 0x000000072c000000| Untracked 
| 353|0x000000072c200000, 0x000000072c400000, 0x000000072c400000|100%| O|CS|TAMS 0x000000072c400000, 0x000000072c200000| Complete 
| 354|0x000000072c400000, 0x000000072c600000, 0x000000072c600000|100%| O|CS|TAMS 0x000000072c600000, 0x000000072c400000| Complete 
| 355|0x000000072c600000, 0x000000072c800000, 0x000000072c800000|100%| O|  |TAMS 0x000000072c800000, 0x000000072c600000| Untracked 
| 356|0x000000072c800000, 0x000000072ca00000, 0x000000072ca00000|100%| O|  |TAMS 0x000000072ca00000, 0x000000072c800000| Untracked 
| 357|0x000000072ca00000, 0x000000072cc00000, 0x000000072cc00000|100%| O|CS|TAMS 0x000000072cc00000, 0x000000072ca00000| Complete 
| 358|0x000000072cc00000, 0x000000072ce00000, 0x000000072ce00000|100%| O|CS|TAMS 0x000000072ce00000, 0x000000072cc00000| Complete 
| 359|0x000000072ce00000, 0x000000072d000000, 0x000000072d000000|100%| O|CS|TAMS 0x000000072d000000, 0x000000072ce00000| Complete 
| 360|0x000000072d000000, 0x000000072d200000, 0x000000072d200000|100%| O|CS|TAMS 0x000000072d200000, 0x000000072d000000| Complete 
| 361|0x000000072d200000, 0x000000072d400000, 0x000000072d400000|100%| O|CS|TAMS 0x000000072d400000, 0x000000072d200000| Complete 
| 362|0x000000072d400000, 0x000000072d600000, 0x000000072d600000|100%| O|  |TAMS 0x000000072d600000, 0x000000072d400000| Untracked 
| 363|0x000000072d600000, 0x000000072d800000, 0x000000072d800000|100%| O|  |TAMS 0x000000072d600000, 0x000000072d600000| Untracked 
| 364|0x000000072d800000, 0x000000072da00000, 0x000000072da00000|100%| O|CS|TAMS 0x000000072da00000, 0x000000072d800000| Complete 
| 365|0x000000072da00000, 0x000000072dc00000, 0x000000072dc00000|100%| O|  |TAMS 0x000000072da00000, 0x000000072da00000| Untracked 
| 366|0x000000072dc00000, 0x000000072de00000, 0x000000072de00000|100%| O|CS|TAMS 0x000000072de00000, 0x000000072dc00000| Complete 
| 367|0x000000072de00000, 0x000000072e000000, 0x000000072e000000|100%| O|  |TAMS 0x000000072e000000, 0x000000072de00000| Untracked 
| 368|0x000000072e000000, 0x000000072e200000, 0x000000072e200000|100%| O|CS|TAMS 0x000000072e200000, 0x000000072e000000| Complete 
| 369|0x000000072e200000, 0x000000072e400000, 0x000000072e400000|100%| O|CS|TAMS 0x000000072e400000, 0x000000072e200000| Complete 
| 370|0x000000072e400000, 0x000000072e600000, 0x000000072e600000|100%| O|  |TAMS 0x000000072e400000, 0x000000072e400000| Untracked 
| 371|0x000000072e600000, 0x000000072e800000, 0x000000072e800000|100%| O|  |TAMS 0x000000072e600000, 0x000000072e600000| Untracked 
| 372|0x000000072e800000, 0x000000072ea00000, 0x000000072ea00000|100%| O|  |TAMS 0x000000072e800000, 0x000000072e800000| Untracked 
| 373|0x000000072ea00000, 0x000000072ec00000, 0x000000072ec00000|100%| O|CS|TAMS 0x000000072ec00000, 0x000000072ea00000| Complete 
| 374|0x000000072ec00000, 0x000000072ee00000, 0x000000072ee00000|100%| O|  |TAMS 0x000000072ec00000, 0x000000072ec00000| Untracked 
| 375|0x000000072ee00000, 0x000000072f000000, 0x000000072f000000|100%| O|CS|TAMS 0x000000072f000000, 0x000000072ee00000| Complete 
| 376|0x000000072f000000, 0x000000072f200000, 0x000000072f200000|100%| O|  |TAMS 0x000000072f000000, 0x000000072f000000| Untracked 
| 377|0x000000072f200000, 0x000000072f400000, 0x000000072f400000|100%| O|  |TAMS 0x000000072f200000, 0x000000072f200000| Untracked 
| 378|0x000000072f400000, 0x000000072f600000, 0x000000072f600000|100%| O|CS|TAMS 0x000000072f600000, 0x000000072f400000| Complete 
| 379|0x000000072f600000, 0x000000072f800000, 0x000000072f800000|100%| O|  |TAMS 0x000000072f600000, 0x000000072f600000| Untracked 
| 380|0x000000072f800000, 0x000000072f994590, 0x000000072fa00000| 78%| O|  |TAMS 0x000000072f800000, 0x000000072f800000| Untracked 
| 381|0x000000072fa00000, 0x000000072fa00000, 0x000000072fc00000|  0%| F|  |TAMS 0x000000072fa00000, 0x000000072fa00000| Untracked 
| 382|0x000000072fc00000, 0x000000072fc00000, 0x000000072fe00000|  0%| F|  |TAMS 0x000000072fc00000, 0x000000072fc00000| Untracked 
| 383|0x000000072fe00000, 0x000000072fe00000, 0x0000000730000000|  0%| F|  |TAMS 0x000000072fe00000, 0x000000072fe00000| Untracked 
| 384|0x0000000730000000, 0x0000000730000000, 0x0000000730200000|  0%| F|  |TAMS 0x0000000730000000, 0x0000000730000000| Untracked 
| 385|0x0000000730200000, 0x0000000730200000, 0x0000000730400000|  0%| F|  |TAMS 0x0000000730200000, 0x0000000730200000| Untracked 
| 386|0x0000000730400000, 0x0000000730400000, 0x0000000730600000|  0%| F|  |TAMS 0x0000000730400000, 0x0000000730400000| Untracked 
| 387|0x0000000730600000, 0x0000000730600000, 0x0000000730800000|  0%| F|  |TAMS 0x0000000730600000, 0x0000000730600000| Untracked 
| 388|0x0000000730800000, 0x0000000730800000, 0x0000000730a00000|  0%| F|  |TAMS 0x0000000730800000, 0x0000000730800000| Untracked 
| 389|0x0000000730a00000, 0x0000000730a00000, 0x0000000730c00000|  0%| F|  |TAMS 0x0000000730a00000, 0x0000000730a00000| Untracked 
| 390|0x0000000730c00000, 0x0000000730c00000, 0x0000000730e00000|  0%| F|  |TAMS 0x0000000730c00000, 0x0000000730c00000| Untracked 
| 391|0x0000000730e00000, 0x0000000730e00000, 0x0000000731000000|  0%| F|  |TAMS 0x0000000730e00000, 0x0000000730e00000| Untracked 
| 392|0x0000000731000000, 0x0000000731000000, 0x0000000731200000|  0%| F|  |TAMS 0x0000000731000000, 0x0000000731000000| Untracked 
| 393|0x0000000731200000, 0x0000000731200000, 0x0000000731400000|  0%| F|  |TAMS 0x0000000731200000, 0x0000000731200000| Untracked 
| 394|0x0000000731400000, 0x0000000731600000, 0x0000000731600000|100%| O|CS|TAMS 0x0000000731600000, 0x0000000731400000| Complete 
| 395|0x0000000731600000, 0x0000000731800000, 0x0000000731800000|100%| O|  |TAMS 0x0000000731800000, 0x0000000731600000| Untracked 
| 396|0x0000000731800000, 0x0000000731a00000, 0x0000000731a00000|100%| O|  |TAMS 0x0000000731a00000, 0x0000000731800000| Untracked 
| 397|0x0000000731a00000, 0x0000000731c00000, 0x0000000731c00000|100%| O|  |TAMS 0x0000000731c00000, 0x0000000731a00000| Untracked 
| 398|0x0000000731c00000, 0x0000000731e00000, 0x0000000731e00000|100%| O|  |TAMS 0x0000000731e00000, 0x0000000731c00000| Untracked 
| 399|0x0000000731e00000, 0x0000000732000000, 0x0000000732000000|100%| O|  |TAMS 0x0000000732000000, 0x0000000731e00000| Untracked 
| 400|0x0000000732000000, 0x0000000732200000, 0x0000000732200000|100%| O|  |TAMS 0x0000000732200000, 0x0000000732000000| Untracked 
| 401|0x0000000732200000, 0x0000000732400000, 0x0000000732400000|100%| O|CS|TAMS 0x0000000732400000, 0x0000000732200000| Complete 
| 402|0x0000000732400000, 0x0000000732600000, 0x0000000732600000|100%| O|CS|TAMS 0x0000000732600000, 0x0000000732400000| Complete 
| 403|0x0000000732600000, 0x0000000732800000, 0x0000000732800000|100%|HS|  |TAMS 0x0000000732800000, 0x0000000732600000| Complete 
| 404|0x0000000732800000, 0x0000000732a00000, 0x0000000732a00000|100%|HS|  |TAMS 0x0000000732a00000, 0x0000000732800000| Complete 
| 405|0x0000000732a00000, 0x0000000732c00000, 0x0000000732c00000|100%| O|  |TAMS 0x0000000732a00000, 0x0000000732a00000| Untracked 
| 406|0x0000000732c00000, 0x0000000732e00000, 0x0000000732e00000|100%| O|  |TAMS 0x0000000732c00000, 0x0000000732c00000| Untracked 
| 407|0x0000000732e00000, 0x0000000733000000, 0x0000000733000000|100%| O|  |TAMS 0x0000000733000000, 0x0000000732e00000| Untracked 
| 408|0x0000000733000000, 0x0000000733200000, 0x0000000733200000|100%| O|CS|TAMS 0x0000000733200000, 0x0000000733000000| Complete 
| 409|0x0000000733200000, 0x0000000733400000, 0x0000000733400000|100%| O|  |TAMS 0x0000000733200000, 0x0000000733200000| Untracked 
| 410|0x0000000733400000, 0x0000000733600000, 0x0000000733600000|100%| O|  |TAMS 0x0000000733400000, 0x0000000733400000| Untracked 
| 411|0x0000000733600000, 0x0000000733800000, 0x0000000733800000|100%| O|  |TAMS 0x0000000733600000, 0x0000000733600000| Untracked 
| 412|0x0000000733800000, 0x0000000733a00000, 0x0000000733a00000|100%| O|  |TAMS 0x0000000733a00000, 0x0000000733800000| Untracked 
| 413|0x0000000733a00000, 0x0000000733c00000, 0x0000000733c00000|100%| O|  |TAMS 0x0000000733c00000, 0x0000000733a00000| Untracked 
| 414|0x0000000733c00000, 0x0000000733c00000, 0x0000000733e00000|  0%| F|  |TAMS 0x0000000733c00000, 0x0000000733c00000| Untracked 
| 415|0x0000000733e00000, 0x0000000734000000, 0x0000000734000000|100%| O|  |TAMS 0x0000000734000000, 0x0000000733e00000| Untracked 
| 416|0x0000000734000000, 0x0000000734200000, 0x0000000734200000|100%| O|CS|TAMS 0x0000000734200000, 0x0000000734000000| Complete 
| 417|0x0000000734200000, 0x0000000734400000, 0x0000000734400000|100%| O|CS|TAMS 0x0000000734400000, 0x0000000734200000| Complete 
| 418|0x0000000734400000, 0x0000000734600000, 0x0000000734600000|100%| O|  |TAMS 0x0000000734600000, 0x0000000734400000| Untracked 
| 419|0x0000000734600000, 0x0000000734600000, 0x0000000734800000|  0%| F|  |TAMS 0x0000000734600000, 0x0000000734600000| Untracked 
| 420|0x0000000734800000, 0x0000000734a00000, 0x0000000734a00000|100%| O|CS|TAMS 0x0000000734a00000, 0x0000000734800000| Complete 
| 421|0x0000000734a00000, 0x0000000734c00000, 0x0000000734c00000|100%| O|CS|TAMS 0x0000000734c00000, 0x0000000734a00000| Complete 
| 422|0x0000000734c00000, 0x0000000734c00000, 0x0000000734e00000|  0%| F|  |TAMS 0x0000000734c00000, 0x0000000734c00000| Untracked 
| 423|0x0000000734e00000, 0x0000000734e00000, 0x0000000735000000|  0%| F|  |TAMS 0x0000000734e00000, 0x0000000734e00000| Untracked 
| 424|0x0000000735000000, 0x0000000735000000, 0x0000000735200000|  0%| F|  |TAMS 0x0000000735000000, 0x0000000735000000| Untracked 
| 425|0x0000000735200000, 0x0000000735200000, 0x0000000735400000|  0%| F|  |TAMS 0x0000000735200000, 0x0000000735200000| Untracked 
| 426|0x0000000735400000, 0x0000000735400000, 0x0000000735600000|  0%| F|  |TAMS 0x0000000735400000, 0x0000000735400000| Untracked 
| 427|0x0000000735600000, 0x0000000735600000, 0x0000000735800000|  0%| F|  |TAMS 0x0000000735600000, 0x0000000735600000| Untracked 
| 428|0x0000000735800000, 0x0000000735a00000, 0x0000000735a00000|100%| O|CS|TAMS 0x0000000735a00000, 0x0000000735800000| Complete 
| 429|0x0000000735a00000, 0x0000000735a00000, 0x0000000735c00000|  0%| F|  |TAMS 0x0000000735a00000, 0x0000000735a00000| Untracked 
| 430|0x0000000735c00000, 0x0000000735c00000, 0x0000000735e00000|  0%| F|  |TAMS 0x0000000735c00000, 0x0000000735c00000| Untracked 
| 431|0x0000000735e00000, 0x0000000736000000, 0x0000000736000000|100%| O|CS|TAMS 0x0000000736000000, 0x0000000735e00000| Complete 
| 432|0x0000000736000000, 0x0000000736200000, 0x0000000736200000|100%| O|  |TAMS 0x0000000736200000, 0x0000000736000000| Untracked 
| 433|0x0000000736200000, 0x0000000736400000, 0x0000000736400000|100%| O|  |TAMS 0x0000000736400000, 0x0000000736200000| Untracked 
| 434|0x0000000736400000, 0x0000000736600000, 0x0000000736600000|100%| O|  |TAMS 0x0000000736600000, 0x0000000736400000| Untracked 
| 435|0x0000000736600000, 0x0000000736800000, 0x0000000736800000|100%| O|  |TAMS 0x0000000736800000, 0x0000000736600000| Untracked 
| 436|0x0000000736800000, 0x0000000736a00000, 0x0000000736a00000|100%| O|  |TAMS 0x0000000736a00000, 0x0000000736800000| Untracked 
| 437|0x0000000736a00000, 0x0000000736c00000, 0x0000000736c00000|100%| O|CS|TAMS 0x0000000736c00000, 0x0000000736a00000| Complete 
| 438|0x0000000736c00000, 0x0000000736c00000, 0x0000000736e00000|  0%| F|  |TAMS 0x0000000736c00000, 0x0000000736c00000| Untracked 
| 439|0x0000000736e00000, 0x0000000737000000, 0x0000000737000000|100%| O|CS|TAMS 0x0000000737000000, 0x0000000736e00000| Complete 
| 440|0x0000000737000000, 0x0000000737200000, 0x0000000737200000|100%| O|CS|TAMS 0x0000000737200000, 0x0000000737000000| Complete 
| 441|0x0000000737200000, 0x0000000737400000, 0x0000000737400000|100%| O|  |TAMS 0x0000000737400000, 0x0000000737200000| Untracked 
| 442|0x0000000737400000, 0x0000000737600000, 0x0000000737600000|100%| O|  |TAMS 0x0000000737600000, 0x0000000737400000| Untracked 
| 443|0x0000000737600000, 0x0000000737800000, 0x0000000737800000|100%| O|  |TAMS 0x0000000737800000, 0x0000000737600000| Untracked 
| 444|0x0000000737800000, 0x0000000737a00000, 0x0000000737a00000|100%| O|CS|TAMS 0x0000000737a00000, 0x0000000737800000| Complete 
| 445|0x0000000737a00000, 0x0000000737c00000, 0x0000000737c00000|100%| O|CS|TAMS 0x0000000737c00000, 0x0000000737a00000| Complete 
| 446|0x0000000737c00000, 0x0000000737c00000, 0x0000000737e00000|  0%| F|  |TAMS 0x0000000737c00000, 0x0000000737c00000| Untracked 
| 447|0x0000000737e00000, 0x0000000738000000, 0x0000000738000000|100%| O|CS|TAMS 0x0000000738000000, 0x0000000737e00000| Complete 
| 448|0x0000000738000000, 0x0000000738000000, 0x0000000738200000|  0%| F|  |TAMS 0x0000000738000000, 0x0000000738000000| Untracked 
| 449|0x0000000738200000, 0x0000000738200000, 0x0000000738400000|  0%| F|  |TAMS 0x0000000738200000, 0x0000000738200000| Untracked 
| 450|0x0000000738400000, 0x0000000738400000, 0x0000000738600000|  0%| F|  |TAMS 0x0000000738400000, 0x0000000738400000| Untracked 
| 451|0x0000000738600000, 0x0000000738600000, 0x0000000738800000|  0%| F|  |TAMS 0x0000000738600000, 0x0000000738600000| Untracked 
| 452|0x0000000738800000, 0x0000000738a00000, 0x0000000738a00000|100%| O|CS|TAMS 0x0000000738a00000, 0x0000000738800000| Complete 
| 453|0x0000000738a00000, 0x0000000738c00000, 0x0000000738c00000|100%| O|  |TAMS 0x0000000738c00000, 0x0000000738a00000| Untracked 
| 454|0x0000000738c00000, 0x0000000738c00000, 0x0000000738e00000|  0%| F|  |TAMS 0x0000000738c00000, 0x0000000738c00000| Untracked 
| 455|0x0000000738e00000, 0x0000000739000000, 0x0000000739000000|100%| O|  |TAMS 0x0000000739000000, 0x0000000738e00000| Untracked 
| 456|0x0000000739000000, 0x0000000739200000, 0x0000000739200000|100%| O|  |TAMS 0x0000000739200000, 0x0000000739000000| Untracked 
| 457|0x0000000739200000, 0x0000000739400000, 0x0000000739400000|100%| O|  |TAMS 0x0000000739400000, 0x0000000739200000| Untracked 
| 458|0x0000000739400000, 0x0000000739600000, 0x0000000739600000|100%| O|  |TAMS 0x0000000739600000, 0x0000000739400000| Untracked 
| 459|0x0000000739600000, 0x0000000739800000, 0x0000000739800000|100%| O|CS|TAMS 0x0000000739800000, 0x0000000739600000| Complete 
| 460|0x0000000739800000, 0x0000000739a00000, 0x0000000739a00000|100%| O|  |TAMS 0x0000000739a00000, 0x0000000739800000| Untracked 
| 461|0x0000000739a00000, 0x0000000739c00000, 0x0000000739c00000|100%| O|CS|TAMS 0x0000000739c00000, 0x0000000739a00000| Complete 
| 462|0x0000000739c00000, 0x0000000739c00000, 0x0000000739e00000|  0%| F|  |TAMS 0x0000000739c00000, 0x0000000739c00000| Untracked 
| 463|0x0000000739e00000, 0x0000000739e00000, 0x000000073a000000|  0%| F|  |TAMS 0x0000000739e00000, 0x0000000739e00000| Untracked 
| 464|0x000000073a000000, 0x000000073a000000, 0x000000073a200000|  0%| F|  |TAMS 0x000000073a000000, 0x000000073a000000| Untracked 
| 465|0x000000073a200000, 0x000000073a200000, 0x000000073a400000|  0%| F|  |TAMS 0x000000073a200000, 0x000000073a200000| Untracked 
| 466|0x000000073a400000, 0x000000073a400000, 0x000000073a600000|  0%| F|  |TAMS 0x000000073a400000, 0x000000073a400000| Untracked 
| 467|0x000000073a600000, 0x000000073a600000, 0x000000073a800000|  0%| F|  |TAMS 0x000000073a600000, 0x000000073a600000| Untracked 
| 468|0x000000073a800000, 0x000000073aa00000, 0x000000073aa00000|100%| O|  |TAMS 0x000000073aa00000, 0x000000073a800000| Untracked 
| 469|0x000000073aa00000, 0x000000073ac00000, 0x000000073ac00000|100%| O|  |TAMS 0x000000073aa00000, 0x000000073aa00000| Untracked 
| 470|0x000000073ac00000, 0x000000073ae00000, 0x000000073ae00000|100%| O|  |TAMS 0x000000073ac00000, 0x000000073ac00000| Untracked 
| 471|0x000000073ae00000, 0x000000073b000000, 0x000000073b000000|100%| O|  |TAMS 0x000000073ae00000, 0x000000073ae00000| Untracked 
| 472|0x000000073b000000, 0x000000073b200000, 0x000000073b200000|100%| O|  |TAMS 0x000000073b200000, 0x000000073b000000| Untracked 
| 473|0x000000073b200000, 0x000000073b400000, 0x000000073b400000|100%| O|  |TAMS 0x000000073b400000, 0x000000073b200000| Untracked 
| 474|0x000000073b400000, 0x000000073b600000, 0x000000073b600000|100%| O|  |TAMS 0x000000073b600000, 0x000000073b400000| Untracked 
| 475|0x000000073b600000, 0x000000073b800000, 0x000000073b800000|100%| O|CS|TAMS 0x000000073b800000, 0x000000073b600000| Complete 
| 476|0x000000073b800000, 0x000000073ba00000, 0x000000073ba00000|100%| O|CS|TAMS 0x000000073ba00000, 0x000000073b800000| Complete 
| 477|0x000000073ba00000, 0x000000073bc00000, 0x000000073bc00000|100%| O|  |TAMS 0x000000073bc00000, 0x000000073ba00000| Untracked 
| 478|0x000000073bc00000, 0x000000073bc00000, 0x000000073be00000|  0%| F|  |TAMS 0x000000073bc00000, 0x000000073bc00000| Untracked 
| 479|0x000000073be00000, 0x000000073c000000, 0x000000073c000000|100%| O|CS|TAMS 0x000000073c000000, 0x000000073be00000| Complete 
| 480|0x000000073c000000, 0x000000073c200000, 0x000000073c200000|100%| O|CS|TAMS 0x000000073c200000, 0x000000073c000000| Complete 
| 481|0x000000073c200000, 0x000000073c200000, 0x000000073c400000|  0%| F|  |TAMS 0x000000073c200000, 0x000000073c200000| Untracked 
| 482|0x000000073c400000, 0x000000073c600000, 0x000000073c600000|100%| O|CS|TAMS 0x000000073c600000, 0x000000073c400000| Complete 
| 483|0x000000073c600000, 0x000000073c600000, 0x000000073c800000|  0%| F|  |TAMS 0x000000073c600000, 0x000000073c600000| Untracked 
| 484|0x000000073c800000, 0x000000073ca00000, 0x000000073ca00000|100%| O|CS|TAMS 0x000000073ca00000, 0x000000073c800000| Complete 
| 485|0x000000073ca00000, 0x000000073cc00000, 0x000000073cc00000|100%| O|  |TAMS 0x000000073cc00000, 0x000000073ca00000| Untracked 
| 486|0x000000073cc00000, 0x000000073cc00000, 0x000000073ce00000|  0%| F|  |TAMS 0x000000073cc00000, 0x000000073cc00000| Untracked 
| 487|0x000000073ce00000, 0x000000073ce00000, 0x000000073d000000|  0%| F|  |TAMS 0x000000073ce00000, 0x000000073ce00000| Untracked 
| 488|0x000000073d000000, 0x000000073d000000, 0x000000073d200000|  0%| F|  |TAMS 0x000000073d000000, 0x000000073d000000| Untracked 
| 489|0x000000073d200000, 0x000000073d200000, 0x000000073d400000|  0%| F|  |TAMS 0x000000073d200000, 0x000000073d200000| Untracked 
| 490|0x000000073d400000, 0x000000073d600000, 0x000000073d600000|100%| O|CS|TAMS 0x000000073d600000, 0x000000073d400000| Complete 
| 491|0x000000073d600000, 0x000000073d800000, 0x000000073d800000|100%| O|CS|TAMS 0x000000073d800000, 0x000000073d600000| Complete 
| 492|0x000000073d800000, 0x000000073da00000, 0x000000073da00000|100%| O|CS|TAMS 0x000000073da00000, 0x000000073d800000| Complete 
| 493|0x000000073da00000, 0x000000073da00000, 0x000000073dc00000|  0%| F|  |TAMS 0x000000073da00000, 0x000000073da00000| Untracked 
| 494|0x000000073dc00000, 0x000000073dc00000, 0x000000073de00000|  0%| F|  |TAMS 0x000000073dc00000, 0x000000073dc00000| Untracked 
| 495|0x000000073de00000, 0x000000073e000000, 0x000000073e000000|100%| O|  |TAMS 0x000000073de00000, 0x000000073de00000| Untracked 
| 496|0x000000073e000000, 0x000000073e200000, 0x000000073e200000|100%| O|  |TAMS 0x000000073e000000, 0x000000073e000000| Untracked 
| 497|0x000000073e200000, 0x000000073e400000, 0x000000073e400000|100%| O|CS|TAMS 0x000000073e400000, 0x000000073e200000| Complete 
| 498|0x000000073e400000, 0x000000073e400000, 0x000000073e600000|  0%| F|  |TAMS 0x000000073e400000, 0x000000073e400000| Untracked 
| 499|0x000000073e600000, 0x000000073e600000, 0x000000073e800000|  0%| F|  |TAMS 0x000000073e600000, 0x000000073e600000| Untracked 
| 500|0x000000073e800000, 0x000000073e800000, 0x000000073ea00000|  0%| F|  |TAMS 0x000000073e800000, 0x000000073e800000| Untracked 
| 501|0x000000073ea00000, 0x000000073ea00000, 0x000000073ec00000|  0%| F|  |TAMS 0x000000073ea00000, 0x000000073ea00000| Untracked 
| 502|0x000000073ec00000, 0x000000073ec00000, 0x000000073ee00000|  0%| F|  |TAMS 0x000000073ec00000, 0x000000073ec00000| Untracked 
| 503|0x000000073ee00000, 0x000000073ee00000, 0x000000073f000000|  0%| F|  |TAMS 0x000000073ee00000, 0x000000073ee00000| Untracked 
| 504|0x000000073f000000, 0x000000073f000000, 0x000000073f200000|  0%| F|  |TAMS 0x000000073f000000, 0x000000073f000000| Untracked 
| 505|0x000000073f200000, 0x000000073f200000, 0x000000073f400000|  0%| F|  |TAMS 0x000000073f200000, 0x000000073f200000| Untracked 
| 506|0x000000073f400000, 0x000000073f400000, 0x000000073f600000|  0%| F|  |TAMS 0x000000073f400000, 0x000000073f400000| Untracked 
| 507|0x000000073f600000, 0x000000073f600000, 0x000000073f800000|  0%| F|  |TAMS 0x000000073f600000, 0x000000073f600000| Untracked 
| 508|0x000000073f800000, 0x000000073f800000, 0x000000073fa00000|  0%| F|  |TAMS 0x000000073f800000, 0x000000073f800000| Untracked 
| 509|0x000000073fa00000, 0x000000073fa00000, 0x000000073fc00000|  0%| F|  |TAMS 0x000000073fa00000, 0x000000073fa00000| Untracked 
| 510|0x000000073fc00000, 0x000000073fc00000, 0x000000073fe00000|  0%| F|  |TAMS 0x000000073fc00000, 0x000000073fc00000| Untracked 
| 511|0x000000073fe00000, 0x000000073fe00000, 0x0000000740000000|  0%| F|  |TAMS 0x000000073fe00000, 0x000000073fe00000| Untracked 
| 512|0x0000000740000000, 0x0000000740200000, 0x0000000740200000|100%| O|  |TAMS 0x0000000740000000, 0x0000000740000000| Untracked 
| 513|0x0000000740200000, 0x0000000740400000, 0x0000000740400000|100%| O|  |TAMS 0x0000000740200000, 0x0000000740200000| Untracked 
| 514|0x0000000740400000, 0x0000000740600000, 0x0000000740600000|100%| O|CS|TAMS 0x0000000740600000, 0x0000000740400000| Complete 
| 515|0x0000000740600000, 0x0000000740800000, 0x0000000740800000|100%| O|  |TAMS 0x0000000740600000, 0x0000000740600000| Untracked 
| 516|0x0000000740800000, 0x0000000740a00000, 0x0000000740a00000|100%|HS|  |TAMS 0x0000000740a00000, 0x0000000740800000| Complete 
| 517|0x0000000740a00000, 0x0000000740c00000, 0x0000000740c00000|100%|HC|  |TAMS 0x0000000740c00000, 0x0000000740a00000| Complete 
| 518|0x0000000740c00000, 0x0000000740e00000, 0x0000000740e00000|100%| O|  |TAMS 0x0000000740c00000, 0x0000000740c00000| Untracked 
| 519|0x0000000740e00000, 0x0000000741000000, 0x0000000741000000|100%| O|  |TAMS 0x0000000740e00000, 0x0000000740e00000| Untracked 
| 520|0x0000000741000000, 0x0000000741200000, 0x0000000741200000|100%| O|  |TAMS 0x0000000741000000, 0x0000000741000000| Untracked 
| 521|0x0000000741200000, 0x0000000741200000, 0x0000000741400000|  0%| F|  |TAMS 0x0000000741200000, 0x0000000741200000| Untracked 
| 522|0x0000000741400000, 0x0000000741400000, 0x0000000741600000|  0%| F|  |TAMS 0x0000000741400000, 0x0000000741400000| Untracked 
| 523|0x0000000741600000, 0x0000000741600000, 0x0000000741800000|  0%| F|  |TAMS 0x0000000741600000, 0x0000000741600000| Untracked 
| 524|0x0000000741800000, 0x0000000741800000, 0x0000000741a00000|  0%| F|  |TAMS 0x0000000741800000, 0x0000000741800000| Untracked 
| 525|0x0000000741a00000, 0x0000000741a00000, 0x0000000741c00000|  0%| F|  |TAMS 0x0000000741a00000, 0x0000000741a00000| Untracked 
| 526|0x0000000741c00000, 0x0000000741c00000, 0x0000000741e00000|  0%| F|  |TAMS 0x0000000741c00000, 0x0000000741c00000| Untracked 
| 527|0x0000000741e00000, 0x0000000741e00000, 0x0000000742000000|  0%| F|  |TAMS 0x0000000741e00000, 0x0000000741e00000| Untracked 
| 528|0x0000000742000000, 0x0000000742200000, 0x0000000742200000|100%| O|CS|TAMS 0x0000000742200000, 0x0000000742000000| Complete 
| 529|0x0000000742200000, 0x0000000742200000, 0x0000000742400000|  0%| F|  |TAMS 0x0000000742200000, 0x0000000742200000| Untracked 
| 530|0x0000000742400000, 0x0000000742600000, 0x0000000742600000|100%| O|CS|TAMS 0x0000000742600000, 0x0000000742400000| Complete 
| 531|0x0000000742600000, 0x0000000742600000, 0x0000000742800000|  0%| F|  |TAMS 0x0000000742600000, 0x0000000742600000| Untracked 
| 532|0x0000000742800000, 0x0000000742a00000, 0x0000000742a00000|100%| O|  |TAMS 0x0000000742a00000, 0x0000000742800000| Complete 
| 533|0x0000000742a00000, 0x0000000742c00000, 0x0000000742c00000|100%| O|CS|TAMS 0x0000000742c00000, 0x0000000742a00000| Complete 
| 534|0x0000000742c00000, 0x0000000742e00000, 0x0000000742e00000|100%| O|CS|TAMS 0x0000000742e00000, 0x0000000742c00000| Complete 
| 535|0x0000000742e00000, 0x0000000743000000, 0x0000000743000000|100%| O|CS|TAMS 0x0000000743000000, 0x0000000742e00000| Complete 
| 536|0x0000000743000000, 0x0000000743200000, 0x0000000743200000|100%| O|CS|TAMS 0x0000000743200000, 0x0000000743000000| Complete 
| 537|0x0000000743200000, 0x0000000743400000, 0x0000000743400000|100%| O|CS|TAMS 0x0000000743400000, 0x0000000743200000| Complete 
| 538|0x0000000743400000, 0x0000000743600000, 0x0000000743600000|100%| O|CS|TAMS 0x0000000743600000, 0x0000000743400000| Complete 
| 539|0x0000000743600000, 0x0000000743600000, 0x0000000743800000|  0%| F|  |TAMS 0x0000000743600000, 0x0000000743600000| Untracked 
| 540|0x0000000743800000, 0x0000000743800000, 0x0000000743a00000|  0%| F|  |TAMS 0x0000000743800000, 0x0000000743800000| Untracked 
| 541|0x0000000743a00000, 0x0000000743a00000, 0x0000000743c00000|  0%| F|  |TAMS 0x0000000743a00000, 0x0000000743a00000| Untracked 
| 542|0x0000000743c00000, 0x0000000743c00000, 0x0000000743e00000|  0%| F|  |TAMS 0x0000000743c00000, 0x0000000743c00000| Untracked 
| 543|0x0000000743e00000, 0x0000000743e00000, 0x0000000744000000|  0%| F|  |TAMS 0x0000000743e00000, 0x0000000743e00000| Untracked 
| 544|0x0000000744000000, 0x0000000744200000, 0x0000000744200000|100%| O|CS|TAMS 0x0000000744200000, 0x0000000744000000| Complete 
| 545|0x0000000744200000, 0x0000000744400000, 0x0000000744400000|100%| O|  |TAMS 0x0000000744400000, 0x0000000744200000| Untracked 
| 546|0x0000000744400000, 0x0000000744600000, 0x0000000744600000|100%| O|  |TAMS 0x0000000744600000, 0x0000000744400000| Untracked 
| 547|0x0000000744600000, 0x0000000744800000, 0x0000000744800000|100%| O|CS|TAMS 0x0000000744800000, 0x0000000744600000| Complete 
| 548|0x0000000744800000, 0x0000000744800000, 0x0000000744a00000|  0%| F|  |TAMS 0x0000000744800000, 0x0000000744800000| Untracked 
| 549|0x0000000744a00000, 0x0000000744a00000, 0x0000000744c00000|  0%| F|  |TAMS 0x0000000744a00000, 0x0000000744a00000| Untracked 
| 550|0x0000000744c00000, 0x0000000744c00000, 0x0000000744e00000|  0%| F|  |TAMS 0x0000000744c00000, 0x0000000744c00000| Untracked 
| 551|0x0000000744e00000, 0x0000000744e00000, 0x0000000745000000|  0%| F|  |TAMS 0x0000000744e00000, 0x0000000744e00000| Untracked 
| 552|0x0000000745000000, 0x0000000745000000, 0x0000000745200000|  0%| F|  |TAMS 0x0000000745000000, 0x0000000745000000| Untracked 
| 553|0x0000000745200000, 0x0000000745400000, 0x0000000745400000|100%| O|CS|TAMS 0x0000000745400000, 0x0000000745200000| Complete 
| 554|0x0000000745400000, 0x0000000745600000, 0x0000000745600000|100%| O|CS|TAMS 0x0000000745600000, 0x0000000745400000| Complete 
| 555|0x0000000745600000, 0x0000000745800000, 0x0000000745800000|100%| O|CS|TAMS 0x0000000745800000, 0x0000000745600000| Complete 
| 556|0x0000000745800000, 0x0000000745800000, 0x0000000745a00000|  0%| F|  |TAMS 0x0000000745800000, 0x0000000745800000| Untracked 
| 557|0x0000000745a00000, 0x0000000745a00000, 0x0000000745c00000|  0%| F|  |TAMS 0x0000000745a00000, 0x0000000745a00000| Untracked 
| 558|0x0000000745c00000, 0x0000000745c00000, 0x0000000745e00000|  0%| F|  |TAMS 0x0000000745c00000, 0x0000000745c00000| Untracked 
| 559|0x0000000745e00000, 0x0000000746000000, 0x0000000746000000|100%| O|CS|TAMS 0x0000000746000000, 0x0000000745e00000| Complete 
| 560|0x0000000746000000, 0x0000000746200000, 0x0000000746200000|100%| O|  |TAMS 0x0000000746200000, 0x0000000746000000| Untracked 
| 561|0x0000000746200000, 0x0000000746400000, 0x0000000746400000|100%| O|  |TAMS 0x0000000746400000, 0x0000000746200000| Untracked 
| 562|0x0000000746400000, 0x0000000746600000, 0x0000000746600000|100%| O|  |TAMS 0x0000000746600000, 0x0000000746400000| Untracked 
| 563|0x0000000746600000, 0x0000000746800000, 0x0000000746800000|100%| O|  |TAMS 0x0000000746800000, 0x0000000746600000| Untracked 
| 564|0x0000000746800000, 0x0000000746a00000, 0x0000000746a00000|100%| O|  |TAMS 0x0000000746a00000, 0x0000000746800000| Untracked 
| 565|0x0000000746a00000, 0x0000000746c00000, 0x0000000746c00000|100%| O|  |TAMS 0x0000000746c00000, 0x0000000746a00000| Untracked 
| 566|0x0000000746c00000, 0x0000000746e00000, 0x0000000746e00000|100%| O|  |TAMS 0x0000000746e00000, 0x0000000746c00000| Untracked 
| 567|0x0000000746e00000, 0x0000000747000000, 0x0000000747000000|100%| O|  |TAMS 0x0000000747000000, 0x0000000746e00000| Untracked 
| 568|0x0000000747000000, 0x0000000747200000, 0x0000000747200000|100%| O|CS|TAMS 0x0000000747200000, 0x0000000747000000| Complete 
| 569|0x0000000747200000, 0x0000000747400000, 0x0000000747400000|100%| O|CS|TAMS 0x0000000747400000, 0x0000000747200000| Complete 
| 570|0x0000000747400000, 0x0000000747600000, 0x0000000747600000|100%| O|CS|TAMS 0x0000000747600000, 0x0000000747400000| Complete 
| 571|0x0000000747600000, 0x0000000747800000, 0x0000000747800000|100%| O|CS|TAMS 0x0000000747800000, 0x0000000747600000| Complete 
| 572|0x0000000747800000, 0x0000000747a00000, 0x0000000747a00000|100%| O|CS|TAMS 0x0000000747a00000, 0x0000000747800000| Complete 
| 573|0x0000000747a00000, 0x0000000747c00000, 0x0000000747c00000|100%| O|CS|TAMS 0x0000000747c00000, 0x0000000747a00000| Complete 
| 574|0x0000000747c00000, 0x0000000747e00000, 0x0000000747e00000|100%| O|CS|TAMS 0x0000000747e00000, 0x0000000747c00000| Complete 
| 575|0x0000000747e00000, 0x0000000748000000, 0x0000000748000000|100%| O|CS|TAMS 0x0000000748000000, 0x0000000747e00000| Complete 
| 576|0x0000000748000000, 0x0000000748200000, 0x0000000748200000|100%| O|CS|TAMS 0x0000000748200000, 0x0000000748000000| Complete 
| 577|0x0000000748200000, 0x0000000748400000, 0x0000000748400000|100%| O|CS|TAMS 0x0000000748400000, 0x0000000748200000| Complete 
| 578|0x0000000748400000, 0x0000000748600000, 0x0000000748600000|100%| O|CS|TAMS 0x0000000748600000, 0x0000000748400000| Complete 
| 579|0x0000000748600000, 0x0000000748800000, 0x0000000748800000|100%| O|  |TAMS 0x0000000748800000, 0x0000000748600000| Untracked 
| 580|0x0000000748800000, 0x0000000748800000, 0x0000000748a00000|  0%| F|  |TAMS 0x0000000748800000, 0x0000000748800000| Untracked 
| 581|0x0000000748a00000, 0x0000000748a00000, 0x0000000748c00000|  0%| F|  |TAMS 0x0000000748a00000, 0x0000000748a00000| Untracked 
| 582|0x0000000748c00000, 0x0000000748e00000, 0x0000000748e00000|100%|HS|  |TAMS 0x0000000748e00000, 0x0000000748c00000| Complete 
| 583|0x0000000748e00000, 0x0000000749000000, 0x0000000749000000|100%| O|  |TAMS 0x0000000749000000, 0x0000000748e00000| Untracked 
| 584|0x0000000749000000, 0x0000000749200000, 0x0000000749200000|100%| O|  |TAMS 0x0000000749200000, 0x0000000749000000| Untracked 
| 585|0x0000000749200000, 0x0000000749400000, 0x0000000749400000|100%| O|  |TAMS 0x0000000749400000, 0x0000000749200000| Untracked 
| 586|0x0000000749400000, 0x0000000749600000, 0x0000000749600000|100%| O|  |TAMS 0x0000000749600000, 0x0000000749400000| Untracked 
| 587|0x0000000749600000, 0x0000000749800000, 0x0000000749800000|100%| O|  |TAMS 0x0000000749800000, 0x0000000749600000| Untracked 
| 588|0x0000000749800000, 0x0000000749a00000, 0x0000000749a00000|100%| O|CS|TAMS 0x0000000749a00000, 0x0000000749800000| Complete 
| 589|0x0000000749a00000, 0x0000000749c00000, 0x0000000749c00000|100%| O|  |TAMS 0x0000000749c00000, 0x0000000749a00000| Untracked 
| 590|0x0000000749c00000, 0x0000000749e00000, 0x0000000749e00000|100%| O|  |TAMS 0x0000000749e00000, 0x0000000749c00000| Untracked 
| 591|0x0000000749e00000, 0x000000074a000000, 0x000000074a000000|100%| O|CS|TAMS 0x000000074a000000, 0x0000000749e00000| Complete 
| 592|0x000000074a000000, 0x000000074a000000, 0x000000074a200000|  0%| F|  |TAMS 0x000000074a000000, 0x000000074a000000| Untracked 
| 593|0x000000074a200000, 0x000000074a400000, 0x000000074a400000|100%| O|  |TAMS 0x000000074a400000, 0x000000074a200000| Untracked 
| 594|0x000000074a400000, 0x000000074a600000, 0x000000074a600000|100%| O|  |TAMS 0x000000074a600000, 0x000000074a400000| Untracked 
| 595|0x000000074a600000, 0x000000074a800000, 0x000000074a800000|100%| O|  |TAMS 0x000000074a800000, 0x000000074a600000| Untracked 
| 596|0x000000074a800000, 0x000000074aa00000, 0x000000074aa00000|100%| O|  |TAMS 0x000000074aa00000, 0x000000074a800000| Untracked 
| 597|0x000000074aa00000, 0x000000074ac00000, 0x000000074ac00000|100%| O|  |TAMS 0x000000074ac00000, 0x000000074aa00000| Untracked 
| 598|0x000000074ac00000, 0x000000074ae00000, 0x000000074ae00000|100%| O|  |TAMS 0x000000074ae00000, 0x000000074ac00000| Untracked 
| 599|0x000000074ae00000, 0x000000074b000000, 0x000000074b000000|100%| O|  |TAMS 0x000000074b000000, 0x000000074ae00000| Untracked 
| 600|0x000000074b000000, 0x000000074b200000, 0x000000074b200000|100%| O|  |TAMS 0x000000074b200000, 0x000000074b000000| Untracked 
| 601|0x000000074b200000, 0x000000074b400000, 0x000000074b400000|100%| O|  |TAMS 0x000000074b400000, 0x000000074b200000| Untracked 
| 602|0x000000074b400000, 0x000000074b600000, 0x000000074b600000|100%| O|  |TAMS 0x000000074b600000, 0x000000074b400000| Untracked 
| 603|0x000000074b600000, 0x000000074b800000, 0x000000074b800000|100%| O|  |TAMS 0x000000074b800000, 0x000000074b600000| Untracked 
| 604|0x000000074b800000, 0x000000074ba00000, 0x000000074ba00000|100%| O|  |TAMS 0x000000074ba00000, 0x000000074b800000| Untracked 
| 605|0x000000074ba00000, 0x000000074bc00000, 0x000000074bc00000|100%| O|  |TAMS 0x000000074bc00000, 0x000000074ba00000| Untracked 
| 606|0x000000074bc00000, 0x000000074be00000, 0x000000074be00000|100%| O|  |TAMS 0x000000074be00000, 0x000000074bc00000| Untracked 
| 607|0x000000074be00000, 0x000000074c000000, 0x000000074c000000|100%| O|  |TAMS 0x000000074c000000, 0x000000074be00000| Untracked 
| 608|0x000000074c000000, 0x000000074c000000, 0x000000074c200000|  0%| F|  |TAMS 0x000000074c000000, 0x000000074c000000| Untracked 
| 609|0x000000074c200000, 0x000000074c400000, 0x000000074c400000|100%| O|CS|TAMS 0x000000074c400000, 0x000000074c200000| Complete 
| 610|0x000000074c400000, 0x000000074c400000, 0x000000074c600000|  0%| F|  |TAMS 0x000000074c400000, 0x000000074c400000| Untracked 
| 611|0x000000074c600000, 0x000000074c800000, 0x000000074c800000|100%| O|CS|TAMS 0x000000074c800000, 0x000000074c600000| Complete 
| 612|0x000000074c800000, 0x000000074c800000, 0x000000074ca00000|  0%| F|  |TAMS 0x000000074c800000, 0x000000074c800000| Untracked 
| 613|0x000000074ca00000, 0x000000074ca00000, 0x000000074cc00000|  0%| F|  |TAMS 0x000000074ca00000, 0x000000074ca00000| Untracked 
| 614|0x000000074cc00000, 0x000000074cc00000, 0x000000074ce00000|  0%| F|  |TAMS 0x000000074cc00000, 0x000000074cc00000| Untracked 
| 615|0x000000074ce00000, 0x000000074ce00000, 0x000000074d000000|  0%| F|  |TAMS 0x000000074ce00000, 0x000000074ce00000| Untracked 
| 616|0x000000074d000000, 0x000000074d000000, 0x000000074d200000|  0%| F|  |TAMS 0x000000074d000000, 0x000000074d000000| Untracked 
| 617|0x000000074d200000, 0x000000074d200000, 0x000000074d400000|  0%| F|  |TAMS 0x000000074d200000, 0x000000074d200000| Untracked 
| 618|0x000000074d400000, 0x000000074d400000, 0x000000074d600000|  0%| F|  |TAMS 0x000000074d400000, 0x000000074d400000| Untracked 
| 619|0x000000074d600000, 0x000000074d600000, 0x000000074d800000|  0%| F|  |TAMS 0x000000074d600000, 0x000000074d600000| Untracked 
| 620|0x000000074d800000, 0x000000074d800000, 0x000000074da00000|  0%| F|  |TAMS 0x000000074d800000, 0x000000074d800000| Untracked 
| 621|0x000000074da00000, 0x000000074dc00000, 0x000000074dc00000|100%| O|  |TAMS 0x000000074dc00000, 0x000000074da00000| Untracked 
| 622|0x000000074dc00000, 0x000000074de00000, 0x000000074de00000|100%| O|  |TAMS 0x000000074de00000, 0x000000074dc00000| Untracked 
| 623|0x000000074de00000, 0x000000074e000000, 0x000000074e000000|100%| O|CS|TAMS 0x000000074e000000, 0x000000074de00000| Complete 
| 624|0x000000074e000000, 0x000000074e200000, 0x000000074e200000|100%| O|CS|TAMS 0x000000074e200000, 0x000000074e000000| Complete 
| 625|0x000000074e200000, 0x000000074e400000, 0x000000074e400000|100%| O|CS|TAMS 0x000000074e400000, 0x000000074e200000| Complete 
| 626|0x000000074e400000, 0x000000074e400000, 0x000000074e600000|  0%| F|  |TAMS 0x000000074e400000, 0x000000074e400000| Untracked 
| 627|0x000000074e600000, 0x000000074e600000, 0x000000074e800000|  0%| F|  |TAMS 0x000000074e600000, 0x000000074e600000| Untracked 
| 628|0x000000074e800000, 0x000000074ea00000, 0x000000074ea00000|100%| O|CS|TAMS 0x000000074ea00000, 0x000000074e800000| Complete 
| 629|0x000000074ea00000, 0x000000074ea00000, 0x000000074ec00000|  0%| F|  |TAMS 0x000000074ea00000, 0x000000074ea00000| Untracked 
| 630|0x000000074ec00000, 0x000000074ee00000, 0x000000074ee00000|100%| O|CS|TAMS 0x000000074ee00000, 0x000000074ec00000| Complete 
| 631|0x000000074ee00000, 0x000000074ee00000, 0x000000074f000000|  0%| F|  |TAMS 0x000000074ee00000, 0x000000074ee00000| Untracked 
| 632|0x000000074f000000, 0x000000074f000000, 0x000000074f200000|  0%| F|  |TAMS 0x000000074f000000, 0x000000074f000000| Untracked 
| 633|0x000000074f200000, 0x000000074f400000, 0x000000074f400000|100%| O|CS|TAMS 0x000000074f400000, 0x000000074f200000| Complete 
| 634|0x000000074f400000, 0x000000074f400000, 0x000000074f600000|  0%| F|  |TAMS 0x000000074f400000, 0x000000074f400000| Untracked 
| 635|0x000000074f600000, 0x000000074f600000, 0x000000074f800000|  0%| F|  |TAMS 0x000000074f600000, 0x000000074f600000| Untracked 
| 636|0x000000074f800000, 0x000000074f800000, 0x000000074fa00000|  0%| F|  |TAMS 0x000000074f800000, 0x000000074f800000| Untracked 
| 637|0x000000074fa00000, 0x000000074fa00000, 0x000000074fc00000|  0%| F|  |TAMS 0x000000074fa00000, 0x000000074fa00000| Untracked 
| 638|0x000000074fc00000, 0x000000074fc00000, 0x000000074fe00000|  0%| F|  |TAMS 0x000000074fc00000, 0x000000074fc00000| Untracked 
| 639|0x000000074fe00000, 0x000000074fe00000, 0x0000000750000000|  0%| F|  |TAMS 0x000000074fe00000, 0x000000074fe00000| Untracked 
| 640|0x0000000750000000, 0x0000000750000000, 0x0000000750200000|  0%| F|  |TAMS 0x0000000750000000, 0x0000000750000000| Untracked 
| 641|0x0000000750200000, 0x0000000750200000, 0x0000000750400000|  0%| F|  |TAMS 0x0000000750200000, 0x0000000750200000| Untracked 
| 642|0x0000000750400000, 0x0000000750400000, 0x0000000750600000|  0%| F|  |TAMS 0x0000000750400000, 0x0000000750400000| Untracked 
| 643|0x0000000750600000, 0x0000000750600000, 0x0000000750800000|  0%| F|  |TAMS 0x0000000750600000, 0x0000000750600000| Untracked 
| 644|0x0000000750800000, 0x0000000750800000, 0x0000000750a00000|  0%| F|  |TAMS 0x0000000750800000, 0x0000000750800000| Untracked 
| 645|0x0000000750a00000, 0x0000000750a00000, 0x0000000750c00000|  0%| F|  |TAMS 0x0000000750a00000, 0x0000000750a00000| Untracked 
| 646|0x0000000750c00000, 0x0000000750c00000, 0x0000000750e00000|  0%| F|  |TAMS 0x0000000750c00000, 0x0000000750c00000| Untracked 
| 647|0x0000000750e00000, 0x0000000750e00000, 0x0000000751000000|  0%| F|  |TAMS 0x0000000750e00000, 0x0000000750e00000| Untracked 
| 648|0x0000000751000000, 0x0000000751000000, 0x0000000751200000|  0%| F|  |TAMS 0x0000000751000000, 0x0000000751000000| Untracked 
| 649|0x0000000751200000, 0x0000000751200000, 0x0000000751400000|  0%| F|  |TAMS 0x0000000751200000, 0x0000000751200000| Untracked 
| 650|0x0000000751400000, 0x0000000751400000, 0x0000000751600000|  0%| F|  |TAMS 0x0000000751400000, 0x0000000751400000| Untracked 
| 651|0x0000000751600000, 0x0000000751600000, 0x0000000751800000|  0%| F|  |TAMS 0x0000000751600000, 0x0000000751600000| Untracked 
| 652|0x0000000751800000, 0x0000000751800000, 0x0000000751a00000|  0%| F|  |TAMS 0x0000000751800000, 0x0000000751800000| Untracked 
| 653|0x0000000751a00000, 0x0000000751a00000, 0x0000000751c00000|  0%| F|  |TAMS 0x0000000751a00000, 0x0000000751a00000| Untracked 
| 654|0x0000000751c00000, 0x0000000751c00000, 0x0000000751e00000|  0%| F|  |TAMS 0x0000000751c00000, 0x0000000751c00000| Untracked 
| 655|0x0000000751e00000, 0x0000000751e00000, 0x0000000752000000|  0%| F|  |TAMS 0x0000000751e00000, 0x0000000751e00000| Untracked 
| 656|0x0000000752000000, 0x0000000752000000, 0x0000000752200000|  0%| F|  |TAMS 0x0000000752000000, 0x0000000752000000| Untracked 
| 657|0x0000000752200000, 0x0000000752200000, 0x0000000752400000|  0%| F|  |TAMS 0x0000000752200000, 0x0000000752200000| Untracked 
| 658|0x0000000752400000, 0x0000000752400000, 0x0000000752600000|  0%| F|  |TAMS 0x0000000752400000, 0x0000000752400000| Untracked 
| 659|0x0000000752600000, 0x0000000752600000, 0x0000000752800000|  0%| F|  |TAMS 0x0000000752600000, 0x0000000752600000| Untracked 
| 660|0x0000000752800000, 0x0000000752800000, 0x0000000752a00000|  0%| F|  |TAMS 0x0000000752800000, 0x0000000752800000| Untracked 
| 661|0x0000000752a00000, 0x0000000752a00000, 0x0000000752c00000|  0%| F|  |TAMS 0x0000000752a00000, 0x0000000752a00000| Untracked 
| 662|0x0000000752c00000, 0x0000000752c00000, 0x0000000752e00000|  0%| F|  |TAMS 0x0000000752c00000, 0x0000000752c00000| Untracked 
| 663|0x0000000752e00000, 0x0000000752e00000, 0x0000000753000000|  0%| F|  |TAMS 0x0000000752e00000, 0x0000000752e00000| Untracked 
| 664|0x0000000753000000, 0x0000000753000000, 0x0000000753200000|  0%| F|  |TAMS 0x0000000753000000, 0x0000000753000000| Untracked 
| 665|0x0000000753200000, 0x0000000753200000, 0x0000000753400000|  0%| F|  |TAMS 0x0000000753200000, 0x0000000753200000| Untracked 
| 666|0x0000000753400000, 0x0000000753600000, 0x0000000753600000|100%| O|  |TAMS 0x0000000753600000, 0x0000000753400000| Untracked 
| 667|0x0000000753600000, 0x0000000753800000, 0x0000000753800000|100%| O|  |TAMS 0x0000000753800000, 0x0000000753600000| Untracked 
| 668|0x0000000753800000, 0x0000000753a00000, 0x0000000753a00000|100%| O|  |TAMS 0x0000000753a00000, 0x0000000753800000| Untracked 
| 669|0x0000000753a00000, 0x0000000753a00000, 0x0000000753c00000|  0%| F|  |TAMS 0x0000000753a00000, 0x0000000753a00000| Untracked 
| 670|0x0000000753c00000, 0x0000000753e00000, 0x0000000753e00000|100%| O|CS|TAMS 0x0000000753e00000, 0x0000000753c00000| Complete 
| 671|0x0000000753e00000, 0x0000000753e00000, 0x0000000754000000|  0%| F|  |TAMS 0x0000000753e00000, 0x0000000753e00000| Untracked 
| 672|0x0000000754000000, 0x0000000754000000, 0x0000000754200000|  0%| F|  |TAMS 0x0000000754000000, 0x0000000754000000| Untracked 
| 673|0x0000000754200000, 0x0000000754400000, 0x0000000754400000|100%| O|CS|TAMS 0x0000000754400000, 0x0000000754200000| Complete 
| 674|0x0000000754400000, 0x0000000754600000, 0x0000000754600000|100%| O|CS|TAMS 0x0000000754600000, 0x0000000754400000| Complete 
| 675|0x0000000754600000, 0x0000000754800000, 0x0000000754800000|100%| O|CS|TAMS 0x0000000754800000, 0x0000000754600000| Complete 
| 676|0x0000000754800000, 0x0000000754800000, 0x0000000754a00000|  0%| F|  |TAMS 0x0000000754800000, 0x0000000754800000| Untracked 
| 677|0x0000000754a00000, 0x0000000754a00000, 0x0000000754c00000|  0%| F|  |TAMS 0x0000000754a00000, 0x0000000754a00000| Untracked 
| 678|0x0000000754c00000, 0x0000000754c00000, 0x0000000754e00000|  0%| F|  |TAMS 0x0000000754c00000, 0x0000000754c00000| Untracked 
| 679|0x0000000754e00000, 0x0000000754e00000, 0x0000000755000000|  0%| F|  |TAMS 0x0000000754e00000, 0x0000000754e00000| Untracked 
| 680|0x0000000755000000, 0x0000000755000000, 0x0000000755200000|  0%| F|  |TAMS 0x0000000755000000, 0x0000000755000000| Untracked 
| 681|0x0000000755200000, 0x0000000755200000, 0x0000000755400000|  0%| F|  |TAMS 0x0000000755200000, 0x0000000755200000| Untracked 
| 682|0x0000000755400000, 0x0000000755400000, 0x0000000755600000|  0%| F|  |TAMS 0x0000000755400000, 0x0000000755400000| Untracked 
| 683|0x0000000755600000, 0x0000000755600000, 0x0000000755800000|  0%| F|  |TAMS 0x0000000755600000, 0x0000000755600000| Untracked 
| 684|0x0000000755800000, 0x0000000755800000, 0x0000000755a00000|  0%| F|  |TAMS 0x0000000755800000, 0x0000000755800000| Untracked 
| 685|0x0000000755a00000, 0x0000000755a00000, 0x0000000755c00000|  0%| F|  |TAMS 0x0000000755a00000, 0x0000000755a00000| Untracked 
| 686|0x0000000755c00000, 0x0000000755c00000, 0x0000000755e00000|  0%| F|  |TAMS 0x0000000755c00000, 0x0000000755c00000| Untracked 
| 687|0x0000000755e00000, 0x0000000755e00000, 0x0000000756000000|  0%| F|  |TAMS 0x0000000755e00000, 0x0000000755e00000| Untracked 
| 688|0x0000000756000000, 0x0000000756000000, 0x0000000756200000|  0%| F|  |TAMS 0x0000000756000000, 0x0000000756000000| Untracked 
| 689|0x0000000756200000, 0x0000000756200000, 0x0000000756400000|  0%| F|  |TAMS 0x0000000756200000, 0x0000000756200000| Untracked 
| 690|0x0000000756400000, 0x0000000756400000, 0x0000000756600000|  0%| F|  |TAMS 0x0000000756400000, 0x0000000756400000| Untracked 
| 691|0x0000000756600000, 0x0000000756600000, 0x0000000756800000|  0%| F|  |TAMS 0x0000000756600000, 0x0000000756600000| Untracked 
| 692|0x0000000756800000, 0x0000000756a00000, 0x0000000756a00000|100%|HS|  |TAMS 0x0000000756a00000, 0x0000000756800000| Complete 
| 693|0x0000000756a00000, 0x0000000756c00000, 0x0000000756c00000|100%|HC|  |TAMS 0x0000000756c00000, 0x0000000756a00000| Complete 
| 694|0x0000000756c00000, 0x0000000756e00000, 0x0000000756e00000|100%|HC|  |TAMS 0x0000000756e00000, 0x0000000756c00000| Complete 
| 695|0x0000000756e00000, 0x0000000757000000, 0x0000000757000000|100%|HC|  |TAMS 0x0000000757000000, 0x0000000756e00000| Complete 
| 696|0x0000000757000000, 0x0000000757000000, 0x0000000757200000|  0%| F|  |TAMS 0x0000000757000000, 0x0000000757000000| Untracked 
| 697|0x0000000757200000, 0x0000000757200000, 0x0000000757400000|  0%| F|  |TAMS 0x0000000757200000, 0x0000000757200000| Untracked 
| 698|0x0000000757400000, 0x0000000757400000, 0x0000000757600000|  0%| F|  |TAMS 0x0000000757400000, 0x0000000757400000| Untracked 
| 699|0x0000000757600000, 0x0000000757600000, 0x0000000757800000|  0%| F|  |TAMS 0x0000000757600000, 0x0000000757600000| Untracked 
| 700|0x0000000757800000, 0x0000000757800000, 0x0000000757a00000|  0%| F|  |TAMS 0x0000000757800000, 0x0000000757800000| Untracked 
| 701|0x0000000757a00000, 0x0000000757a00000, 0x0000000757c00000|  0%| F|  |TAMS 0x0000000757a00000, 0x0000000757a00000| Untracked 
| 702|0x0000000757c00000, 0x0000000757c00000, 0x0000000757e00000|  0%| F|  |TAMS 0x0000000757c00000, 0x0000000757c00000| Untracked 
| 703|0x0000000757e00000, 0x0000000757e00000, 0x0000000758000000|  0%| F|  |TAMS 0x0000000757e00000, 0x0000000757e00000| Untracked 
| 704|0x0000000758000000, 0x0000000758000000, 0x0000000758200000|  0%| F|  |TAMS 0x0000000758000000, 0x0000000758000000| Untracked 
| 705|0x0000000758200000, 0x0000000758200000, 0x0000000758400000|  0%| F|  |TAMS 0x0000000758200000, 0x0000000758200000| Untracked 
| 706|0x0000000758400000, 0x0000000758400000, 0x0000000758600000|  0%| F|  |TAMS 0x0000000758400000, 0x0000000758400000| Untracked 
| 707|0x0000000758600000, 0x0000000758600000, 0x0000000758800000|  0%| F|  |TAMS 0x0000000758600000, 0x0000000758600000| Untracked 
| 708|0x0000000758800000, 0x0000000758800000, 0x0000000758a00000|  0%| F|  |TAMS 0x0000000758800000, 0x0000000758800000| Untracked 
| 709|0x0000000758a00000, 0x0000000758a00000, 0x0000000758c00000|  0%| F|  |TAMS 0x0000000758a00000, 0x0000000758a00000| Untracked 
| 710|0x0000000758c00000, 0x0000000758c00000, 0x0000000758e00000|  0%| F|  |TAMS 0x0000000758c00000, 0x0000000758c00000| Untracked 
| 711|0x0000000758e00000, 0x0000000758e00000, 0x0000000759000000|  0%| F|  |TAMS 0x0000000758e00000, 0x0000000758e00000| Untracked 
| 712|0x0000000759000000, 0x0000000759000000, 0x0000000759200000|  0%| F|  |TAMS 0x0000000759000000, 0x0000000759000000| Untracked 
| 713|0x0000000759200000, 0x0000000759200000, 0x0000000759400000|  0%| F|  |TAMS 0x0000000759200000, 0x0000000759200000| Untracked 
| 714|0x0000000759400000, 0x0000000759400000, 0x0000000759600000|  0%| F|  |TAMS 0x0000000759400000, 0x0000000759400000| Untracked 
| 715|0x0000000759600000, 0x0000000759600000, 0x0000000759800000|  0%| F|  |TAMS 0x0000000759600000, 0x0000000759600000| Untracked 
| 716|0x0000000759800000, 0x0000000759800000, 0x0000000759a00000|  0%| F|  |TAMS 0x0000000759800000, 0x0000000759800000| Untracked 
| 717|0x0000000759a00000, 0x0000000759a00000, 0x0000000759c00000|  0%| F|  |TAMS 0x0000000759a00000, 0x0000000759a00000| Untracked 
| 718|0x0000000759c00000, 0x0000000759c00000, 0x0000000759e00000|  0%| F|  |TAMS 0x0000000759c00000, 0x0000000759c00000| Untracked 
| 719|0x0000000759e00000, 0x0000000759e00000, 0x000000075a000000|  0%| F|  |TAMS 0x0000000759e00000, 0x0000000759e00000| Untracked 
| 720|0x000000075a000000, 0x000000075a000000, 0x000000075a200000|  0%| F|  |TAMS 0x000000075a000000, 0x000000075a000000| Untracked 
| 721|0x000000075a200000, 0x000000075a200000, 0x000000075a400000|  0%| F|  |TAMS 0x000000075a200000, 0x000000075a200000| Untracked 
| 722|0x000000075a400000, 0x000000075a400000, 0x000000075a600000|  0%| F|  |TAMS 0x000000075a400000, 0x000000075a400000| Untracked 
| 723|0x000000075a600000, 0x000000075a600000, 0x000000075a800000|  0%| F|  |TAMS 0x000000075a600000, 0x000000075a600000| Untracked 
| 724|0x000000075a800000, 0x000000075a800000, 0x000000075aa00000|  0%| F|  |TAMS 0x000000075a800000, 0x000000075a800000| Untracked 
| 725|0x000000075aa00000, 0x000000075aa00000, 0x000000075ac00000|  0%| F|  |TAMS 0x000000075aa00000, 0x000000075aa00000| Untracked 
| 726|0x000000075ac00000, 0x000000075ac00000, 0x000000075ae00000|  0%| F|  |TAMS 0x000000075ac00000, 0x000000075ac00000| Untracked 
| 727|0x000000075ae00000, 0x000000075ae00000, 0x000000075b000000|  0%| F|  |TAMS 0x000000075ae00000, 0x000000075ae00000| Untracked 
| 728|0x000000075b000000, 0x000000075b000000, 0x000000075b200000|  0%| F|  |TAMS 0x000000075b000000, 0x000000075b000000| Untracked 
| 729|0x000000075b200000, 0x000000075b200000, 0x000000075b400000|  0%| F|  |TAMS 0x000000075b200000, 0x000000075b200000| Untracked 
| 730|0x000000075b400000, 0x000000075b400000, 0x000000075b600000|  0%| F|  |TAMS 0x000000075b400000, 0x000000075b400000| Untracked 
| 731|0x000000075b600000, 0x000000075b600000, 0x000000075b800000|  0%| F|  |TAMS 0x000000075b600000, 0x000000075b600000| Untracked 
| 732|0x000000075b800000, 0x000000075b800000, 0x000000075ba00000|  0%| F|  |TAMS 0x000000075b800000, 0x000000075b800000| Untracked 
| 733|0x000000075ba00000, 0x000000075ba00000, 0x000000075bc00000|  0%| F|  |TAMS 0x000000075ba00000, 0x000000075ba00000| Untracked 
| 734|0x000000075bc00000, 0x000000075bc00000, 0x000000075be00000|  0%| F|  |TAMS 0x000000075bc00000, 0x000000075bc00000| Untracked 
| 735|0x000000075be00000, 0x000000075be00000, 0x000000075c000000|  0%| F|  |TAMS 0x000000075be00000, 0x000000075be00000| Untracked 
| 736|0x000000075c000000, 0x000000075c000000, 0x000000075c200000|  0%| F|  |TAMS 0x000000075c000000, 0x000000075c000000| Untracked 
| 737|0x000000075c200000, 0x000000075c200000, 0x000000075c400000|  0%| F|  |TAMS 0x000000075c200000, 0x000000075c200000| Untracked 
| 738|0x000000075c400000, 0x000000075c400000, 0x000000075c600000|  0%| F|  |TAMS 0x000000075c400000, 0x000000075c400000| Untracked 
| 739|0x000000075c600000, 0x000000075c600000, 0x000000075c800000|  0%| F|  |TAMS 0x000000075c600000, 0x000000075c600000| Untracked 
| 740|0x000000075c800000, 0x000000075c800000, 0x000000075ca00000|  0%| F|  |TAMS 0x000000075c800000, 0x000000075c800000| Untracked 
| 741|0x000000075ca00000, 0x000000075ca00000, 0x000000075cc00000|  0%| F|  |TAMS 0x000000075ca00000, 0x000000075ca00000| Untracked 
| 742|0x000000075cc00000, 0x000000075cc00000, 0x000000075ce00000|  0%| F|  |TAMS 0x000000075cc00000, 0x000000075cc00000| Untracked 
| 743|0x000000075ce00000, 0x000000075ce00000, 0x000000075d000000|  0%| F|  |TAMS 0x000000075ce00000, 0x000000075ce00000| Untracked 
| 744|0x000000075d000000, 0x000000075d000000, 0x000000075d200000|  0%| F|  |TAMS 0x000000075d000000, 0x000000075d000000| Untracked 
| 745|0x000000075d200000, 0x000000075d200000, 0x000000075d400000|  0%| F|  |TAMS 0x000000075d200000, 0x000000075d200000| Untracked 
| 746|0x000000075d400000, 0x000000075d400000, 0x000000075d600000|  0%| F|  |TAMS 0x000000075d400000, 0x000000075d400000| Untracked 
| 747|0x000000075d600000, 0x000000075d600000, 0x000000075d800000|  0%| F|  |TAMS 0x000000075d600000, 0x000000075d600000| Untracked 
| 748|0x000000075d800000, 0x000000075d800000, 0x000000075da00000|  0%| F|  |TAMS 0x000000075d800000, 0x000000075d800000| Untracked 
| 749|0x000000075da00000, 0x000000075da00000, 0x000000075dc00000|  0%| F|  |TAMS 0x000000075da00000, 0x000000075da00000| Untracked 
| 750|0x000000075dc00000, 0x000000075dc00000, 0x000000075de00000|  0%| F|  |TAMS 0x000000075dc00000, 0x000000075dc00000| Untracked 
| 751|0x000000075de00000, 0x000000075de00000, 0x000000075e000000|  0%| F|  |TAMS 0x000000075de00000, 0x000000075de00000| Untracked 
| 752|0x000000075e000000, 0x000000075e000000, 0x000000075e200000|  0%| F|  |TAMS 0x000000075e000000, 0x000000075e000000| Untracked 
| 753|0x000000075e200000, 0x000000075e200000, 0x000000075e400000|  0%| F|  |TAMS 0x000000075e200000, 0x000000075e200000| Untracked 
| 754|0x000000075e400000, 0x000000075e400000, 0x000000075e600000|  0%| F|  |TAMS 0x000000075e400000, 0x000000075e400000| Untracked 
| 755|0x000000075e600000, 0x000000075e600000, 0x000000075e800000|  0%| F|  |TAMS 0x000000075e600000, 0x000000075e600000| Untracked 
| 756|0x000000075e800000, 0x000000075e800000, 0x000000075ea00000|  0%| F|  |TAMS 0x000000075e800000, 0x000000075e800000| Untracked 
| 757|0x000000075ea00000, 0x000000075ea00000, 0x000000075ec00000|  0%| F|  |TAMS 0x000000075ea00000, 0x000000075ea00000| Untracked 
| 758|0x000000075ec00000, 0x000000075ec00000, 0x000000075ee00000|  0%| F|  |TAMS 0x000000075ec00000, 0x000000075ec00000| Untracked 
| 759|0x000000075ee00000, 0x000000075ee00000, 0x000000075f000000|  0%| F|  |TAMS 0x000000075ee00000, 0x000000075ee00000| Untracked 
| 760|0x000000075f000000, 0x000000075f000000, 0x000000075f200000|  0%| F|  |TAMS 0x000000075f000000, 0x000000075f000000| Untracked 
| 761|0x000000075f200000, 0x000000075f200000, 0x000000075f400000|  0%| F|  |TAMS 0x000000075f200000, 0x000000075f200000| Untracked 
| 762|0x000000075f400000, 0x000000075f400000, 0x000000075f600000|  0%| F|  |TAMS 0x000000075f400000, 0x000000075f400000| Untracked 
| 763|0x000000075f600000, 0x000000075f600000, 0x000000075f800000|  0%| F|  |TAMS 0x000000075f600000, 0x000000075f600000| Untracked 
| 764|0x000000075f800000, 0x000000075f800000, 0x000000075fa00000|  0%| F|  |TAMS 0x000000075f800000, 0x000000075f800000| Untracked 
| 765|0x000000075fa00000, 0x000000075fa00000, 0x000000075fc00000|  0%| F|  |TAMS 0x000000075fa00000, 0x000000075fa00000| Untracked 
| 766|0x000000075fc00000, 0x000000075fc00000, 0x000000075fe00000|  0%| F|  |TAMS 0x000000075fc00000, 0x000000075fc00000| Untracked 
| 767|0x000000075fe00000, 0x000000075fe00000, 0x0000000760000000|  0%| F|  |TAMS 0x000000075fe00000, 0x000000075fe00000| Untracked 
| 768|0x0000000760000000, 0x0000000760000000, 0x0000000760200000|  0%| F|  |TAMS 0x0000000760000000, 0x0000000760000000| Untracked 
| 769|0x0000000760200000, 0x0000000760200000, 0x0000000760400000|  0%| F|  |TAMS 0x0000000760200000, 0x0000000760200000| Untracked 
| 770|0x0000000760400000, 0x0000000760400000, 0x0000000760600000|  0%| F|  |TAMS 0x0000000760400000, 0x0000000760400000| Untracked 
| 771|0x0000000760600000, 0x0000000760600000, 0x0000000760800000|  0%| F|  |TAMS 0x0000000760600000, 0x0000000760600000| Untracked 
| 772|0x0000000760800000, 0x0000000760800000, 0x0000000760a00000|  0%| F|  |TAMS 0x0000000760800000, 0x0000000760800000| Untracked 
| 773|0x0000000760a00000, 0x0000000760a00000, 0x0000000760c00000|  0%| F|  |TAMS 0x0000000760a00000, 0x0000000760a00000| Untracked 
| 774|0x0000000760c00000, 0x0000000760c00000, 0x0000000760e00000|  0%| F|  |TAMS 0x0000000760c00000, 0x0000000760c00000| Untracked 
| 775|0x0000000760e00000, 0x0000000760e00000, 0x0000000761000000|  0%| F|  |TAMS 0x0000000760e00000, 0x0000000760e00000| Untracked 
| 776|0x0000000761000000, 0x0000000761000000, 0x0000000761200000|  0%| F|  |TAMS 0x0000000761000000, 0x0000000761000000| Untracked 
| 777|0x0000000761200000, 0x0000000761200000, 0x0000000761400000|  0%| F|  |TAMS 0x0000000761200000, 0x0000000761200000| Untracked 
| 778|0x0000000761400000, 0x0000000761400000, 0x0000000761600000|  0%| F|  |TAMS 0x0000000761400000, 0x0000000761400000| Untracked 
| 779|0x0000000761600000, 0x0000000761600000, 0x0000000761800000|  0%| F|  |TAMS 0x0000000761600000, 0x0000000761600000| Untracked 
| 780|0x0000000761800000, 0x0000000761800000, 0x0000000761a00000|  0%| F|  |TAMS 0x0000000761800000, 0x0000000761800000| Untracked 
| 781|0x0000000761a00000, 0x0000000761a00000, 0x0000000761c00000|  0%| F|  |TAMS 0x0000000761a00000, 0x0000000761a00000| Untracked 
| 782|0x0000000761c00000, 0x0000000761c00000, 0x0000000761e00000|  0%| F|  |TAMS 0x0000000761c00000, 0x0000000761c00000| Untracked 
| 783|0x0000000761e00000, 0x0000000761e00000, 0x0000000762000000|  0%| F|  |TAMS 0x0000000761e00000, 0x0000000761e00000| Untracked 
| 784|0x0000000762000000, 0x0000000762000000, 0x0000000762200000|  0%| F|  |TAMS 0x0000000762000000, 0x0000000762000000| Untracked 
| 785|0x0000000762200000, 0x0000000762200000, 0x0000000762400000|  0%| F|  |TAMS 0x0000000762200000, 0x0000000762200000| Untracked 
| 786|0x0000000762400000, 0x0000000762400000, 0x0000000762600000|  0%| F|  |TAMS 0x0000000762400000, 0x0000000762400000| Untracked 
| 787|0x0000000762600000, 0x0000000762600000, 0x0000000762800000|  0%| F|  |TAMS 0x0000000762600000, 0x0000000762600000| Untracked 
| 788|0x0000000762800000, 0x0000000762800000, 0x0000000762a00000|  0%| F|  |TAMS 0x0000000762800000, 0x0000000762800000| Untracked 
| 789|0x0000000762a00000, 0x0000000762a00000, 0x0000000762c00000|  0%| F|  |TAMS 0x0000000762a00000, 0x0000000762a00000| Untracked 
| 790|0x0000000762c00000, 0x0000000762c00000, 0x0000000762e00000|  0%| F|  |TAMS 0x0000000762c00000, 0x0000000762c00000| Untracked 
| 791|0x0000000762e00000, 0x0000000762e00000, 0x0000000763000000|  0%| F|  |TAMS 0x0000000762e00000, 0x0000000762e00000| Untracked 
| 792|0x0000000763000000, 0x0000000763000000, 0x0000000763200000|  0%| F|  |TAMS 0x0000000763000000, 0x0000000763000000| Untracked 
| 793|0x0000000763200000, 0x0000000763200000, 0x0000000763400000|  0%| F|  |TAMS 0x0000000763200000, 0x0000000763200000| Untracked 
| 794|0x0000000763400000, 0x0000000763400000, 0x0000000763600000|  0%| F|  |TAMS 0x0000000763400000, 0x0000000763400000| Untracked 
| 795|0x0000000763600000, 0x0000000763600000, 0x0000000763800000|  0%| F|  |TAMS 0x0000000763600000, 0x0000000763600000| Untracked 
| 796|0x0000000763800000, 0x0000000763800000, 0x0000000763a00000|  0%| F|  |TAMS 0x0000000763800000, 0x0000000763800000| Untracked 
| 797|0x0000000763a00000, 0x0000000763a00000, 0x0000000763c00000|  0%| F|  |TAMS 0x0000000763a00000, 0x0000000763a00000| Untracked 
| 798|0x0000000763c00000, 0x0000000763c00000, 0x0000000763e00000|  0%| F|  |TAMS 0x0000000763c00000, 0x0000000763c00000| Untracked 
| 799|0x0000000763e00000, 0x0000000763e00000, 0x0000000764000000|  0%| F|  |TAMS 0x0000000763e00000, 0x0000000763e00000| Untracked 
| 800|0x0000000764000000, 0x0000000764000000, 0x0000000764200000|  0%| F|  |TAMS 0x0000000764000000, 0x0000000764000000| Untracked 
| 801|0x0000000764200000, 0x0000000764200000, 0x0000000764400000|  0%| F|  |TAMS 0x0000000764200000, 0x0000000764200000| Untracked 
| 802|0x0000000764400000, 0x0000000764400000, 0x0000000764600000|  0%| F|  |TAMS 0x0000000764400000, 0x0000000764400000| Untracked 
| 803|0x0000000764600000, 0x0000000764600000, 0x0000000764800000|  0%| F|  |TAMS 0x0000000764600000, 0x0000000764600000| Untracked 
| 804|0x0000000764800000, 0x0000000764800000, 0x0000000764a00000|  0%| F|  |TAMS 0x0000000764800000, 0x0000000764800000| Untracked 
| 805|0x0000000764a00000, 0x0000000764a00000, 0x0000000764c00000|  0%| F|  |TAMS 0x0000000764a00000, 0x0000000764a00000| Untracked 
| 806|0x0000000764c00000, 0x0000000764c00000, 0x0000000764e00000|  0%| F|  |TAMS 0x0000000764c00000, 0x0000000764c00000| Untracked 
| 807|0x0000000764e00000, 0x0000000764e00000, 0x0000000765000000|  0%| F|  |TAMS 0x0000000764e00000, 0x0000000764e00000| Untracked 
| 808|0x0000000765000000, 0x0000000765000000, 0x0000000765200000|  0%| F|  |TAMS 0x0000000765000000, 0x0000000765000000| Untracked 
| 809|0x0000000765200000, 0x0000000765200000, 0x0000000765400000|  0%| F|  |TAMS 0x0000000765200000, 0x0000000765200000| Untracked 
| 810|0x0000000765400000, 0x0000000765400000, 0x0000000765600000|  0%| F|  |TAMS 0x0000000765400000, 0x0000000765400000| Untracked 
| 811|0x0000000765600000, 0x0000000765600000, 0x0000000765800000|  0%| F|  |TAMS 0x0000000765600000, 0x0000000765600000| Untracked 
| 812|0x0000000765800000, 0x0000000765800000, 0x0000000765a00000|  0%| F|  |TAMS 0x0000000765800000, 0x0000000765800000| Untracked 
| 813|0x0000000765a00000, 0x0000000765a00000, 0x0000000765c00000|  0%| F|  |TAMS 0x0000000765a00000, 0x0000000765a00000| Untracked 
| 814|0x0000000765c00000, 0x0000000765c00000, 0x0000000765e00000|  0%| F|  |TAMS 0x0000000765c00000, 0x0000000765c00000| Untracked 
| 815|0x0000000765e00000, 0x0000000765e00000, 0x0000000766000000|  0%| F|  |TAMS 0x0000000765e00000, 0x0000000765e00000| Untracked 
| 816|0x0000000766000000, 0x0000000766000000, 0x0000000766200000|  0%| F|  |TAMS 0x0000000766000000, 0x0000000766000000| Untracked 
| 817|0x0000000766200000, 0x0000000766200000, 0x0000000766400000|  0%| F|  |TAMS 0x0000000766200000, 0x0000000766200000| Untracked 
| 818|0x0000000766400000, 0x0000000766400000, 0x0000000766600000|  0%| F|  |TAMS 0x0000000766400000, 0x0000000766400000| Untracked 
| 819|0x0000000766600000, 0x0000000766600000, 0x0000000766800000|  0%| F|  |TAMS 0x0000000766600000, 0x0000000766600000| Untracked 
| 820|0x0000000766800000, 0x0000000766800000, 0x0000000766a00000|  0%| F|  |TAMS 0x0000000766800000, 0x0000000766800000| Untracked 
| 821|0x0000000766a00000, 0x0000000766a00000, 0x0000000766c00000|  0%| F|  |TAMS 0x0000000766a00000, 0x0000000766a00000| Untracked 
| 822|0x0000000766c00000, 0x0000000766c00000, 0x0000000766e00000|  0%| F|  |TAMS 0x0000000766c00000, 0x0000000766c00000| Untracked 
| 823|0x0000000766e00000, 0x0000000766e00000, 0x0000000767000000|  0%| F|  |TAMS 0x0000000766e00000, 0x0000000766e00000| Untracked 
| 824|0x0000000767000000, 0x0000000767000000, 0x0000000767200000|  0%| F|  |TAMS 0x0000000767000000, 0x0000000767000000| Untracked 
| 825|0x0000000767200000, 0x0000000767200000, 0x0000000767400000|  0%| F|  |TAMS 0x0000000767200000, 0x0000000767200000| Untracked 
| 826|0x0000000767400000, 0x0000000767400000, 0x0000000767600000|  0%| F|  |TAMS 0x0000000767400000, 0x0000000767400000| Untracked 
| 827|0x0000000767600000, 0x0000000767600000, 0x0000000767800000|  0%| F|  |TAMS 0x0000000767600000, 0x0000000767600000| Untracked 
| 828|0x0000000767800000, 0x0000000767800000, 0x0000000767a00000|  0%| F|  |TAMS 0x0000000767800000, 0x0000000767800000| Untracked 
| 829|0x0000000767a00000, 0x0000000767a00000, 0x0000000767c00000|  0%| F|  |TAMS 0x0000000767a00000, 0x0000000767a00000| Untracked 
| 830|0x0000000767c00000, 0x0000000767c00000, 0x0000000767e00000|  0%| F|  |TAMS 0x0000000767c00000, 0x0000000767c00000| Untracked 
| 831|0x0000000767e00000, 0x0000000767e00000, 0x0000000768000000|  0%| F|  |TAMS 0x0000000767e00000, 0x0000000767e00000| Untracked 
| 832|0x0000000768000000, 0x0000000768000000, 0x0000000768200000|  0%| F|  |TAMS 0x0000000768000000, 0x0000000768000000| Untracked 
| 833|0x0000000768200000, 0x0000000768200000, 0x0000000768400000|  0%| F|  |TAMS 0x0000000768200000, 0x0000000768200000| Untracked 
| 834|0x0000000768400000, 0x0000000768400000, 0x0000000768600000|  0%| F|  |TAMS 0x0000000768400000, 0x0000000768400000| Untracked 
| 835|0x0000000768600000, 0x0000000768600000, 0x0000000768800000|  0%| F|  |TAMS 0x0000000768600000, 0x0000000768600000| Untracked 
| 836|0x0000000768800000, 0x0000000768800000, 0x0000000768a00000|  0%| F|  |TAMS 0x0000000768800000, 0x0000000768800000| Untracked 
| 837|0x0000000768a00000, 0x0000000768a00000, 0x0000000768c00000|  0%| F|  |TAMS 0x0000000768a00000, 0x0000000768a00000| Untracked 
| 838|0x0000000768c00000, 0x0000000768c00000, 0x0000000768e00000|  0%| F|  |TAMS 0x0000000768c00000, 0x0000000768c00000| Untracked 
| 839|0x0000000768e00000, 0x0000000768e00000, 0x0000000769000000|  0%| F|  |TAMS 0x0000000768e00000, 0x0000000768e00000| Untracked 
| 840|0x0000000769000000, 0x0000000769000000, 0x0000000769200000|  0%| F|  |TAMS 0x0000000769000000, 0x0000000769000000| Untracked 
| 841|0x0000000769200000, 0x0000000769200000, 0x0000000769400000|  0%| F|  |TAMS 0x0000000769200000, 0x0000000769200000| Untracked 
| 842|0x0000000769400000, 0x0000000769400000, 0x0000000769600000|  0%| F|  |TAMS 0x0000000769400000, 0x0000000769400000| Untracked 
| 843|0x0000000769600000, 0x0000000769600000, 0x0000000769800000|  0%| F|  |TAMS 0x0000000769600000, 0x0000000769600000| Untracked 
| 844|0x0000000769800000, 0x0000000769800000, 0x0000000769a00000|  0%| F|  |TAMS 0x0000000769800000, 0x0000000769800000| Untracked 
| 845|0x0000000769a00000, 0x0000000769a00000, 0x0000000769c00000|  0%| F|  |TAMS 0x0000000769a00000, 0x0000000769a00000| Untracked 
| 846|0x0000000769c00000, 0x0000000769c00000, 0x0000000769e00000|  0%| F|  |TAMS 0x0000000769c00000, 0x0000000769c00000| Untracked 
| 847|0x0000000769e00000, 0x0000000769e00000, 0x000000076a000000|  0%| F|  |TAMS 0x0000000769e00000, 0x0000000769e00000| Untracked 
| 848|0x000000076a000000, 0x000000076a000000, 0x000000076a200000|  0%| F|  |TAMS 0x000000076a000000, 0x000000076a000000| Untracked 
| 849|0x000000076a200000, 0x000000076a200000, 0x000000076a400000|  0%| F|  |TAMS 0x000000076a200000, 0x000000076a200000| Untracked 
| 850|0x000000076a400000, 0x000000076a400000, 0x000000076a600000|  0%| F|  |TAMS 0x000000076a400000, 0x000000076a400000| Untracked 
| 851|0x000000076a600000, 0x000000076a600000, 0x000000076a800000|  0%| F|  |TAMS 0x000000076a600000, 0x000000076a600000| Untracked 
| 852|0x000000076a800000, 0x000000076a800000, 0x000000076aa00000|  0%| F|  |TAMS 0x000000076a800000, 0x000000076a800000| Untracked 
| 853|0x000000076aa00000, 0x000000076aa00000, 0x000000076ac00000|  0%| F|  |TAMS 0x000000076aa00000, 0x000000076aa00000| Untracked 
| 854|0x000000076ac00000, 0x000000076ac00000, 0x000000076ae00000|  0%| F|  |TAMS 0x000000076ac00000, 0x000000076ac00000| Untracked 
| 855|0x000000076ae00000, 0x000000076ae00000, 0x000000076b000000|  0%| F|  |TAMS 0x000000076ae00000, 0x000000076ae00000| Untracked 
| 856|0x000000076b000000, 0x000000076b000000, 0x000000076b200000|  0%| F|  |TAMS 0x000000076b000000, 0x000000076b000000| Untracked 
| 857|0x000000076b200000, 0x000000076b200000, 0x000000076b400000|  0%| F|  |TAMS 0x000000076b200000, 0x000000076b200000| Untracked 
| 858|0x000000076b400000, 0x000000076b400000, 0x000000076b600000|  0%| F|  |TAMS 0x000000076b400000, 0x000000076b400000| Untracked 
| 859|0x000000076b600000, 0x000000076b600000, 0x000000076b800000|  0%| F|  |TAMS 0x000000076b600000, 0x000000076b600000| Untracked 
| 860|0x000000076b800000, 0x000000076b800000, 0x000000076ba00000|  0%| F|  |TAMS 0x000000076b800000, 0x000000076b800000| Untracked 
| 861|0x000000076ba00000, 0x000000076ba00000, 0x000000076bc00000|  0%| F|  |TAMS 0x000000076ba00000, 0x000000076ba00000| Untracked 
| 862|0x000000076bc00000, 0x000000076bc00000, 0x000000076be00000|  0%| F|  |TAMS 0x000000076bc00000, 0x000000076bc00000| Untracked 
| 863|0x000000076be00000, 0x000000076be00000, 0x000000076c000000|  0%| F|  |TAMS 0x000000076be00000, 0x000000076be00000| Untracked 
| 864|0x000000076c000000, 0x000000076c000000, 0x000000076c200000|  0%| F|  |TAMS 0x000000076c000000, 0x000000076c000000| Untracked 
| 865|0x000000076c200000, 0x000000076c200000, 0x000000076c400000|  0%| F|  |TAMS 0x000000076c200000, 0x000000076c200000| Untracked 
| 866|0x000000076c400000, 0x000000076c400000, 0x000000076c600000|  0%| F|  |TAMS 0x000000076c400000, 0x000000076c400000| Untracked 
| 867|0x000000076c600000, 0x000000076c600000, 0x000000076c800000|  0%| F|  |TAMS 0x000000076c600000, 0x000000076c600000| Untracked 
| 868|0x000000076c800000, 0x000000076c800000, 0x000000076ca00000|  0%| F|  |TAMS 0x000000076c800000, 0x000000076c800000| Untracked 
| 869|0x000000076ca00000, 0x000000076ca00000, 0x000000076cc00000|  0%| F|  |TAMS 0x000000076ca00000, 0x000000076ca00000| Untracked 
| 870|0x000000076cc00000, 0x000000076cc00000, 0x000000076ce00000|  0%| F|  |TAMS 0x000000076cc00000, 0x000000076cc00000| Untracked 
| 871|0x000000076ce00000, 0x000000076ce00000, 0x000000076d000000|  0%| F|  |TAMS 0x000000076ce00000, 0x000000076ce00000| Untracked 
| 872|0x000000076d000000, 0x000000076d000000, 0x000000076d200000|  0%| F|  |TAMS 0x000000076d000000, 0x000000076d000000| Untracked 
| 873|0x000000076d200000, 0x000000076d200000, 0x000000076d400000|  0%| F|  |TAMS 0x000000076d200000, 0x000000076d200000| Untracked 
| 874|0x000000076d400000, 0x000000076d400000, 0x000000076d600000|  0%| F|  |TAMS 0x000000076d400000, 0x000000076d400000| Untracked 
| 875|0x000000076d600000, 0x000000076d600000, 0x000000076d800000|  0%| F|  |TAMS 0x000000076d600000, 0x000000076d600000| Untracked 
| 876|0x000000076d800000, 0x000000076d800000, 0x000000076da00000|  0%| F|  |TAMS 0x000000076d800000, 0x000000076d800000| Untracked 
| 877|0x000000076da00000, 0x000000076da00000, 0x000000076dc00000|  0%| F|  |TAMS 0x000000076da00000, 0x000000076da00000| Untracked 
| 878|0x000000076dc00000, 0x000000076dc00000, 0x000000076de00000|  0%| F|  |TAMS 0x000000076dc00000, 0x000000076dc00000| Untracked 
| 879|0x000000076de00000, 0x000000076de00000, 0x000000076e000000|  0%| F|  |TAMS 0x000000076de00000, 0x000000076de00000| Untracked 
| 880|0x000000076e000000, 0x000000076e000000, 0x000000076e200000|  0%| F|  |TAMS 0x000000076e000000, 0x000000076e000000| Untracked 
| 881|0x000000076e200000, 0x000000076e200000, 0x000000076e400000|  0%| F|  |TAMS 0x000000076e200000, 0x000000076e200000| Untracked 
| 882|0x000000076e400000, 0x000000076e400000, 0x000000076e600000|  0%| F|  |TAMS 0x000000076e400000, 0x000000076e400000| Untracked 
| 883|0x000000076e600000, 0x000000076e600000, 0x000000076e800000|  0%| F|  |TAMS 0x000000076e600000, 0x000000076e600000| Untracked 
| 884|0x000000076e800000, 0x000000076e800000, 0x000000076ea00000|  0%| F|  |TAMS 0x000000076e800000, 0x000000076e800000| Untracked 
| 885|0x000000076ea00000, 0x000000076ea00000, 0x000000076ec00000|  0%| F|  |TAMS 0x000000076ea00000, 0x000000076ea00000| Untracked 
| 886|0x000000076ec00000, 0x000000076ec00000, 0x000000076ee00000|  0%| F|  |TAMS 0x000000076ec00000, 0x000000076ec00000| Untracked 
| 887|0x000000076ee00000, 0x000000076ee00000, 0x000000076f000000|  0%| F|  |TAMS 0x000000076ee00000, 0x000000076ee00000| Untracked 
| 888|0x000000076f000000, 0x000000076f000000, 0x000000076f200000|  0%| F|  |TAMS 0x000000076f000000, 0x000000076f000000| Untracked 
| 889|0x000000076f200000, 0x000000076f200000, 0x000000076f400000|  0%| F|  |TAMS 0x000000076f200000, 0x000000076f200000| Untracked 
| 890|0x000000076f400000, 0x000000076f400000, 0x000000076f600000|  0%| F|  |TAMS 0x000000076f400000, 0x000000076f400000| Untracked 
| 891|0x000000076f600000, 0x000000076f600000, 0x000000076f800000|  0%| F|  |TAMS 0x000000076f600000, 0x000000076f600000| Untracked 
| 892|0x000000076f800000, 0x000000076f800000, 0x000000076fa00000|  0%| F|  |TAMS 0x000000076f800000, 0x000000076f800000| Untracked 
| 893|0x000000076fa00000, 0x000000076fa00000, 0x000000076fc00000|  0%| F|  |TAMS 0x000000076fa00000, 0x000000076fa00000| Untracked 
| 894|0x000000076fc00000, 0x000000076fc00000, 0x000000076fe00000|  0%| F|  |TAMS 0x000000076fc00000, 0x000000076fc00000| Untracked 
| 895|0x000000076fe00000, 0x000000076fe00000, 0x0000000770000000|  0%| F|  |TAMS 0x000000076fe00000, 0x000000076fe00000| Untracked 
| 896|0x0000000770000000, 0x0000000770000000, 0x0000000770200000|  0%| F|  |TAMS 0x0000000770000000, 0x0000000770000000| Untracked 
| 897|0x0000000770200000, 0x0000000770200000, 0x0000000770400000|  0%| F|  |TAMS 0x0000000770200000, 0x0000000770200000| Untracked 
| 898|0x0000000770400000, 0x0000000770400000, 0x0000000770600000|  0%| F|  |TAMS 0x0000000770400000, 0x0000000770400000| Untracked 
| 899|0x0000000770600000, 0x0000000770600000, 0x0000000770800000|  0%| F|  |TAMS 0x0000000770600000, 0x0000000770600000| Untracked 
| 900|0x0000000770800000, 0x0000000770800000, 0x0000000770a00000|  0%| F|  |TAMS 0x0000000770800000, 0x0000000770800000| Untracked 
| 901|0x0000000770a00000, 0x0000000770a00000, 0x0000000770c00000|  0%| F|  |TAMS 0x0000000770a00000, 0x0000000770a00000| Untracked 
| 902|0x0000000770c00000, 0x0000000770c00000, 0x0000000770e00000|  0%| F|  |TAMS 0x0000000770c00000, 0x0000000770c00000| Untracked 
| 903|0x0000000770e00000, 0x0000000770e00000, 0x0000000771000000|  0%| F|  |TAMS 0x0000000770e00000, 0x0000000770e00000| Untracked 
| 904|0x0000000771000000, 0x0000000771000000, 0x0000000771200000|  0%| F|  |TAMS 0x0000000771000000, 0x0000000771000000| Untracked 
| 905|0x0000000771200000, 0x0000000771200000, 0x0000000771400000|  0%| F|  |TAMS 0x0000000771200000, 0x0000000771200000| Untracked 
| 906|0x0000000771400000, 0x0000000771400000, 0x0000000771600000|  0%| F|  |TAMS 0x0000000771400000, 0x0000000771400000| Untracked 
| 907|0x0000000771600000, 0x0000000771600000, 0x0000000771800000|  0%| F|  |TAMS 0x0000000771600000, 0x0000000771600000| Untracked 
| 908|0x0000000771800000, 0x0000000771800000, 0x0000000771a00000|  0%| F|  |TAMS 0x0000000771800000, 0x0000000771800000| Untracked 
| 909|0x0000000771a00000, 0x0000000771a00000, 0x0000000771c00000|  0%| F|  |TAMS 0x0000000771a00000, 0x0000000771a00000| Untracked 
| 910|0x0000000771c00000, 0x0000000771c00000, 0x0000000771e00000|  0%| F|  |TAMS 0x0000000771c00000, 0x0000000771c00000| Untracked 
| 911|0x0000000771e00000, 0x0000000771e00000, 0x0000000772000000|  0%| F|  |TAMS 0x0000000771e00000, 0x0000000771e00000| Untracked 
| 912|0x0000000772000000, 0x0000000772000000, 0x0000000772200000|  0%| F|  |TAMS 0x0000000772000000, 0x0000000772000000| Untracked 
| 913|0x0000000772200000, 0x0000000772200000, 0x0000000772400000|  0%| F|  |TAMS 0x0000000772200000, 0x0000000772200000| Untracked 
| 914|0x0000000772400000, 0x0000000772400000, 0x0000000772600000|  0%| F|  |TAMS 0x0000000772400000, 0x0000000772400000| Untracked 
| 915|0x0000000772600000, 0x0000000772600000, 0x0000000772800000|  0%| F|  |TAMS 0x0000000772600000, 0x0000000772600000| Untracked 
| 916|0x0000000772800000, 0x0000000772800000, 0x0000000772a00000|  0%| F|  |TAMS 0x0000000772800000, 0x0000000772800000| Untracked 
| 917|0x0000000772a00000, 0x0000000772a00000, 0x0000000772c00000|  0%| F|  |TAMS 0x0000000772a00000, 0x0000000772a00000| Untracked 
| 918|0x0000000772c00000, 0x0000000772c00000, 0x0000000772e00000|  0%| F|  |TAMS 0x0000000772c00000, 0x0000000772c00000| Untracked 
| 919|0x0000000772e00000, 0x0000000772e00000, 0x0000000773000000|  0%| F|  |TAMS 0x0000000772e00000, 0x0000000772e00000| Untracked 
| 920|0x0000000773000000, 0x0000000773000000, 0x0000000773200000|  0%| F|  |TAMS 0x0000000773000000, 0x0000000773000000| Untracked 
| 921|0x0000000773200000, 0x0000000773200000, 0x0000000773400000|  0%| F|  |TAMS 0x0000000773200000, 0x0000000773200000| Untracked 
| 922|0x0000000773400000, 0x0000000773400000, 0x0000000773600000|  0%| F|  |TAMS 0x0000000773400000, 0x0000000773400000| Untracked 
| 923|0x0000000773600000, 0x0000000773600000, 0x0000000773800000|  0%| F|  |TAMS 0x0000000773600000, 0x0000000773600000| Untracked 
| 924|0x0000000773800000, 0x0000000773800000, 0x0000000773a00000|  0%| F|  |TAMS 0x0000000773800000, 0x0000000773800000| Untracked 
| 925|0x0000000773a00000, 0x0000000773a00000, 0x0000000773c00000|  0%| F|  |TAMS 0x0000000773a00000, 0x0000000773a00000| Untracked 
| 926|0x0000000773c00000, 0x0000000773c00000, 0x0000000773e00000|  0%| F|  |TAMS 0x0000000773c00000, 0x0000000773c00000| Untracked 
| 927|0x0000000773e00000, 0x0000000773e00000, 0x0000000774000000|  0%| F|  |TAMS 0x0000000773e00000, 0x0000000773e00000| Untracked 
| 928|0x0000000774000000, 0x0000000774000000, 0x0000000774200000|  0%| F|  |TAMS 0x0000000774000000, 0x0000000774000000| Untracked 
| 929|0x0000000774200000, 0x0000000774200000, 0x0000000774400000|  0%| F|  |TAMS 0x0000000774200000, 0x0000000774200000| Untracked 
| 930|0x0000000774400000, 0x0000000774400000, 0x0000000774600000|  0%| F|  |TAMS 0x0000000774400000, 0x0000000774400000| Untracked 
| 931|0x0000000774600000, 0x0000000774600000, 0x0000000774800000|  0%| F|  |TAMS 0x0000000774600000, 0x0000000774600000| Untracked 
| 932|0x0000000774800000, 0x0000000774800000, 0x0000000774a00000|  0%| F|  |TAMS 0x0000000774800000, 0x0000000774800000| Untracked 
| 933|0x0000000774a00000, 0x0000000774a00000, 0x0000000774c00000|  0%| F|  |TAMS 0x0000000774a00000, 0x0000000774a00000| Untracked 
| 934|0x0000000774c00000, 0x0000000774c00000, 0x0000000774e00000|  0%| F|  |TAMS 0x0000000774c00000, 0x0000000774c00000| Untracked 
| 935|0x0000000774e00000, 0x0000000774e00000, 0x0000000775000000|  0%| F|  |TAMS 0x0000000774e00000, 0x0000000774e00000| Untracked 
| 936|0x0000000775000000, 0x0000000775000000, 0x0000000775200000|  0%| F|  |TAMS 0x0000000775000000, 0x0000000775000000| Untracked 
| 937|0x0000000775200000, 0x0000000775200000, 0x0000000775400000|  0%| F|  |TAMS 0x0000000775200000, 0x0000000775200000| Untracked 
| 938|0x0000000775400000, 0x0000000775400000, 0x0000000775600000|  0%| F|  |TAMS 0x0000000775400000, 0x0000000775400000| Untracked 
| 939|0x0000000775600000, 0x0000000775600000, 0x0000000775800000|  0%| F|  |TAMS 0x0000000775600000, 0x0000000775600000| Untracked 
| 940|0x0000000775800000, 0x0000000775800000, 0x0000000775a00000|  0%| F|  |TAMS 0x0000000775800000, 0x0000000775800000| Untracked 
| 941|0x0000000775a00000, 0x0000000775a00000, 0x0000000775c00000|  0%| F|  |TAMS 0x0000000775a00000, 0x0000000775a00000| Untracked 
| 942|0x0000000775c00000, 0x0000000775c00000, 0x0000000775e00000|  0%| F|  |TAMS 0x0000000775c00000, 0x0000000775c00000| Untracked 
| 943|0x0000000775e00000, 0x0000000775e00000, 0x0000000776000000|  0%| F|  |TAMS 0x0000000775e00000, 0x0000000775e00000| Untracked 
| 944|0x0000000776000000, 0x0000000776000000, 0x0000000776200000|  0%| F|  |TAMS 0x0000000776000000, 0x0000000776000000| Untracked 
| 945|0x0000000776200000, 0x0000000776200000, 0x0000000776400000|  0%| F|  |TAMS 0x0000000776200000, 0x0000000776200000| Untracked 
| 946|0x0000000776400000, 0x0000000776400000, 0x0000000776600000|  0%| F|  |TAMS 0x0000000776400000, 0x0000000776400000| Untracked 
| 947|0x0000000776600000, 0x0000000776600000, 0x0000000776800000|  0%| F|  |TAMS 0x0000000776600000, 0x0000000776600000| Untracked 
| 948|0x0000000776800000, 0x0000000776800000, 0x0000000776a00000|  0%| F|  |TAMS 0x0000000776800000, 0x0000000776800000| Untracked 
| 949|0x0000000776a00000, 0x0000000776a00000, 0x0000000776c00000|  0%| F|  |TAMS 0x0000000776a00000, 0x0000000776a00000| Untracked 
| 950|0x0000000776c00000, 0x0000000776c00000, 0x0000000776e00000|  0%| F|  |TAMS 0x0000000776c00000, 0x0000000776c00000| Untracked 
| 951|0x0000000776e00000, 0x0000000776e00000, 0x0000000777000000|  0%| F|  |TAMS 0x0000000776e00000, 0x0000000776e00000| Untracked 
| 952|0x0000000777000000, 0x0000000777000000, 0x0000000777200000|  0%| F|  |TAMS 0x0000000777000000, 0x0000000777000000| Untracked 
| 953|0x0000000777200000, 0x0000000777200000, 0x0000000777400000|  0%| F|  |TAMS 0x0000000777200000, 0x0000000777200000| Untracked 
| 954|0x0000000777400000, 0x0000000777400000, 0x0000000777600000|  0%| F|  |TAMS 0x0000000777400000, 0x0000000777400000| Untracked 
| 955|0x0000000777600000, 0x0000000777600000, 0x0000000777800000|  0%| F|  |TAMS 0x0000000777600000, 0x0000000777600000| Untracked 
| 956|0x0000000777800000, 0x0000000777800000, 0x0000000777a00000|  0%| F|  |TAMS 0x0000000777800000, 0x0000000777800000| Untracked 
| 957|0x0000000777a00000, 0x0000000777a00000, 0x0000000777c00000|  0%| F|  |TAMS 0x0000000777a00000, 0x0000000777a00000| Untracked 
| 958|0x0000000777c00000, 0x0000000777c00000, 0x0000000777e00000|  0%| F|  |TAMS 0x0000000777c00000, 0x0000000777c00000| Untracked 
| 959|0x0000000777e00000, 0x0000000777e00000, 0x0000000778000000|  0%| F|  |TAMS 0x0000000777e00000, 0x0000000777e00000| Untracked 
| 960|0x0000000778000000, 0x0000000778000000, 0x0000000778200000|  0%| F|  |TAMS 0x0000000778000000, 0x0000000778000000| Untracked 
| 961|0x0000000778200000, 0x0000000778200000, 0x0000000778400000|  0%| F|  |TAMS 0x0000000778200000, 0x0000000778200000| Untracked 
| 962|0x0000000778400000, 0x0000000778400000, 0x0000000778600000|  0%| F|  |TAMS 0x0000000778400000, 0x0000000778400000| Untracked 
| 963|0x0000000778600000, 0x0000000778600000, 0x0000000778800000|  0%| F|  |TAMS 0x0000000778600000, 0x0000000778600000| Untracked 
| 964|0x0000000778800000, 0x0000000778800000, 0x0000000778a00000|  0%| F|  |TAMS 0x0000000778800000, 0x0000000778800000| Untracked 
| 965|0x0000000778a00000, 0x0000000778a00000, 0x0000000778c00000|  0%| F|  |TAMS 0x0000000778a00000, 0x0000000778a00000| Untracked 
| 966|0x0000000778c00000, 0x0000000778c00000, 0x0000000778e00000|  0%| F|  |TAMS 0x0000000778c00000, 0x0000000778c00000| Untracked 
| 967|0x0000000778e00000, 0x0000000778e00000, 0x0000000779000000|  0%| F|  |TAMS 0x0000000778e00000, 0x0000000778e00000| Untracked 
| 968|0x0000000779000000, 0x0000000779000000, 0x0000000779200000|  0%| F|  |TAMS 0x0000000779000000, 0x0000000779000000| Untracked 
| 969|0x0000000779200000, 0x0000000779200000, 0x0000000779400000|  0%| F|  |TAMS 0x0000000779200000, 0x0000000779200000| Untracked 
| 970|0x0000000779400000, 0x0000000779400000, 0x0000000779600000|  0%| F|  |TAMS 0x0000000779400000, 0x0000000779400000| Untracked 
| 971|0x0000000779600000, 0x0000000779600000, 0x0000000779800000|  0%| F|  |TAMS 0x0000000779600000, 0x0000000779600000| Untracked 
| 972|0x0000000779800000, 0x0000000779800000, 0x0000000779a00000|  0%| F|  |TAMS 0x0000000779800000, 0x0000000779800000| Untracked 
| 973|0x0000000779a00000, 0x0000000779a00000, 0x0000000779c00000|  0%| F|  |TAMS 0x0000000779a00000, 0x0000000779a00000| Untracked 
| 974|0x0000000779c00000, 0x0000000779c00000, 0x0000000779e00000|  0%| F|  |TAMS 0x0000000779c00000, 0x0000000779c00000| Untracked 
| 975|0x0000000779e00000, 0x0000000779e00000, 0x000000077a000000|  0%| F|  |TAMS 0x0000000779e00000, 0x0000000779e00000| Untracked 
| 976|0x000000077a000000, 0x000000077a000000, 0x000000077a200000|  0%| F|  |TAMS 0x000000077a000000, 0x000000077a000000| Untracked 
| 977|0x000000077a200000, 0x000000077a200000, 0x000000077a400000|  0%| F|  |TAMS 0x000000077a200000, 0x000000077a200000| Untracked 
| 978|0x000000077a400000, 0x000000077a400000, 0x000000077a600000|  0%| F|  |TAMS 0x000000077a400000, 0x000000077a400000| Untracked 
| 979|0x000000077a600000, 0x000000077a600000, 0x000000077a800000|  0%| F|  |TAMS 0x000000077a600000, 0x000000077a600000| Untracked 
| 980|0x000000077a800000, 0x000000077a800000, 0x000000077aa00000|  0%| F|  |TAMS 0x000000077a800000, 0x000000077a800000| Untracked 
| 981|0x000000077aa00000, 0x000000077aa00000, 0x000000077ac00000|  0%| F|  |TAMS 0x000000077aa00000, 0x000000077aa00000| Untracked 
| 982|0x000000077ac00000, 0x000000077ac00000, 0x000000077ae00000|  0%| F|  |TAMS 0x000000077ac00000, 0x000000077ac00000| Untracked 
| 983|0x000000077ae00000, 0x000000077ae00000, 0x000000077b000000|  0%| F|  |TAMS 0x000000077ae00000, 0x000000077ae00000| Untracked 
| 984|0x000000077b000000, 0x000000077b000000, 0x000000077b200000|  0%| F|  |TAMS 0x000000077b000000, 0x000000077b000000| Untracked 
| 985|0x000000077b200000, 0x000000077b200000, 0x000000077b400000|  0%| F|  |TAMS 0x000000077b200000, 0x000000077b200000| Untracked 
| 986|0x000000077b400000, 0x000000077b400000, 0x000000077b600000|  0%| F|  |TAMS 0x000000077b400000, 0x000000077b400000| Untracked 
| 987|0x000000077b600000, 0x000000077b600000, 0x000000077b800000|  0%| F|  |TAMS 0x000000077b600000, 0x000000077b600000| Untracked 
| 988|0x000000077b800000, 0x000000077b800000, 0x000000077ba00000|  0%| F|  |TAMS 0x000000077b800000, 0x000000077b800000| Untracked 
| 989|0x000000077ba00000, 0x000000077ba00000, 0x000000077bc00000|  0%| F|  |TAMS 0x000000077ba00000, 0x000000077ba00000| Untracked 
| 990|0x000000077bc00000, 0x000000077bc00000, 0x000000077be00000|  0%| F|  |TAMS 0x000000077bc00000, 0x000000077bc00000| Untracked 
| 991|0x000000077be00000, 0x000000077be00000, 0x000000077c000000|  0%| F|  |TAMS 0x000000077be00000, 0x000000077be00000| Untracked 
| 992|0x000000077c000000, 0x000000077c000000, 0x000000077c200000|  0%| F|  |TAMS 0x000000077c000000, 0x000000077c000000| Untracked 
| 993|0x000000077c200000, 0x000000077c200000, 0x000000077c400000|  0%| F|  |TAMS 0x000000077c200000, 0x000000077c200000| Untracked 
| 994|0x000000077c400000, 0x000000077c400000, 0x000000077c600000|  0%| F|  |TAMS 0x000000077c400000, 0x000000077c400000| Untracked 
| 995|0x000000077c600000, 0x000000077c600000, 0x000000077c800000|  0%| F|  |TAMS 0x000000077c600000, 0x000000077c600000| Untracked 
| 996|0x000000077c800000, 0x000000077c800000, 0x000000077ca00000|  0%| F|  |TAMS 0x000000077c800000, 0x000000077c800000| Untracked 
| 997|0x000000077ca00000, 0x000000077ca00000, 0x000000077cc00000|  0%| F|  |TAMS 0x000000077ca00000, 0x000000077ca00000| Untracked 
| 998|0x000000077cc00000, 0x000000077cc00000, 0x000000077ce00000|  0%| F|  |TAMS 0x000000077cc00000, 0x000000077cc00000| Untracked 
| 999|0x000000077ce00000, 0x000000077ce00000, 0x000000077d000000|  0%| F|  |TAMS 0x000000077ce00000, 0x000000077ce00000| Untracked 
|1000|0x000000077d000000, 0x000000077d000000, 0x000000077d200000|  0%| F|  |TAMS 0x000000077d000000, 0x000000077d000000| Untracked 
|1001|0x000000077d200000, 0x000000077d200000, 0x000000077d400000|  0%| F|  |TAMS 0x000000077d200000, 0x000000077d200000| Untracked 
|1002|0x000000077d400000, 0x000000077d400000, 0x000000077d600000|  0%| F|  |TAMS 0x000000077d400000, 0x000000077d400000| Untracked 
|1003|0x000000077d600000, 0x000000077d600000, 0x000000077d800000|  0%| F|  |TAMS 0x000000077d600000, 0x000000077d600000| Untracked 
|1004|0x000000077d800000, 0x000000077d800000, 0x000000077da00000|  0%| F|  |TAMS 0x000000077d800000, 0x000000077d800000| Untracked 
|1005|0x000000077da00000, 0x000000077da00000, 0x000000077dc00000|  0%| F|  |TAMS 0x000000077da00000, 0x000000077da00000| Untracked 
|1006|0x000000077dc00000, 0x000000077dc00000, 0x000000077de00000|  0%| F|  |TAMS 0x000000077dc00000, 0x000000077dc00000| Untracked 
|1007|0x000000077de00000, 0x000000077de00000, 0x000000077e000000|  0%| F|  |TAMS 0x000000077de00000, 0x000000077de00000| Untracked 
|1008|0x000000077e000000, 0x000000077e000000, 0x000000077e200000|  0%| F|  |TAMS 0x000000077e000000, 0x000000077e000000| Untracked 
|1009|0x000000077e200000, 0x000000077e200000, 0x000000077e400000|  0%| F|  |TAMS 0x000000077e200000, 0x000000077e200000| Untracked 
|1010|0x000000077e400000, 0x000000077e400000, 0x000000077e600000|  0%| F|  |TAMS 0x000000077e400000, 0x000000077e400000| Untracked 
|1011|0x000000077e600000, 0x000000077e600000, 0x000000077e800000|  0%| F|  |TAMS 0x000000077e600000, 0x000000077e600000| Untracked 
|1012|0x000000077e800000, 0x000000077e800000, 0x000000077ea00000|  0%| F|  |TAMS 0x000000077e800000, 0x000000077e800000| Untracked 
|1013|0x000000077ea00000, 0x000000077ea00000, 0x000000077ec00000|  0%| F|  |TAMS 0x000000077ea00000, 0x000000077ea00000| Untracked 
|1014|0x000000077ec00000, 0x000000077ec00000, 0x000000077ee00000|  0%| F|  |TAMS 0x000000077ec00000, 0x000000077ec00000| Untracked 
|1015|0x000000077ee00000, 0x000000077ee00000, 0x000000077f000000|  0%| F|  |TAMS 0x000000077ee00000, 0x000000077ee00000| Untracked 
|1016|0x000000077f000000, 0x000000077f000000, 0x000000077f200000|  0%| F|  |TAMS 0x000000077f000000, 0x000000077f000000| Untracked 
|1017|0x000000077f200000, 0x000000077f200000, 0x000000077f400000|  0%| F|  |TAMS 0x000000077f200000, 0x000000077f200000| Untracked 
|1018|0x000000077f400000, 0x000000077f400000, 0x000000077f600000|  0%| F|  |TAMS 0x000000077f400000, 0x000000077f400000| Untracked 
|1019|0x000000077f600000, 0x000000077f600000, 0x000000077f800000|  0%| F|  |TAMS 0x000000077f600000, 0x000000077f600000| Untracked 
|1020|0x000000077f800000, 0x000000077f800000, 0x000000077fa00000|  0%| F|  |TAMS 0x000000077f800000, 0x000000077f800000| Untracked 
|1021|0x000000077fa00000, 0x000000077fa00000, 0x000000077fc00000|  0%| F|  |TAMS 0x000000077fa00000, 0x000000077fa00000| Untracked 
|1022|0x000000077fc00000, 0x000000077fc00000, 0x000000077fe00000|  0%| F|  |TAMS 0x000000077fc00000, 0x000000077fc00000| Untracked 
|1023|0x000000077fe00000, 0x000000077fe00000, 0x0000000780000000|  0%| F|  |TAMS 0x000000077fe00000, 0x000000077fe00000| Untracked 
|1024|0x0000000780000000, 0x0000000780000000, 0x0000000780200000|  0%| F|  |TAMS 0x0000000780000000, 0x0000000780000000| Untracked 
|1025|0x0000000780200000, 0x0000000780200000, 0x0000000780400000|  0%| F|  |TAMS 0x0000000780200000, 0x0000000780200000| Untracked 
|1026|0x0000000780400000, 0x0000000780400000, 0x0000000780600000|  0%| F|  |TAMS 0x0000000780400000, 0x0000000780400000| Untracked 
|1027|0x0000000780600000, 0x0000000780600000, 0x0000000780800000|  0%| F|  |TAMS 0x0000000780600000, 0x0000000780600000| Untracked 
|1028|0x0000000780800000, 0x0000000780800000, 0x0000000780a00000|  0%| F|  |TAMS 0x0000000780800000, 0x0000000780800000| Untracked 
|1029|0x0000000780a00000, 0x0000000780a00000, 0x0000000780c00000|  0%| F|  |TAMS 0x0000000780a00000, 0x0000000780a00000| Untracked 
|1030|0x0000000780c00000, 0x0000000780c00000, 0x0000000780e00000|  0%| F|  |TAMS 0x0000000780c00000, 0x0000000780c00000| Untracked 
|1031|0x0000000780e00000, 0x0000000780e00000, 0x0000000781000000|  0%| F|  |TAMS 0x0000000780e00000, 0x0000000780e00000| Untracked 
|1032|0x0000000781000000, 0x0000000781000000, 0x0000000781200000|  0%| F|  |TAMS 0x0000000781000000, 0x0000000781000000| Untracked 
|1033|0x0000000781200000, 0x0000000781200000, 0x0000000781400000|  0%| F|  |TAMS 0x0000000781200000, 0x0000000781200000| Untracked 
|1034|0x0000000781400000, 0x0000000781400000, 0x0000000781600000|  0%| F|  |TAMS 0x0000000781400000, 0x0000000781400000| Untracked 
|1035|0x0000000781600000, 0x0000000781600000, 0x0000000781800000|  0%| F|  |TAMS 0x0000000781600000, 0x0000000781600000| Untracked 
|1036|0x0000000781800000, 0x0000000781800000, 0x0000000781a00000|  0%| F|  |TAMS 0x0000000781800000, 0x0000000781800000| Untracked 
|1037|0x0000000781a00000, 0x0000000781a00000, 0x0000000781c00000|  0%| F|  |TAMS 0x0000000781a00000, 0x0000000781a00000| Untracked 
|1038|0x0000000781c00000, 0x0000000781c00000, 0x0000000781e00000|  0%| F|  |TAMS 0x0000000781c00000, 0x0000000781c00000| Untracked 
|1039|0x0000000781e00000, 0x0000000781e00000, 0x0000000782000000|  0%| F|  |TAMS 0x0000000781e00000, 0x0000000781e00000| Untracked 
|1040|0x0000000782000000, 0x0000000782000000, 0x0000000782200000|  0%| F|  |TAMS 0x0000000782000000, 0x0000000782000000| Untracked 
|1041|0x0000000782200000, 0x0000000782200000, 0x0000000782400000|  0%| F|  |TAMS 0x0000000782200000, 0x0000000782200000| Untracked 
|1042|0x0000000782400000, 0x0000000782400000, 0x0000000782600000|  0%| F|  |TAMS 0x0000000782400000, 0x0000000782400000| Untracked 
|1043|0x0000000782600000, 0x0000000782600000, 0x0000000782800000|  0%| F|  |TAMS 0x0000000782600000, 0x0000000782600000| Untracked 
|1044|0x0000000782800000, 0x0000000782800000, 0x0000000782a00000|  0%| F|  |TAMS 0x0000000782800000, 0x0000000782800000| Untracked 
|1045|0x0000000782a00000, 0x0000000782a00000, 0x0000000782c00000|  0%| F|  |TAMS 0x0000000782a00000, 0x0000000782a00000| Untracked 
|1046|0x0000000782c00000, 0x0000000782c00000, 0x0000000782e00000|  0%| F|  |TAMS 0x0000000782c00000, 0x0000000782c00000| Untracked 
|1047|0x0000000782e00000, 0x0000000782e00000, 0x0000000783000000|  0%| F|  |TAMS 0x0000000782e00000, 0x0000000782e00000| Untracked 
|1048|0x0000000783000000, 0x0000000783000000, 0x0000000783200000|  0%| F|  |TAMS 0x0000000783000000, 0x0000000783000000| Untracked 
|1049|0x0000000783200000, 0x0000000783200000, 0x0000000783400000|  0%| F|  |TAMS 0x0000000783200000, 0x0000000783200000| Untracked 
|1050|0x0000000783400000, 0x0000000783400000, 0x0000000783600000|  0%| F|  |TAMS 0x0000000783400000, 0x0000000783400000| Untracked 
|1051|0x0000000783600000, 0x0000000783600000, 0x0000000783800000|  0%| F|  |TAMS 0x0000000783600000, 0x0000000783600000| Untracked 
|1052|0x0000000783800000, 0x0000000783800000, 0x0000000783a00000|  0%| F|  |TAMS 0x0000000783800000, 0x0000000783800000| Untracked 
|1053|0x0000000783a00000, 0x0000000783a00000, 0x0000000783c00000|  0%| F|  |TAMS 0x0000000783a00000, 0x0000000783a00000| Untracked 
|1054|0x0000000783c00000, 0x0000000783c00000, 0x0000000783e00000|  0%| F|  |TAMS 0x0000000783c00000, 0x0000000783c00000| Untracked 
|1055|0x0000000783e00000, 0x0000000783e00000, 0x0000000784000000|  0%| F|  |TAMS 0x0000000783e00000, 0x0000000783e00000| Untracked 
|1056|0x0000000784000000, 0x0000000784000000, 0x0000000784200000|  0%| F|  |TAMS 0x0000000784000000, 0x0000000784000000| Untracked 
|1057|0x0000000784200000, 0x0000000784200000, 0x0000000784400000|  0%| F|  |TAMS 0x0000000784200000, 0x0000000784200000| Untracked 
|1058|0x0000000784400000, 0x0000000784400000, 0x0000000784600000|  0%| F|  |TAMS 0x0000000784400000, 0x0000000784400000| Untracked 
|1059|0x0000000784600000, 0x0000000784600000, 0x0000000784800000|  0%| F|  |TAMS 0x0000000784600000, 0x0000000784600000| Untracked 
|1060|0x0000000784800000, 0x0000000784800000, 0x0000000784a00000|  0%| F|  |TAMS 0x0000000784800000, 0x0000000784800000| Untracked 
|1061|0x0000000784a00000, 0x0000000784a00000, 0x0000000784c00000|  0%| F|  |TAMS 0x0000000784a00000, 0x0000000784a00000| Untracked 
|1062|0x0000000784c00000, 0x0000000784c00000, 0x0000000784e00000|  0%| F|  |TAMS 0x0000000784c00000, 0x0000000784c00000| Untracked 
|1063|0x0000000784e00000, 0x0000000784e00000, 0x0000000785000000|  0%| F|  |TAMS 0x0000000784e00000, 0x0000000784e00000| Untracked 
|1064|0x0000000785000000, 0x0000000785000000, 0x0000000785200000|  0%| F|  |TAMS 0x0000000785000000, 0x0000000785000000| Untracked 
|1065|0x0000000785200000, 0x0000000785200000, 0x0000000785400000|  0%| F|  |TAMS 0x0000000785200000, 0x0000000785200000| Untracked 
|1066|0x0000000785400000, 0x0000000785400000, 0x0000000785600000|  0%| F|  |TAMS 0x0000000785400000, 0x0000000785400000| Untracked 
|1067|0x0000000785600000, 0x0000000785600000, 0x0000000785800000|  0%| F|  |TAMS 0x0000000785600000, 0x0000000785600000| Untracked 
|1068|0x0000000785800000, 0x0000000785800000, 0x0000000785a00000|  0%| F|  |TAMS 0x0000000785800000, 0x0000000785800000| Untracked 
|1069|0x0000000785a00000, 0x0000000785a00000, 0x0000000785c00000|  0%| F|  |TAMS 0x0000000785a00000, 0x0000000785a00000| Untracked 
|1070|0x0000000785c00000, 0x0000000785c00000, 0x0000000785e00000|  0%| F|  |TAMS 0x0000000785c00000, 0x0000000785c00000| Untracked 
|1071|0x0000000785e00000, 0x0000000785e00000, 0x0000000786000000|  0%| F|  |TAMS 0x0000000785e00000, 0x0000000785e00000| Untracked 
|1072|0x0000000786000000, 0x0000000786000000, 0x0000000786200000|  0%| F|  |TAMS 0x0000000786000000, 0x0000000786000000| Untracked 
|1073|0x0000000786200000, 0x0000000786200000, 0x0000000786400000|  0%| F|  |TAMS 0x0000000786200000, 0x0000000786200000| Untracked 
|1074|0x0000000786400000, 0x0000000786400000, 0x0000000786600000|  0%| F|  |TAMS 0x0000000786400000, 0x0000000786400000| Untracked 
|1075|0x0000000786600000, 0x0000000786600000, 0x0000000786800000|  0%| F|  |TAMS 0x0000000786600000, 0x0000000786600000| Untracked 
|1076|0x0000000786800000, 0x0000000786800000, 0x0000000786a00000|  0%| F|  |TAMS 0x0000000786800000, 0x0000000786800000| Untracked 
|1077|0x0000000786a00000, 0x0000000786a00000, 0x0000000786c00000|  0%| F|  |TAMS 0x0000000786a00000, 0x0000000786a00000| Untracked 
|1078|0x0000000786c00000, 0x0000000786c00000, 0x0000000786e00000|  0%| F|  |TAMS 0x0000000786c00000, 0x0000000786c00000| Untracked 
|1079|0x0000000786e00000, 0x0000000786e00000, 0x0000000787000000|  0%| F|  |TAMS 0x0000000786e00000, 0x0000000786e00000| Untracked 
|1080|0x0000000787000000, 0x0000000787000000, 0x0000000787200000|  0%| F|  |TAMS 0x0000000787000000, 0x0000000787000000| Untracked 
|1081|0x0000000787200000, 0x0000000787200000, 0x0000000787400000|  0%| F|  |TAMS 0x0000000787200000, 0x0000000787200000| Untracked 
|1082|0x0000000787400000, 0x0000000787400000, 0x0000000787600000|  0%| F|  |TAMS 0x0000000787400000, 0x0000000787400000| Untracked 
|1083|0x0000000787600000, 0x0000000787600000, 0x0000000787800000|  0%| F|  |TAMS 0x0000000787600000, 0x0000000787600000| Untracked 
|1084|0x0000000787800000, 0x0000000787800000, 0x0000000787a00000|  0%| F|  |TAMS 0x0000000787800000, 0x0000000787800000| Untracked 
|1085|0x0000000787a00000, 0x0000000787a00000, 0x0000000787c00000|  0%| F|  |TAMS 0x0000000787a00000, 0x0000000787a00000| Untracked 
|1086|0x0000000787c00000, 0x0000000787c00000, 0x0000000787e00000|  0%| F|  |TAMS 0x0000000787c00000, 0x0000000787c00000| Untracked 
|1087|0x0000000787e00000, 0x0000000787e00000, 0x0000000788000000|  0%| F|  |TAMS 0x0000000787e00000, 0x0000000787e00000| Untracked 
|1088|0x0000000788000000, 0x0000000788000000, 0x0000000788200000|  0%| F|  |TAMS 0x0000000788000000, 0x0000000788000000| Untracked 
|1089|0x0000000788200000, 0x0000000788200000, 0x0000000788400000|  0%| F|  |TAMS 0x0000000788200000, 0x0000000788200000| Untracked 
|1090|0x0000000788400000, 0x0000000788400000, 0x0000000788600000|  0%| F|  |TAMS 0x0000000788400000, 0x0000000788400000| Untracked 
|1091|0x0000000788600000, 0x0000000788600000, 0x0000000788800000|  0%| F|  |TAMS 0x0000000788600000, 0x0000000788600000| Untracked 
|1092|0x0000000788800000, 0x0000000788800000, 0x0000000788a00000|  0%| F|  |TAMS 0x0000000788800000, 0x0000000788800000| Untracked 
|1093|0x0000000788a00000, 0x0000000788a00000, 0x0000000788c00000|  0%| F|  |TAMS 0x0000000788a00000, 0x0000000788a00000| Untracked 
|1094|0x0000000788c00000, 0x0000000788c00000, 0x0000000788e00000|  0%| F|  |TAMS 0x0000000788c00000, 0x0000000788c00000| Untracked 
|1095|0x0000000788e00000, 0x0000000788e00000, 0x0000000789000000|  0%| F|  |TAMS 0x0000000788e00000, 0x0000000788e00000| Untracked 
|1096|0x0000000789000000, 0x0000000789000000, 0x0000000789200000|  0%| F|  |TAMS 0x0000000789000000, 0x0000000789000000| Untracked 
|1097|0x0000000789200000, 0x0000000789200000, 0x0000000789400000|  0%| F|  |TAMS 0x0000000789200000, 0x0000000789200000| Untracked 
|1098|0x0000000789400000, 0x0000000789400000, 0x0000000789600000|  0%| F|  |TAMS 0x0000000789400000, 0x0000000789400000| Untracked 
|1099|0x0000000789600000, 0x0000000789600000, 0x0000000789800000|  0%| F|  |TAMS 0x0000000789600000, 0x0000000789600000| Untracked 
|1100|0x0000000789800000, 0x0000000789800000, 0x0000000789a00000|  0%| F|  |TAMS 0x0000000789800000, 0x0000000789800000| Untracked 
|1101|0x0000000789a00000, 0x0000000789a00000, 0x0000000789c00000|  0%| F|  |TAMS 0x0000000789a00000, 0x0000000789a00000| Untracked 
|1102|0x0000000789c00000, 0x0000000789c00000, 0x0000000789e00000|  0%| F|  |TAMS 0x0000000789c00000, 0x0000000789c00000| Untracked 
|1103|0x0000000789e00000, 0x0000000789e00000, 0x000000078a000000|  0%| F|  |TAMS 0x0000000789e00000, 0x0000000789e00000| Untracked 
|1104|0x000000078a000000, 0x000000078a000000, 0x000000078a200000|  0%| F|  |TAMS 0x000000078a000000, 0x000000078a000000| Untracked 
|1105|0x000000078a200000, 0x000000078a200000, 0x000000078a400000|  0%| F|  |TAMS 0x000000078a200000, 0x000000078a200000| Untracked 
|1106|0x000000078a400000, 0x000000078a400000, 0x000000078a600000|  0%| F|  |TAMS 0x000000078a400000, 0x000000078a400000| Untracked 
|1107|0x000000078a600000, 0x000000078a600000, 0x000000078a800000|  0%| F|  |TAMS 0x000000078a600000, 0x000000078a600000| Untracked 
|1108|0x000000078a800000, 0x000000078a800000, 0x000000078aa00000|  0%| F|  |TAMS 0x000000078a800000, 0x000000078a800000| Untracked 
|1109|0x000000078aa00000, 0x000000078aa00000, 0x000000078ac00000|  0%| F|  |TAMS 0x000000078aa00000, 0x000000078aa00000| Untracked 
|1110|0x000000078ac00000, 0x000000078ac00000, 0x000000078ae00000|  0%| F|  |TAMS 0x000000078ac00000, 0x000000078ac00000| Untracked 
|1111|0x000000078ae00000, 0x000000078ae00000, 0x000000078b000000|  0%| F|  |TAMS 0x000000078ae00000, 0x000000078ae00000| Untracked 
|1112|0x000000078b000000, 0x000000078b000000, 0x000000078b200000|  0%| F|  |TAMS 0x000000078b000000, 0x000000078b000000| Untracked 
|1113|0x000000078b200000, 0x000000078b200000, 0x000000078b400000|  0%| F|  |TAMS 0x000000078b200000, 0x000000078b200000| Untracked 
|1114|0x000000078b400000, 0x000000078b400000, 0x000000078b600000|  0%| F|  |TAMS 0x000000078b400000, 0x000000078b400000| Untracked 
|1115|0x000000078b600000, 0x000000078b600000, 0x000000078b800000|  0%| F|  |TAMS 0x000000078b600000, 0x000000078b600000| Untracked 
|1116|0x000000078b800000, 0x000000078b800000, 0x000000078ba00000|  0%| F|  |TAMS 0x000000078b800000, 0x000000078b800000| Untracked 
|1117|0x000000078ba00000, 0x000000078ba00000, 0x000000078bc00000|  0%| F|  |TAMS 0x000000078ba00000, 0x000000078ba00000| Untracked 
|1118|0x000000078bc00000, 0x000000078bc00000, 0x000000078be00000|  0%| F|  |TAMS 0x000000078bc00000, 0x000000078bc00000| Untracked 
|1119|0x000000078be00000, 0x000000078be00000, 0x000000078c000000|  0%| F|  |TAMS 0x000000078be00000, 0x000000078be00000| Untracked 
|1120|0x000000078c000000, 0x000000078c000000, 0x000000078c200000|  0%| F|  |TAMS 0x000000078c000000, 0x000000078c000000| Untracked 
|1121|0x000000078c200000, 0x000000078c200000, 0x000000078c400000|  0%| F|  |TAMS 0x000000078c200000, 0x000000078c200000| Untracked 
|1122|0x000000078c400000, 0x000000078c400000, 0x000000078c600000|  0%| F|  |TAMS 0x000000078c400000, 0x000000078c400000| Untracked 
|1123|0x000000078c600000, 0x000000078c600000, 0x000000078c800000|  0%| F|  |TAMS 0x000000078c600000, 0x000000078c600000| Untracked 
|1124|0x000000078c800000, 0x000000078c800000, 0x000000078ca00000|  0%| F|  |TAMS 0x000000078c800000, 0x000000078c800000| Untracked 
|1125|0x000000078ca00000, 0x000000078ca00000, 0x000000078cc00000|  0%| F|  |TAMS 0x000000078ca00000, 0x000000078ca00000| Untracked 
|1126|0x000000078cc00000, 0x000000078cc00000, 0x000000078ce00000|  0%| F|  |TAMS 0x000000078cc00000, 0x000000078cc00000| Untracked 
|1127|0x000000078ce00000, 0x000000078ce00000, 0x000000078d000000|  0%| F|  |TAMS 0x000000078ce00000, 0x000000078ce00000| Untracked 
|1128|0x000000078d000000, 0x000000078d000000, 0x000000078d200000|  0%| F|  |TAMS 0x000000078d000000, 0x000000078d000000| Untracked 
|1129|0x000000078d200000, 0x000000078d200000, 0x000000078d400000|  0%| F|  |TAMS 0x000000078d200000, 0x000000078d200000| Untracked 
|1130|0x000000078d400000, 0x000000078d400000, 0x000000078d600000|  0%| F|  |TAMS 0x000000078d400000, 0x000000078d400000| Untracked 
|1131|0x000000078d600000, 0x000000078d600000, 0x000000078d800000|  0%| F|  |TAMS 0x000000078d600000, 0x000000078d600000| Untracked 
|1132|0x000000078d800000, 0x000000078d800000, 0x000000078da00000|  0%| F|  |TAMS 0x000000078d800000, 0x000000078d800000| Untracked 
|1133|0x000000078da00000, 0x000000078da00000, 0x000000078dc00000|  0%| F|  |TAMS 0x000000078da00000, 0x000000078da00000| Untracked 
|1134|0x000000078dc00000, 0x000000078dc00000, 0x000000078de00000|  0%| F|  |TAMS 0x000000078dc00000, 0x000000078dc00000| Untracked 
|1135|0x000000078de00000, 0x000000078e000000, 0x000000078e000000|100%| S|  |TAMS 0x000000078de00000, 0x000000078de00000| Complete 
|1136|0x000000078e000000, 0x000000078e200000, 0x000000078e200000|100%| S|  |TAMS 0x000000078e000000, 0x000000078e000000| Complete 
|1137|0x000000078e200000, 0x000000078e400000, 0x000000078e400000|100%| S|  |TAMS 0x000000078e200000, 0x000000078e200000| Complete 
|1138|0x000000078e400000, 0x000000078e600000, 0x000000078e600000|100%| S|  |TAMS 0x000000078e400000, 0x000000078e400000| Complete 
|1139|0x000000078e600000, 0x000000078e800000, 0x000000078e800000|100%| S|  |TAMS 0x000000078e600000, 0x000000078e600000| Complete 
|1140|0x000000078e800000, 0x000000078ea00000, 0x000000078ea00000|100%| S|  |TAMS 0x000000078e800000, 0x000000078e800000| Complete 
|1141|0x000000078ea00000, 0x000000078ec00000, 0x000000078ec00000|100%| S|  |TAMS 0x000000078ea00000, 0x000000078ea00000| Complete 
|1142|0x000000078ec00000, 0x000000078ee00000, 0x000000078ee00000|100%| S|  |TAMS 0x000000078ec00000, 0x000000078ec00000| Complete 
|1143|0x000000078ee00000, 0x000000078f000000, 0x000000078f000000|100%| E|CS|TAMS 0x000000078ee00000, 0x000000078ee00000| Complete 
|1144|0x000000078f000000, 0x000000078f200000, 0x000000078f200000|100%| E|CS|TAMS 0x000000078f000000, 0x000000078f000000| Complete 
|1145|0x000000078f200000, 0x000000078f400000, 0x000000078f400000|100%| E|CS|TAMS 0x000000078f200000, 0x000000078f200000| Complete 
|1146|0x000000078f400000, 0x000000078f600000, 0x000000078f600000|100%| E|CS|TAMS 0x000000078f400000, 0x000000078f400000| Complete 
|1147|0x000000078f600000, 0x000000078f800000, 0x000000078f800000|100%| E|CS|TAMS 0x000000078f600000, 0x000000078f600000| Complete 
|1148|0x000000078f800000, 0x000000078fa00000, 0x000000078fa00000|100%| E|CS|TAMS 0x000000078f800000, 0x000000078f800000| Complete 
|1149|0x000000078fa00000, 0x000000078fbeedc0, 0x000000078fc00000| 96%| E|CS|TAMS 0x000000078fa00000, 0x000000078fa00000| Complete 
|1150|0x000000078fc00000, 0x000000078fe00000, 0x000000078fe00000|100%| E|CS|TAMS 0x000000078fc00000, 0x000000078fc00000| Complete 
|1151|0x000000078fe00000, 0x0000000790000000, 0x0000000790000000|100%| E|CS|TAMS 0x000000078fe00000, 0x000000078fe00000| Complete 
|1152|0x0000000790000000, 0x0000000790200000, 0x0000000790200000|100%| E|CS|TAMS 0x0000000790000000, 0x0000000790000000| Complete 
|1153|0x0000000790200000, 0x0000000790400000, 0x0000000790400000|100%| E|CS|TAMS 0x0000000790200000, 0x0000000790200000| Complete 
|1154|0x0000000790400000, 0x0000000790600000, 0x0000000790600000|100%| E|CS|TAMS 0x0000000790400000, 0x0000000790400000| Complete 
|1155|0x0000000790600000, 0x0000000790800000, 0x0000000790800000|100%| E|CS|TAMS 0x0000000790600000, 0x0000000790600000| Complete 
|1156|0x0000000790800000, 0x0000000790a00000, 0x0000000790a00000|100%| E|CS|TAMS 0x0000000790800000, 0x0000000790800000| Complete 
|1157|0x0000000790a00000, 0x0000000790c00000, 0x0000000790c00000|100%| E|CS|TAMS 0x0000000790a00000, 0x0000000790a00000| Complete 
|1158|0x0000000790c00000, 0x0000000790e00000, 0x0000000790e00000|100%| E|CS|TAMS 0x0000000790c00000, 0x0000000790c00000| Complete 
|1159|0x0000000790e00000, 0x0000000791000000, 0x0000000791000000|100%| E|CS|TAMS 0x0000000790e00000, 0x0000000790e00000| Complete 
|1160|0x0000000791000000, 0x0000000791200000, 0x0000000791200000|100%| E|CS|TAMS 0x0000000791000000, 0x0000000791000000| Complete 
|1161|0x0000000791200000, 0x0000000791400000, 0x0000000791400000|100%| E|CS|TAMS 0x0000000791200000, 0x0000000791200000| Complete 
|1162|0x0000000791400000, 0x0000000791600000, 0x0000000791600000|100%| E|CS|TAMS 0x0000000791400000, 0x0000000791400000| Complete 
|1163|0x0000000791600000, 0x0000000791800000, 0x0000000791800000|100%| E|CS|TAMS 0x0000000791600000, 0x0000000791600000| Complete 
|1164|0x0000000791800000, 0x0000000791a00000, 0x0000000791a00000|100%| E|CS|TAMS 0x0000000791800000, 0x0000000791800000| Complete 
|1165|0x0000000791a00000, 0x0000000791c00000, 0x0000000791c00000|100%| E|CS|TAMS 0x0000000791a00000, 0x0000000791a00000| Complete 
|1166|0x0000000791c00000, 0x0000000791e00000, 0x0000000791e00000|100%| E|CS|TAMS 0x0000000791c00000, 0x0000000791c00000| Complete 
|1167|0x0000000791e00000, 0x0000000792000000, 0x0000000792000000|100%| E|CS|TAMS 0x0000000791e00000, 0x0000000791e00000| Complete 
|1168|0x0000000792000000, 0x0000000792200000, 0x0000000792200000|100%| E|CS|TAMS 0x0000000792000000, 0x0000000792000000| Complete 
|1169|0x0000000792200000, 0x0000000792400000, 0x0000000792400000|100%| E|CS|TAMS 0x0000000792200000, 0x0000000792200000| Complete 
|1170|0x0000000792400000, 0x0000000792600000, 0x0000000792600000|100%| E|CS|TAMS 0x0000000792400000, 0x0000000792400000| Complete 
|1171|0x0000000792600000, 0x0000000792800000, 0x0000000792800000|100%| E|CS|TAMS 0x0000000792600000, 0x0000000792600000| Complete 
|1172|0x0000000792800000, 0x0000000792a00000, 0x0000000792a00000|100%| E|CS|TAMS 0x0000000792800000, 0x0000000792800000| Complete 
|1173|0x0000000792a00000, 0x0000000792c00000, 0x0000000792c00000|100%| E|CS|TAMS 0x0000000792a00000, 0x0000000792a00000| Complete 
|1174|0x0000000792c00000, 0x0000000792e00000, 0x0000000792e00000|100%| E|CS|TAMS 0x0000000792c00000, 0x0000000792c00000| Complete 
|1175|0x0000000792e00000, 0x0000000793000000, 0x0000000793000000|100%| E|CS|TAMS 0x0000000792e00000, 0x0000000792e00000| Complete 
|1176|0x0000000793000000, 0x0000000793200000, 0x0000000793200000|100%| E|CS|TAMS 0x0000000793000000, 0x0000000793000000| Complete 
|1177|0x0000000793200000, 0x0000000793400000, 0x0000000793400000|100%| E|CS|TAMS 0x0000000793200000, 0x0000000793200000| Complete 
|1178|0x0000000793400000, 0x0000000793600000, 0x0000000793600000|100%| E|CS|TAMS 0x0000000793400000, 0x0000000793400000| Complete 
|1179|0x0000000793600000, 0x0000000793800000, 0x0000000793800000|100%| E|CS|TAMS 0x0000000793600000, 0x0000000793600000| Complete 
|1180|0x0000000793800000, 0x0000000793a00000, 0x0000000793a00000|100%| E|CS|TAMS 0x0000000793800000, 0x0000000793800000| Complete 
|1181|0x0000000793a00000, 0x0000000793c00000, 0x0000000793c00000|100%| E|CS|TAMS 0x0000000793a00000, 0x0000000793a00000| Complete 
|1182|0x0000000793c00000, 0x0000000793e00000, 0x0000000793e00000|100%| E|CS|TAMS 0x0000000793c00000, 0x0000000793c00000| Complete 
|1183|0x0000000793e00000, 0x0000000794000000, 0x0000000794000000|100%| E|CS|TAMS 0x0000000793e00000, 0x0000000793e00000| Complete 
|1184|0x0000000794000000, 0x0000000794200000, 0x0000000794200000|100%| E|CS|TAMS 0x0000000794000000, 0x0000000794000000| Complete 
|1185|0x0000000794200000, 0x0000000794400000, 0x0000000794400000|100%| E|CS|TAMS 0x0000000794200000, 0x0000000794200000| Complete 
|1186|0x0000000794400000, 0x0000000794600000, 0x0000000794600000|100%| E|CS|TAMS 0x0000000794400000, 0x0000000794400000| Complete 
|1187|0x0000000794600000, 0x0000000794800000, 0x0000000794800000|100%| E|CS|TAMS 0x0000000794600000, 0x0000000794600000| Complete 
|1188|0x0000000794800000, 0x0000000794a00000, 0x0000000794a00000|100%| E|CS|TAMS 0x0000000794800000, 0x0000000794800000| Complete 
|1189|0x0000000794a00000, 0x0000000794c00000, 0x0000000794c00000|100%| E|CS|TAMS 0x0000000794a00000, 0x0000000794a00000| Complete 
|1190|0x0000000794c00000, 0x0000000794e00000, 0x0000000794e00000|100%| E|CS|TAMS 0x0000000794c00000, 0x0000000794c00000| Complete 
|1191|0x0000000794e00000, 0x0000000795000000, 0x0000000795000000|100%| E|CS|TAMS 0x0000000794e00000, 0x0000000794e00000| Complete 
|1192|0x0000000795000000, 0x0000000795200000, 0x0000000795200000|100%| E|CS|TAMS 0x0000000795000000, 0x0000000795000000| Complete 
|1193|0x0000000795200000, 0x0000000795400000, 0x0000000795400000|100%| E|CS|TAMS 0x0000000795200000, 0x0000000795200000| Complete 
|1194|0x0000000795400000, 0x0000000795600000, 0x0000000795600000|100%| E|CS|TAMS 0x0000000795400000, 0x0000000795400000| Complete 
|1195|0x0000000795600000, 0x0000000795800000, 0x0000000795800000|100%| E|CS|TAMS 0x0000000795600000, 0x0000000795600000| Complete 
|1196|0x0000000795800000, 0x0000000795a00000, 0x0000000795a00000|100%| E|CS|TAMS 0x0000000795800000, 0x0000000795800000| Complete 
|1197|0x0000000795a00000, 0x0000000795c00000, 0x0000000795c00000|100%| E|CS|TAMS 0x0000000795a00000, 0x0000000795a00000| Complete 
|1198|0x0000000795c00000, 0x0000000795e00000, 0x0000000795e00000|100%| E|CS|TAMS 0x0000000795c00000, 0x0000000795c00000| Complete 
|1199|0x0000000795e00000, 0x0000000796000000, 0x0000000796000000|100%| E|CS|TAMS 0x0000000795e00000, 0x0000000795e00000| Complete 
|1200|0x0000000796000000, 0x0000000796200000, 0x0000000796200000|100%| E|CS|TAMS 0x0000000796000000, 0x0000000796000000| Complete 
|1201|0x0000000796200000, 0x0000000796400000, 0x0000000796400000|100%| E|CS|TAMS 0x0000000796200000, 0x0000000796200000| Complete 
|1202|0x0000000796400000, 0x0000000796600000, 0x0000000796600000|100%| E|CS|TAMS 0x0000000796400000, 0x0000000796400000| Complete 
|2046|0x00000007ffc00000, 0x00000007ffd74000, 0x00000007ffe00000| 72%|OA|  |TAMS 0x00000007ffd74000, 0x00000007ffc00000| Untracked 
|2047|0x00000007ffe00000, 0x00000007ffe74000, 0x0000000800000000| 22%|CA|  |TAMS 0x00000007ffe74000, 0x00000007ffe00000| Untracked 

Card table byte_map: [0x0000000110b74000,0x0000000111374000] _byte_map_base: 0x000000010d374000

Marking Bits (Prev, Next): (CMBitMap*) 0x0000000119025a50, (CMBitMap*) 0x0000000119025a10
 Prev Bits: [0x0000000119800000, 0x000000011d800000)
 Next Bits: [0x0000000111b74000, 0x0000000115b74000)

Polling page: 0x0000000102db0000

Metaspace:

Usage:
  Non-class:    236.73 MB used.
      Class:     36.08 MB used.
       Both:    272.81 MB used.

Virtual space:
  Non-class space:      256.00 MB reserved,     238.00 MB ( 93%) committed,  4 nodes.
      Class space:        1.00 GB reserved,      37.19 MB (  4%) committed,  1 nodes.
             Both:        1.25 GB reserved,     275.19 MB ( 21%) committed. 

Chunk freelists:
   Non-Class:  1.60 MB
       Class:  10.83 MB
        Both:  12.43 MB

MaxMetaspaceSize: unlimited
CompressedClassSpaceSize: 1.00 GB
Initial GC threshold: 21.00 MB
Current GC threshold: 455.88 MB
CDS: on
MetaspaceReclaimPolicy: balanced
 - commit_granule_bytes: 65536.
 - commit_granule_words: 8192.
 - virtual_space_node_default_size: 8388608.
 - enlarge_chunks_in_place: 1.
 - new_chunks_are_fully_committed: 0.
 - uncommit_free_chunks: 1.
 - use_allocation_guard: 0.
 - handle_deallocations: 1.


Internal statistics:

num_allocs_failed_limit: 48.
num_arena_births: 4022.
num_arena_deaths: 76.
num_vsnodes_births: 5.
num_vsnodes_deaths: 0.
num_space_committed: 4400.
num_space_uncommitted: 0.
num_chunks_returned_to_freelist: 153.
num_chunks_taken_from_freelist: 16059.
num_chunk_merges: 79.
num_chunk_splits: 10794.
num_chunks_enlarged: 7103.
num_inconsistent_stats: 0.

CodeHeap 'non-profiled nmethods': size=120032Kb used=30999Kb max_used=30999Kb free=89032Kb
 bounds [0x000000013fac8000, 0x0000000141918000, 0x0000000147000000]
CodeHeap 'profiled nmethods': size=120016Kb used=78415Kb max_used=78415Kb free=41600Kb
 bounds [0x0000000138000000, 0x000000013ccc0000, 0x000000013f534000]
CodeHeap 'non-nmethods': size=5712Kb used=2296Kb max_used=2463Kb free=3415Kb
 bounds [0x000000013f534000, 0x000000013f7b4000, 0x000000013fac8000]
 total_blobs=39944 nmethods=38574 adapters=1284
 compilation: enabled
              stopped_count=0, restarted_count=0
 full_count=0

Compilation events (20 events):
Event: 572.149 Thread 0x000000012a81ee00 61369       2       groovy.lang.Closure::<init> (7 bytes)
Event: 572.149 Thread 0x000000012a81ee00 nmethod 61369 0x000000013b7b3a10 code [0x000000013b7b3bc0, 0x000000013b7b3d08]
Event: 572.149 Thread 0x000000012a81ee00 61370       2       org.gradle.internal.evaluation.EvaluationContext$PerThreadContext::getOwner (38 bytes)
Event: 572.149 Thread 0x000000012a81ee00 nmethod 61370 0x000000013ccbb790 code [0x000000013ccbb980, 0x000000013ccbbbe8]
Event: 572.149 Thread 0x000000012a81ee00 61371       2       org.gradle.api.internal.provider.OrElseValueProducer::<init> (47 bytes)
Event: 572.149 Thread 0x000000012a81ee00 nmethod 61371 0x000000013ccbbd10 code [0x000000013ccbbf00, 0x000000013ccbc328]
Event: 572.149 Thread 0x000000012a81ee00 61372       2       it.unimi.dsi.fastutil.objects.ReferenceArrayList::get (61 bytes)
Event: 572.149 Thread 0x000000012a81ee00 nmethod 61372 0x000000013ccbc510 code [0x000000013ccbc740, 0x000000013ccbcb58]
Event: 572.153 Thread 0x000000012a81ee00 61373       2       com.google.common.collect.ImmutableMapEntrySet$RegularEntrySet::spliterator (8 bytes)
Event: 572.153 Thread 0x000000012a81ee00 nmethod 61373 0x000000013b850190 code [0x000000013b850340, 0x000000013b850488]
Event: 572.153 Thread 0x000000012a81ee00 61374       2       com.google.common.collect.ImmutableMap::copyOf (58 bytes)
Event: 572.153 Thread 0x000000012a81ee00 nmethod 61374 0x000000013ccbcd90 code [0x000000013ccbcf80, 0x000000013ccbd2d8]
Event: 572.154 Thread 0x000000012a81ee00 61375       2       kotlin.collections.MapsKt__MapsKt::toMap (54 bytes)
Event: 572.154 Thread 0x000000012a81ee00 nmethod 61375 0x000000013ccbd410 code [0x000000013ccbd6c0, 0x000000013ccbdca8]
Event: 572.155 Thread 0x000000012a81ee00 61376       1       com.android.build.gradle.internal.tasks.factory.features.BuildConfigTaskCreationActionImpl::getBuildConfigCreationConfig (5 bytes)
Event: 572.155 Thread 0x000000012a81ee00 nmethod 61376 0x000000014190da10 code [0x000000014190db80, 0x000000014190dc18]
Event: 572.155 Thread 0x000000012a81ee00 61377       2       com.android.build.gradle.tasks.MergeResources$CreationAction::getAndroidResourcesCreationConfig (8 bytes)
Event: 572.155 Thread 0x000000012a81ee00 nmethod 61377 0x000000013b85fe90 code [0x000000013b860040, 0x000000013b860158]
Event: 572.156 Thread 0x000000012a81ee00 61378       2       org.gradle.api.internal.tasks.DefaultTaskContainer::register (17 bytes)
Event: 572.156 Thread 0x000000012a81ee00 nmethod 61378 0x000000013ccbe090 code [0x000000013ccbe280, 0x000000013ccbe4d8]

GC Heap History (20 events):
Event: 162.402 GC heap after
{Heap after GC invocations=100 (full 0):
 garbage-first heap   total 2174976K, used 1412000K [0x0000000700000000, 0x0000000800000000)
  region size 2048K, 30 young (61440K), 30 survivors (61440K)
 Metaspace       used 265767K, committed 268096K, reserved 1310720K
  class space    used 35345K, committed 36416K, reserved 1048576K
}
Event: 163.779 GC heap before
{Heap before GC invocations=100 (full 0):
 garbage-first heap   total 2174976K, used 1878944K [0x0000000700000000, 0x0000000800000000)
  region size 2048K, 252 young (516096K), 30 survivors (61440K)
 Metaspace       used 266285K, committed 268672K, reserved 1310720K
  class space    used 35401K, committed 36480K, reserved 1048576K
}
Event: 163.814 GC heap after
{Heap after GC invocations=101 (full 0):
 garbage-first heap   total 2174976K, used 1431200K [0x0000000700000000, 0x0000000800000000)
  region size 2048K, 6 young (12288K), 6 survivors (12288K)
 Metaspace       used 266285K, committed 268672K, reserved 1310720K
  class space    used 35401K, committed 36480K, reserved 1048576K
}
Event: 165.387 GC heap before
{Heap before GC invocations=101 (full 0):
 garbage-first heap   total 2174976K, used 1908384K [0x0000000700000000, 0x0000000800000000)
  region size 2048K, 225 young (460800K), 6 survivors (12288K)
 Metaspace       used 268122K, committed 270464K, reserved 1310720K
  class space    used 35666K, committed 36736K, reserved 1048576K
}
Event: 165.393 GC heap after
{Heap after GC invocations=102 (full 0):
 garbage-first heap   total 2174976K, used 1438053K [0x0000000700000000, 0x0000000800000000)
  region size 2048K, 9 young (18432K), 9 survivors (18432K)
 Metaspace       used 268122K, committed 270464K, reserved 1310720K
  class space    used 35666K, committed 36736K, reserved 1048576K
}
Event: 166.026 GC heap before
{Heap before GC invocations=102 (full 0):
 garbage-first heap   total 2174976K, used 1884517K [0x0000000700000000, 0x0000000800000000)
  region size 2048K, 227 young (464896K), 9 survivors (18432K)
 Metaspace       used 269152K, committed 271552K, reserved 1310720K
  class space    used 35789K, committed 36928K, reserved 1048576K
}
Event: 166.030 GC heap after
{Heap after GC invocations=103 (full 0):
 garbage-first heap   total 2174976K, used 1421874K [0x0000000700000000, 0x0000000800000000)
  region size 2048K, 5 young (10240K), 5 survivors (10240K)
 Metaspace       used 269152K, committed 271552K, reserved 1310720K
  class space    used 35789K, committed 36928K, reserved 1048576K
}
Event: 166.371 GC heap before
{Heap before GC invocations=103 (full 0):
 garbage-first heap   total 2174976K, used 1892914K [0x0000000700000000, 0x0000000800000000)
  region size 2048K, 235 young (481280K), 5 survivors (10240K)
 Metaspace       used 269170K, committed 271680K, reserved 1310720K
  class space    used 35790K, committed 36928K, reserved 1048576K
}
Event: 166.374 GC heap after
{Heap after GC invocations=104 (full 0):
 garbage-first heap   total 2174976K, used 1421133K [0x0000000700000000, 0x0000000800000000)
  region size 2048K, 4 young (8192K), 4 survivors (8192K)
 Metaspace       used 269170K, committed 271680K, reserved 1310720K
  class space    used 35790K, committed 36928K, reserved 1048576K
}
Event: 180.596 GC heap before
{Heap before GC invocations=104 (full 0):
 garbage-first heap   total 2174976K, used 1730381K [0x0000000700000000, 0x0000000800000000)
  region size 2048K, 88 young (180224K), 4 survivors (8192K)
 Metaspace       used 277262K, committed 279680K, reserved 1310720K
  class space    used 36672K, committed 37760K, reserved 1048576K
}
Event: 180.619 GC heap after
{Heap after GC invocations=105 (full 0):
 garbage-first heap   total 2174976K, used 1426223K [0x0000000700000000, 0x0000000800000000)
  region size 2048K, 7 young (14336K), 7 survivors (14336K)
 Metaspace       used 277262K, committed 279680K, reserved 1310720K
  class space    used 36672K, committed 37760K, reserved 1048576K
}
Event: 198.166 GC heap before
{Heap before GC invocations=105 (full 0):
 garbage-first heap   total 2174976K, used 1606447K [0x0000000700000000, 0x0000000800000000)
  region size 2048K, 27 young (55296K), 7 survivors (14336K)
 Metaspace       used 277632K, committed 280064K, reserved 1310720K
  class space    used 36712K, committed 37824K, reserved 1048576K
}
Event: 198.196 GC heap after
{Heap after GC invocations=106 (full 0):
 garbage-first heap   total 2174976K, used 1437925K [0x0000000700000000, 0x0000000800000000)
  region size 2048K, 4 young (8192K), 4 survivors (8192K)
 Metaspace       used 277632K, committed 280064K, reserved 1310720K
  class space    used 36712K, committed 37824K, reserved 1048576K
}
Event: 199.159 GC heap before
{Heap before GC invocations=106 (full 0):
 garbage-first heap   total 2174976K, used 1599717K [0x0000000700000000, 0x0000000800000000)
  region size 2048K, 19 young (38912K), 4 survivors (8192K)
 Metaspace       used 277638K, committed 280064K, reserved 1310720K
  class space    used 36712K, committed 37824K, reserved 1048576K
}
Event: 199.165 GC heap after
{Heap after GC invocations=107 (full 0):
 garbage-first heap   total 2174976K, used 1517836K [0x0000000700000000, 0x0000000800000000)
  region size 2048K, 8 young (16384K), 8 survivors (16384K)
 Metaspace       used 277638K, committed 280064K, reserved 1310720K
  class space    used 36712K, committed 37824K, reserved 1048576K
}
Event: 571.630 GC heap before
{Heap before GC invocations=108 (full 0):
 garbage-first heap   total 2467840K, used 1741068K [0x0000000700000000, 0x0000000800000000)
  region size 2048K, 135 young (276480K), 8 survivors (16384K)
 Metaspace       used 279083K, committed 281536K, reserved 1310720K
  class space    used 36936K, committed 38080K, reserved 1048576K
}
Event: 571.656 GC heap after
{Heap after GC invocations=109 (full 0):
 garbage-first heap   total 2467840K, used 1300523K [0x0000000700000000, 0x0000000800000000)
  region size 2048K, 14 young (28672K), 14 survivors (28672K)
 Metaspace       used 279083K, committed 281536K, reserved 1310720K
  class space    used 36936K, committed 38080K, reserved 1048576K
}
Event: 571.863 GC heap before
{Heap before GC invocations=109 (full 0):
 garbage-first heap   total 2467840K, used 1394731K [0x0000000700000000, 0x0000000800000000)
  region size 2048K, 60 young (122880K), 14 survivors (28672K)
 Metaspace       used 279213K, committed 281664K, reserved 1310720K
  class space    used 36945K, committed 38080K, reserved 1048576K
}
Event: 571.974 GC heap after
{Heap after GC invocations=110 (full 0):
 garbage-first heap   total 2467840K, used 1089575K [0x0000000700000000, 0x0000000800000000)
  region size 2048K, 8 young (16384K), 8 survivors (16384K)
 Metaspace       used 279213K, committed 281664K, reserved 1310720K
  class space    used 36945K, committed 38080K, reserved 1048576K
}
Event: 572.156 GC heap before
{Heap before GC invocations=110 (full 0):
 garbage-first heap   total 2467840K, used 1196071K [0x0000000700000000, 0x0000000800000000)
  region size 2048K, 60 young (122880K), 8 survivors (16384K)
 Metaspace       used 279356K, committed 281792K, reserved 1310720K
  class space    used 36947K, committed 38080K, reserved 1048576K
}

Dll operation events (17 events):
Event: 0.006 Loaded shared library /Library/Java/JavaVirtualMachines/temurin-17.jdk/Contents/Home/lib/libjava.dylib
Event: 0.032 Loaded shared library /Library/Java/JavaVirtualMachines/temurin-17.jdk/Contents/Home/lib/libzip.dylib
Event: 0.033 Loaded shared library /Library/Java/JavaVirtualMachines/temurin-17.jdk/Contents/Home/lib/libinstrument.dylib
Event: 0.035 Loaded shared library /Library/Java/JavaVirtualMachines/temurin-17.jdk/Contents/Home/lib/libnio.dylib
Event: 0.036 Loaded shared library /Library/Java/JavaVirtualMachines/temurin-17.jdk/Contents/Home/lib/libzip.dylib
Event: 0.111 Loaded shared library /Library/Java/JavaVirtualMachines/temurin-17.jdk/Contents/Home/lib/libjimage.dylib
Event: 0.159 Loaded shared library /Library/Java/JavaVirtualMachines/temurin-17.jdk/Contents/Home/lib/libverify.dylib
Event: 0.190 Loaded shared library /Library/Java/JavaVirtualMachines/temurin-17.jdk/Contents/Home/lib/libnet.dylib
Event: 0.194 Loaded shared library /Users/ekim/.gradle/native/1def1411415f61bf3af743bc5b6707747c0891f09f0c88961ee8f79bc544acac/osx-aarch64/libnative-platform.dylib
Event: 0.224 Loaded shared library /Users/ekim/.gradle/native/0.2.7/aarch64-macos/libgradle-fileevents.dylib
Event: 0.566 Loaded shared library /Library/Java/JavaVirtualMachines/temurin-17.jdk/Contents/Home/lib/libmanagement.dylib
Event: 0.568 Loaded shared library /Library/Java/JavaVirtualMachines/temurin-17.jdk/Contents/Home/lib/libmanagement_ext.dylib
Event: 0.605 Loaded shared library /Library/Java/JavaVirtualMachines/temurin-17.jdk/Contents/Home/lib/libextnet.dylib
Event: 122.179 Loaded shared library /Library/Java/JavaVirtualMachines/temurin-17.jdk/Contents/Home/lib/librmi.dylib
Event: 126.407 Loaded shared library /Library/Java/JavaVirtualMachines/temurin-17.jdk/Contents/Home/lib/libawt.dylib
Event: 126.418 Loaded shared library /Library/Java/JavaVirtualMachines/temurin-17.jdk/Contents/Home/lib/libawt_lwawt.dylib
Event: 126.432 Loaded shared library /Library/Java/JavaVirtualMachines/temurin-17.jdk/Contents/Home/lib/libfontmanager.dylib

Deoptimization events (20 events):
Event: 572.035 Thread 0x000000032b68da00 DEOPT PACKING pc=0x000000013a328680 sp=0x0000000170fd7fa0
Event: 572.035 Thread 0x000000032b68da00 DEOPT UNPACKING pc=0x000000013f57b77c sp=0x0000000170fd7d60 mode 0
Event: 572.036 Thread 0x000000032b68da00 DEOPT PACKING pc=0x000000013a328680 sp=0x0000000170fd7fa0
Event: 572.036 Thread 0x000000032b68da00 DEOPT UNPACKING pc=0x000000013f57b77c sp=0x0000000170fd7d60 mode 0
Event: 572.037 Thread 0x000000032b68da00 DEOPT PACKING pc=0x0000000139b63ec0 sp=0x0000000170fd7d30
Event: 572.037 Thread 0x000000032b68da00 DEOPT UNPACKING pc=0x000000013f57b77c sp=0x0000000170fd7a40 mode 0
Event: 572.038 Thread 0x000000032b68da00 DEOPT PACKING pc=0x000000013a328680 sp=0x0000000170fd7fa0
Event: 572.038 Thread 0x000000032b68da00 DEOPT UNPACKING pc=0x000000013f57b77c sp=0x0000000170fd7d60 mode 0
Event: 572.040 Thread 0x000000032b68da00 DEOPT PACKING pc=0x000000013a328680 sp=0x0000000170fd7fa0
Event: 572.040 Thread 0x000000032b68da00 DEOPT UNPACKING pc=0x000000013f57b77c sp=0x0000000170fd7d60 mode 0
Event: 572.041 Thread 0x000000032b68da00 DEOPT PACKING pc=0x000000013a328680 sp=0x0000000170fd7fa0
Event: 572.041 Thread 0x000000032b68da00 DEOPT UNPACKING pc=0x000000013f57b77c sp=0x0000000170fd7d60 mode 0
Event: 572.043 Thread 0x000000032b68da00 DEOPT PACKING pc=0x0000000139b63ec0 sp=0x0000000170fd7d30
Event: 572.043 Thread 0x000000032b68da00 DEOPT UNPACKING pc=0x000000013f57b77c sp=0x0000000170fd7a40 mode 0
Event: 572.043 Thread 0x000000032b68da00 DEOPT PACKING pc=0x000000013a328680 sp=0x0000000170fd7fa0
Event: 572.043 Thread 0x000000032b68da00 DEOPT UNPACKING pc=0x000000013f57b77c sp=0x0000000170fd7d60 mode 0
Event: 572.044 Thread 0x000000032b68da00 DEOPT PACKING pc=0x000000013a328680 sp=0x0000000170fd7fa0
Event: 572.044 Thread 0x000000032b68da00 DEOPT UNPACKING pc=0x000000013f57b77c sp=0x0000000170fd7d60 mode 0
Event: 572.146 Thread 0x000000032b68da00 DEOPT PACKING pc=0x000000013814aba8 sp=0x0000000170fd5d50
Event: 572.146 Thread 0x000000032b68da00 DEOPT UNPACKING pc=0x000000013f57b77c sp=0x0000000170fd59f0 mode 0

Classes loaded (20 events):
Event: 422.261 Loading class java/lang/StackStreamFactory$StackFrameTraverser
Event: 422.263 Loading class java/lang/StackStreamFactory$StackFrameTraverser done
Event: 422.264 Loading class java/lang/StackStreamFactory$WalkerState
Event: 422.264 Loading class java/lang/StackStreamFactory$WalkerState done
Event: 422.264 Loading class java/lang/StackStreamFactory$1
Event: 422.264 Loading class java/lang/StackStreamFactory$1 done
Event: 422.264 Loading class java/lang/StackStreamFactory$StackFrameTraverser$StackFrameBuffer
Event: 422.265 Loading class java/lang/StackStreamFactory$FrameBuffer
Event: 422.266 Loading class java/lang/StackStreamFactory$FrameBuffer done
Event: 422.266 Loading class java/lang/StackStreamFactory$StackFrameTraverser$StackFrameBuffer done
Event: 422.268 Loading class java/util/logging/LogRecord
Event: 422.271 Loading class java/util/logging/LogRecord done
Event: 570.963 Loading class jdk/internal/math/FormattedFloatingDecimal$Form
Event: 570.963 Loading class jdk/internal/math/FormattedFloatingDecimal$Form done
Event: 570.964 Loading class jdk/internal/math/FormattedFloatingDecimal
Event: 570.965 Loading class jdk/internal/math/FormattedFloatingDecimal done
Event: 570.965 Loading class jdk/internal/math/FormattedFloatingDecimal$1
Event: 570.965 Loading class jdk/internal/math/FormattedFloatingDecimal$1 done
Event: 570.966 Loading class jdk/internal/math/FormattedFloatingDecimal$2
Event: 570.966 Loading class jdk/internal/math/FormattedFloatingDecimal$2 done

Classes unloaded (20 events):
Event: 200.330 Thread 0x000000012a013130 Unloading class 0x00000088031ad400 'java/lang/invoke/LambdaForm$DMH+0x00000088031ad400'
Event: 200.330 Thread 0x000000012a013130 Unloading class 0x00000088031ad000 'java/lang/invoke/LambdaForm$DMH+0x00000088031ad000'
Event: 200.330 Thread 0x000000012a013130 Unloading class 0x00000088031acc00 'java/lang/invoke/LambdaForm$DMH+0x00000088031acc00'
Event: 200.330 Thread 0x000000012a013130 Unloading class 0x00000088031ac800 'java/lang/invoke/LambdaForm$DMH+0x00000088031ac800'
Event: 200.330 Thread 0x000000012a013130 Unloading class 0x0000008803124400 'java/lang/invoke/LambdaForm$DMH+0x0000008803124400'
Event: 200.330 Thread 0x000000012a013130 Unloading class 0x000000880311b000 'java/lang/invoke/LambdaForm$MH+0x000000880311b000'
Event: 200.330 Thread 0x000000012a013130 Unloading class 0x000000880311ac00 'java/lang/invoke/LambdaForm$MH+0x000000880311ac00'
Event: 200.330 Thread 0x000000012a013130 Unloading class 0x000000880311a800 'java/lang/invoke/LambdaForm$DMH+0x000000880311a800'
Event: 200.330 Thread 0x000000012a013130 Unloading class 0x000000880311a000 'java/lang/invoke/LambdaForm$DMH+0x000000880311a000'
Event: 200.330 Thread 0x000000012a013130 Unloading class 0x0000008803119800 'java/lang/invoke/LambdaForm$DMH+0x0000008803119800'
Event: 200.330 Thread 0x000000012a013130 Unloading class 0x0000008803119400 'java/lang/invoke/LambdaForm$DMH+0x0000008803119400'
Event: 200.330 Thread 0x000000012a013130 Unloading class 0x0000008803118c00 'java/lang/invoke/LambdaForm$DMH+0x0000008803118c00'
Event: 200.330 Thread 0x000000012a013130 Unloading class 0x0000008803118400 'java/lang/invoke/LambdaForm$DMH+0x0000008803118400'
Event: 200.330 Thread 0x000000012a013130 Unloading class 0x0000008803118000 'java/lang/invoke/LambdaForm$DMH+0x0000008803118000'
Event: 200.330 Thread 0x000000012a013130 Unloading class 0x0000008802be5000 'java/lang/invoke/LambdaForm$DMH+0x0000008802be5000'
Event: 200.330 Thread 0x000000012a013130 Unloading class 0x0000008802be5400 'java/lang/invoke/LambdaForm$DMH+0x0000008802be5400'
Event: 200.330 Thread 0x000000012a013130 Unloading class 0x0000008802be5c00 'java/lang/invoke/LambdaForm$DMH+0x0000008802be5c00'
Event: 200.330 Thread 0x000000012a013130 Unloading class 0x0000008802be5800 'java/lang/invoke/LambdaForm$DMH+0x0000008802be5800'
Event: 200.330 Thread 0x000000012a013130 Unloading class 0x0000008802be4800 'java/lang/invoke/LambdaForm$DMH+0x0000008802be4800'
Event: 200.330 Thread 0x000000012a013130 Unloading class 0x0000008802be4400 'java/lang/invoke/LambdaForm$DMH+0x0000008802be4400'

Classes redefined (0 events):
No events

Internal exceptions (20 events):
Event: 204.061 Thread 0x000000012adb3200 Exception <a 'sun/nio/fs/UnixException'{0x0000000792b152f8}> (0x0000000792b152f8) 
thrown [src/hotspot/share/prims/jni.cpp, line 516]
Event: 204.084 Thread 0x000000012adb3200 Exception <a 'sun/nio/fs/UnixException'{0x0000000792113b40}> (0x0000000792113b40) 
thrown [src/hotspot/share/prims/jni.cpp, line 516]
Event: 204.084 Thread 0x000000012adb3200 Exception <a 'sun/nio/fs/UnixException'{0x0000000792114a18}> (0x0000000792114a18) 
thrown [src/hotspot/share/prims/jni.cpp, line 516]
Event: 204.084 Thread 0x000000012adb3200 Exception <a 'sun/nio/fs/UnixException'{0x000000079211b670}> (0x000000079211b670) 
thrown [src/hotspot/share/prims/jni.cpp, line 516]
Event: 571.133 Thread 0x000000032b68da00 Exception <a 'sun/nio/fs/UnixException'{0x0000000790864580}> (0x0000000790864580) 
thrown [src/hotspot/share/prims/jni.cpp, line 516]
Event: 571.133 Thread 0x000000032b68da00 Exception <a 'sun/nio/fs/UnixException'{0x0000000790865608}> (0x0000000790865608) 
thrown [src/hotspot/share/prims/jni.cpp, line 516]
Event: 571.133 Thread 0x000000032b68da00 Exception <a 'sun/nio/fs/UnixException'{0x0000000790866688}> (0x0000000790866688) 
thrown [src/hotspot/share/prims/jni.cpp, line 516]
Event: 571.133 Thread 0x000000032b68da00 Exception <a 'sun/nio/fs/UnixException'{0x0000000790867700}> (0x0000000790867700) 
thrown [src/hotspot/share/prims/jni.cpp, line 516]
Event: 571.144 Thread 0x000000032b68da00 Exception <a 'sun/nio/fs/UnixException'{0x000000079066ba20}> (0x000000079066ba20) 
thrown [src/hotspot/share/prims/jni.cpp, line 516]
Event: 571.144 Thread 0x000000032b68da00 Exception <a 'sun/nio/fs/UnixException'{0x000000079066cff8}> (0x000000079066cff8) 
thrown [src/hotspot/share/prims/jni.cpp, line 516]
Event: 571.144 Thread 0x000000032b68da00 Exception <a 'sun/nio/fs/UnixException'{0x000000079066e5c8}> (0x000000079066e5c8) 
thrown [src/hotspot/share/prims/jni.cpp, line 516]
Event: 571.144 Thread 0x000000032b68da00 Exception <a 'sun/nio/fs/UnixException'{0x000000079066fb90}> (0x000000079066fb90) 
thrown [src/hotspot/share/prims/jni.cpp, line 516]
Event: 571.159 Thread 0x000000032b68da00 Implicit null exception at 0x000000014069a77c to 0x000000014069f894
Event: 571.294 Thread 0x0000000168131c00 Exception <a 'sun/nio/fs/UnixException'{0x000000078e028e38}> (0x000000078e028e38) 
thrown [src/hotspot/share/prims/jni.cpp, line 516]
Event: 571.295 Thread 0x0000000168131c00 Exception <a 'sun/nio/fs/UnixException'{0x000000078e02ab28}> (0x000000078e02ab28) 
thrown [src/hotspot/share/prims/jni.cpp, line 516]
Event: 571.295 Thread 0x0000000168131c00 Exception <a 'sun/nio/fs/UnixException'{0x000000078e02c7c0}> (0x000000078e02c7c0) 
thrown [src/hotspot/share/prims/jni.cpp, line 516]
Event: 571.295 Thread 0x0000000168131c00 Exception <a 'sun/nio/fs/UnixException'{0x000000078e02e118}> (0x000000078e02e118) 
thrown [src/hotspot/share/prims/jni.cpp, line 516]
Event: 571.295 Thread 0x0000000168131c00 Exception <a 'sun/nio/fs/UnixException'{0x000000078e041628}> (0x000000078e041628) 
thrown [src/hotspot/share/prims/jni.cpp, line 516]
Event: 571.295 Thread 0x0000000168131c00 Exception <a 'sun/nio/fs/UnixException'{0x000000078e043300}> (0x000000078e043300) 
thrown [src/hotspot/share/prims/jni.cpp, line 516]
Event: 571.295 Thread 0x0000000168131c00 Exception <a 'sun/nio/fs/UnixException'{0x000000078e044c80}> (0x000000078e044c80) 
thrown [src/hotspot/share/prims/jni.cpp, line 516]

VM Operations (20 events):
Event: 571.241 Executing VM operation: ICBufferFull done
Event: 571.263 Executing VM operation: ICBufferFull
Event: 571.263 Executing VM operation: ICBufferFull done
Event: 571.295 Executing VM operation: ICBufferFull
Event: 571.295 Executing VM operation: ICBufferFull done
Event: 571.378 Executing VM operation: ICBufferFull
Event: 571.379 Executing VM operation: ICBufferFull done
Event: 571.484 Executing VM operation: ICBufferFull
Event: 571.484 Executing VM operation: ICBufferFull done
Event: 571.567 Executing VM operation: ICBufferFull
Event: 571.567 Executing VM operation: ICBufferFull done
Event: 571.630 Executing VM operation: G1CollectForAllocation
Event: 571.656 Executing VM operation: G1CollectForAllocation done
Event: 571.853 Executing VM operation: ICBufferFull
Event: 571.854 Executing VM operation: ICBufferFull done
Event: 571.863 Executing VM operation: G1CollectForAllocation
Event: 571.974 Executing VM operation: G1CollectForAllocation done
Event: 572.149 Executing VM operation: ICBufferFull
Event: 572.149 Executing VM operation: ICBufferFull done
Event: 572.156 Executing VM operation: G1CollectForAllocation

Memory protections (20 events):
Event: 571.688 Protecting memory [0x000000031247c000,0x0000000312488000] with protection modes 0
Event: 571.688 Protecting memory [0x0000000312688000,0x0000000312694000] with protection modes 0
Event: 571.688 Protecting memory [0x0000000312894000,0x00000003128a0000] with protection modes 0
Event: 571.688 Protecting memory [0x0000000312aa0000,0x0000000312aac000] with protection modes 0
Event: 571.688 Protecting memory [0x0000000312cac000,0x0000000312cb8000] with protection modes 0
Event: 571.693 Protecting memory [0x0000000312eb8000,0x0000000312ec4000] with protection modes 0
Event: 571.693 Protecting memory [0x00000003130c4000,0x00000003130d0000] with protection modes 0
Event: 571.693 Protecting memory [0x00000003132d0000,0x00000003132dc000] with protection modes 0
Event: 571.693 Protecting memory [0x00000003134dc000,0x00000003134e8000] with protection modes 0
Event: 571.693 Protecting memory [0x00000003136e8000,0x00000003136f4000] with protection modes 0
Event: 571.693 Protecting memory [0x00000003138f4000,0x0000000313900000] with protection modes 0
Event: 571.693 Protecting memory [0x0000000313b00000,0x0000000313b0c000] with protection modes 0
Event: 571.750 Protecting memory [0x0000000313d0c000,0x0000000313d18000] with protection modes 0
Event: 571.750 Protecting memory [0x0000000313f18000,0x0000000313f24000] with protection modes 0
Event: 571.751 Protecting memory [0x0000000314124000,0x0000000314130000] with protection modes 0
Event: 571.751 Protecting memory [0x0000000316204000,0x0000000316210000] with protection modes 0
Event: 571.751 Protecting memory [0x0000000316d04000,0x0000000316d10000] with protection modes 0
Event: 571.751 Protecting memory [0x0000000317104000,0x0000000317110000] with protection modes 0
Event: 571.751 Protecting memory [0x0000000317310000,0x000000031731c000] with protection modes 0
Event: 571.755 Protecting memory [0x000000031751c000,0x0000000317528000] with protection modes 0

Nmethod flushes (20 events):
Event: 571.238 Thread 0x000000012a81f400 flushing  nmethod 0x000000013ca7dd90
Event: 571.238 Thread 0x000000012a81f400 flushing  nmethod 0x000000013ca7e210
Event: 571.238 Thread 0x000000012a81f400 flushing  nmethod 0x000000013ca7e690
Event: 571.238 Thread 0x000000012a81f400 flushing  nmethod 0x000000013ca7eb10
Event: 571.238 Thread 0x000000012a81f400 flushing  nmethod 0x000000013ca7ef90
Event: 571.238 Thread 0x000000012a81f400 flushing  nmethod 0x000000013ca7f410
Event: 571.238 Thread 0x000000012a81f400 flushing  nmethod 0x000000013ca7f890
Event: 571.238 Thread 0x000000012a81f400 flushing  nmethod 0x000000013ca8f590
Event: 571.238 Thread 0x000000012a81f400 flushing  nmethod 0x000000013ca92b10
Event: 571.238 Thread 0x000000012a81f400 flushing  nmethod 0x000000013ca93410
Event: 571.238 Thread 0x000000012a81f400 flushing  nmethod 0x000000013ca9b190
Event: 571.238 Thread 0x000000012a81f400 flushing  nmethod 0x000000013ca9b710
Event: 571.238 Thread 0x000000012a81f400 flushing  nmethod 0x000000013caa0990
Event: 571.238 Thread 0x000000012a81f400 flushing  nmethod 0x000000013caa5710
Event: 571.238 Thread 0x000000012a81f400 flushing  nmethod 0x000000013caa5f10
Event: 571.238 Thread 0x000000012a81f400 flushing  nmethod 0x000000013caaef10
Event: 571.238 Thread 0x000000012a81f400 flushing  nmethod 0x000000013cab2d90
Event: 571.238 Thread 0x000000012a81f400 flushing  nmethod 0x000000013cab3310
Event: 571.238 Thread 0x000000012a81f400 flushing  nmethod 0x000000013cab3810
Event: 571.238 Thread 0x000000012a81f400 flushing  nmethod 0x000000013cab6f10

Events (20 events):
Event: 571.688 Thread 0x000000032b68da00 Thread added: 0x000000012aff3200
Event: 571.688 Thread 0x000000032b68da00 Thread added: 0x000000016866ac00
Event: 571.688 Thread 0x000000032b68da00 Thread added: 0x00000001681ec400
Event: 571.688 Thread 0x000000032b68da00 Thread added: 0x000000016866b200
Event: 571.688 Thread 0x000000032b68da00 Thread added: 0x000000012a8c0c00
Event: 571.693 Thread 0x000000032b68da00 Thread added: 0x000000032b0c4c00
Event: 571.693 Thread 0x000000032b68da00 Thread added: 0x0000000129fb8e00
Event: 571.693 Thread 0x000000032b68da00 Thread added: 0x000000012a8c1200
Event: 571.693 Thread 0x000000032b68da00 Thread added: 0x0000000129fb9400
Event: 571.693 Thread 0x000000032b68da00 Thread added: 0x000000012ad61600
Event: 571.693 Thread 0x000000032b68da00 Thread added: 0x000000012ad61c00
Event: 571.693 Thread 0x000000032b68da00 Thread added: 0x0000000129f93000
Event: 571.750 Thread 0x000000032b68da00 Thread added: 0x0000000168ff9e00
Event: 571.750 Thread 0x000000032b68da00 Thread added: 0x000000014775be00
Event: 571.751 Thread 0x000000032b68da00 Thread added: 0x000000014729d000
Event: 571.751 Thread 0x000000032b68da00 Thread added: 0x000000032b0ad200
Event: 571.751 Thread 0x000000032b68da00 Thread added: 0x000000032b0cbc00
Event: 571.751 Thread 0x000000032b68da00 Thread added: 0x000000032b0ad800
Event: 571.751 Thread 0x000000032b68da00 Thread added: 0x000000032b0a2e00
Event: 571.755 Thread 0x000000032b68da00 Thread added: 0x000000032b0a3400


Dynamic libraries:
0x0000000102d64000 	/Library/Java/JavaVirtualMachines/temurin-17.jdk/Contents/Home/lib/libjli.dylib
0x00000001a4491000 	/System/Library/Frameworks/Cocoa.framework/Versions/A/Cocoa
0x000000018bc38000 	/System/Library/Frameworks/AppKit.framework/Versions/C/AppKit
0x000000018ef2a000 	/System/Library/Frameworks/CoreData.framework/Versions/A/CoreData
0x00000001892c7000 	/System/Library/Frameworks/Foundation.framework/Versions/C/Foundation
0x0000000195ece000 	/usr/lib/libSystem.B.dylib
0x000000018d0c9000 	/System/Library/PrivateFrameworks/UIFoundation.framework/Versions/A/UIFoundation
0x0000000235caf000 	/System/Library/PrivateFrameworks/CollectionViewCore.framework/Versions/A/CollectionViewCore
0x0000000193a51000 	/System/Library/PrivateFrameworks/XCTTargetBootstrap.framework/Versions/A/XCTTargetBootstrap
0x00000001986c8000 	/System/Library/PrivateFrameworks/InternationalSupport.framework/Versions/A/InternationalSupport
0x0000000198a1f000 	/System/Library/PrivateFrameworks/UserActivity.framework/Versions/A/UserActivity
0x0000000264639000 	/System/Library/PrivateFrameworks/UIIntelligenceSupport.framework/Versions/A/UIIntelligenceSupport
0x00000001ee7b0000 	/System/Library/Frameworks/SwiftUICore.framework/Versions/A/SwiftUICore
0x00000002696c1000 	/System/Library/PrivateFrameworks/WritingTools.framework/Versions/A/WritingTools
0x0000000268704000 	/System/Library/PrivateFrameworks/WindowManagement.framework/Versions/A/WindowManagement
0x0000000188f2a000 	/System/Library/Frameworks/SystemConfiguration.framework/Versions/A/SystemConfiguration
0x0000000197afe000 	/usr/lib/libspindump.dylib
0x000000018d27b000 	/System/Library/Frameworks/UniformTypeIdentifiers.framework/Versions/A/UniformTypeIdentifiers
0x00000001952ba000 	/usr/lib/libbsm.0.dylib
0x00000001914d1000 	/usr/lib/libapp_launch_measurement.dylib
0x0000000190878000 	/System/Library/PrivateFrameworks/CoreAnalytics.framework/Versions/A/CoreAnalytics
0x00000001914d5000 	/System/Library/PrivateFrameworks/CoreAutoLayout.framework/Versions/A/CoreAutoLayout
0x000000019306b000 	/System/Library/Frameworks/Metal.framework/Versions/A/Metal
0x0000000194296000 	/usr/lib/liblangid.dylib
0x0000000193a57000 	/System/Library/PrivateFrameworks/CoreSVG.framework/Versions/A/CoreSVG
0x000000018dca0000 	/System/Library/PrivateFrameworks/SkyLight.framework/Versions/A/SkyLight
0x000000018e1c7000 	/System/Library/Frameworks/CoreGraphics.framework/Versions/A/CoreGraphics
0x000000019db9f000 	/System/Library/Frameworks/Accelerate.framework/Versions/A/Accelerate
0x0000000197941000 	/System/Library/PrivateFrameworks/IconServices.framework/Versions/A/IconServices
0x0000000193048000 	/System/Library/Frameworks/IOSurface.framework/Versions/A/IOSurface
0x00000001908a9000 	/usr/lib/libDiagnosticMessagesClient.dylib
0x0000000195e18000 	/usr/lib/libz.1.dylib
0x00000001a1ab7000 	/System/Library/Frameworks/ApplicationServices.framework/Versions/A/ApplicationServices
0x0000000193a3c000 	/System/Library/PrivateFrameworks/DFRFoundation.framework/Versions/A/DFRFoundation
0x000000018b49c000 	/usr/lib/libicucore.A.dylib
0x0000000199aa8000 	/System/Library/Frameworks/AudioToolbox.framework/Versions/A/AudioToolbox
0x00000001989d0000 	/System/Library/PrivateFrameworks/DataDetectorsCore.framework/Versions/A/DataDetectorsCore
0x00000001b4542000 	/System/Library/PrivateFrameworks/TextInput.framework/Versions/A/TextInput
0x000000018dbeb000 	/usr/lib/libMobileGestalt.dylib
0x0000000193735000 	/System/Library/Frameworks/Carbon.framework/Versions/A/Frameworks/HIToolbox.framework/Versions/A/HIToolbox
0x0000000190db1000 	/System/Library/Frameworks/QuartzCore.framework/Versions/A/QuartzCore
0x000000018b097000 	/System/Library/Frameworks/Security.framework/Versions/A/Security
0x000000019d4fc000 	/System/Library/Frameworks/Carbon.framework/Versions/A/Frameworks/SpeechRecognition.framework/Versions/A/SpeechRecognition
0x00000001911d7000 	/System/Library/PrivateFrameworks/CoreUI.framework/Versions/A/CoreUI
0x000000018a964000 	/System/Library/Frameworks/CoreAudio.framework/Versions/A/CoreAudio
0x0000000190997000 	/System/Library/Frameworks/DiskArbitration.framework/Versions/A/DiskArbitration
0x0000000197f67000 	/System/Library/PrivateFrameworks/MultitouchSupport.framework/Versions/A/MultitouchSupport
0x000000018dbe9000 	/usr/lib/libenergytrace.dylib
0x00000001a8ae6000 	/System/Library/PrivateFrameworks/RenderBox.framework/Versions/A/RenderBox
0x000000018bae8000 	/System/Library/Frameworks/IOKit.framework/Versions/A/IOKit
0x000000019d8f3000 	/System/Library/Frameworks/CoreServices.framework/Versions/A/CoreServices
0x0000000191462000 	/System/Library/PrivateFrameworks/PerformanceAnalysis.framework/Versions/A/PerformanceAnalysis
0x00000001e8170000 	/System/Library/Frameworks/OpenGL.framework/Versions/A/OpenGL
0x000000019151f000 	/usr/lib/libxml2.2.dylib
0x000000019519e000 	/System/Library/PrivateFrameworks/MobileKeyBag.framework/Versions/A/MobileKeyBag
0x000000018786c000 	/usr/lib/libobjc.A.dylib
0x0000000187b7a000 	/usr/lib/libc++.1.dylib
0x000000019d874000 	/System/Library/Frameworks/Accessibility.framework/Versions/A/Accessibility
0x000000018e8fa000 	/System/Library/Frameworks/ColorSync.framework/Versions/A/ColorSync
0x0000000187cd6000 	/System/Library/Frameworks/CoreFoundation.framework/Versions/A/CoreFoundation
0x0000000193e18000 	/System/Library/Frameworks/CoreImage.framework/Versions/A/CoreImage
0x000000018a745000 	/System/Library/Frameworks/CoreText.framework/Versions/A/CoreText
0x00000001e96bc000 	/System/Library/Frameworks/CoreTransferable.framework/Versions/A/CoreTransferable
0x00000001e9c41000 	/System/Library/Frameworks/DataDetection.framework/Versions/A/DataDetection
0x00000001e9c44000 	/System/Library/Frameworks/DeveloperToolsSupport.framework/Versions/A/DeveloperToolsSupport
0x0000000193a92000 	/System/Library/Frameworks/ImageIO.framework/Versions/A/ImageIO
0x00000001ef373000 	/System/Library/Frameworks/Symbols.framework/Versions/A/Symbols
0x00000001db91c000 	/System/Library/PrivateFrameworks/FeatureFlags.framework/Versions/A/FeatureFlags
0x0000000195ed3000 	/System/Library/PrivateFrameworks/SoftLinking.framework/Versions/A/SoftLinking
0x00000001c71c4000 	/usr/lib/swift/libswiftAccelerate.dylib
0x000000019943d000 	/usr/lib/swift/libswiftCore.dylib
0x00000001b0be7000 	/usr/lib/swift/libswiftCoreFoundation.dylib
0x00000001b0c41000 	/usr/lib/swift/libswiftCoreImage.dylib
0x00000001adf50000 	/usr/lib/swift/libswiftDarwin.dylib
0x00000002702df000 	/usr/lib/swift/libswiftDataDetection.dylib
0x000000019f3ee000 	/usr/lib/swift/libswiftDispatch.dylib
0x00000001b0c42000 	/usr/lib/swift/libswiftIOKit.dylib
0x00000001bd7b5000 	/usr/lib/swift/libswiftMetal.dylib
0x00000001cc75e000 	/usr/lib/swift/libswiftOSLog.dylib
0x00000001a2071000 	/usr/lib/swift/libswiftObjectiveC.dylib
0x000000027030c000 	/usr/lib/swift/libswiftObservation.dylib
0x00000001c2b59000 	/usr/lib/swift/libswiftQuartzCore.dylib
0x00000001c71b5000 	/usr/lib/swift/libswiftUniformTypeIdentifiers.dylib
0x00000001b0bf9000 	/usr/lib/swift/libswiftXPC.dylib
0x00000002703f2000 	/usr/lib/swift/libswift_Builtin_float.dylib
0x00000002703f5000 	/usr/lib/swift/libswift_Concurrency.dylib
0x0000000270554000 	/usr/lib/swift/libswift_StringProcessing.dylib
0x00000002705e7000 	/usr/lib/swift/libswift_errno.dylib
0x00000002705e9000 	/usr/lib/swift/libswift_math.dylib
0x00000002705ec000 	/usr/lib/swift/libswift_signal.dylib
0x00000002705ed000 	/usr/lib/swift/libswift_stdio.dylib
0x00000002705ee000 	/usr/lib/swift/libswift_time.dylib
0x00000001a2075000 	/usr/lib/swift/libswiftos.dylib
0x00000001b4499000 	/usr/lib/swift/libswiftsimd.dylib
0x00000002705ef000 	/usr/lib/swift/libswiftsys_time.dylib
0x00000002705f0000 	/usr/lib/swift/libswiftunistd.dylib
0x00000001960fd000 	/usr/lib/libcompression.dylib
0x0000000198628000 	/System/Library/PrivateFrameworks/TextureIO.framework/Versions/A/TextureIO
0x00000001975e0000 	/usr/lib/libate.dylib
0x0000000195ec8000 	/usr/lib/system/libcache.dylib
0x0000000195e83000 	/usr/lib/system/libcommonCrypto.dylib
0x0000000195eae000 	/usr/lib/system/libcompiler_rt.dylib
0x0000000195ea3000 	/usr/lib/system/libcopyfile.dylib
0x00000001879c7000 	/usr/lib/system/libcorecrypto.dylib
0x0000000187aae000 	/usr/lib/system/libdispatch.dylib
0x0000000187c6e000 	/usr/lib/system/libdyld.dylib
0x0000000195ebe000 	/usr/lib/system/libkeymgr.dylib
0x0000000195e66000 	/usr/lib/system/libmacho.dylib
0x0000000195293000 	/usr/lib/system/libquarantine.dylib
0x0000000195ebb000 	/usr/lib/system/libremovefile.dylib
0x000000018dc65000 	/usr/lib/system/libsystem_asl.dylib
0x000000018795c000 	/usr/lib/system/libsystem_blocks.dylib
0x0000000187af8000 	/usr/lib/system/libsystem_c.dylib
0x0000000195eb2000 	/usr/lib/system/libsystem_collections.dylib
0x0000000194283000 	/usr/lib/system/libsystem_configuration.dylib
0x0000000193017000 	/usr/lib/system/libsystem_containermanager.dylib
0x00000001959a9000 	/usr/lib/system/libsystem_coreservices.dylib
0x000000018b768000 	/usr/lib/system/libsystem_darwin.dylib
0x0000000270727000 	/usr/lib/system/libsystem_darwindirectory.dylib
0x0000000195ebf000 	/usr/lib/system/libsystem_dnssd.dylib
0x000000027072b000 	/usr/lib/system/libsystem_eligibility.dylib
0x0000000187af5000 	/usr/lib/system/libsystem_featureflags.dylib
0x0000000187ca6000 	/usr/lib/system/libsystem_info.dylib
0x0000000195e27000 	/usr/lib/system/libsystem_m.dylib
0x0000000187a66000 	/usr/lib/system/libsystem_malloc.dylib
0x000000018dbce000 	/usr/lib/system/libsystem_networkextension.dylib
0x000000018bbcb000 	/usr/lib/system/libsystem_notify.dylib
0x0000000194288000 	/usr/lib/system/libsystem_sandbox.dylib
0x0000000270733000 	/usr/lib/system/libsystem_sanitizers.dylib
0x0000000195eb7000 	/usr/lib/system/libsystem_secinit.dylib
0x0000000187c25000 	/usr/lib/system/libsystem_kernel.dylib
0x0000000187c9e000 	/usr/lib/system/libsystem_platform.dylib
0x0000000187c61000 	/usr/lib/system/libsystem_pthread.dylib
0x000000018f7c5000 	/usr/lib/system/libsystem_symptoms.dylib
0x00000001879ab000 	/usr/lib/system/libsystem_trace.dylib
0x0000000195e91000 	/usr/lib/system/libunwind.dylib
0x0000000187960000 	/usr/lib/system/libxpc.dylib
0x0000000187c07000 	/usr/lib/libc++abi.dylib
0x000000026f2fc000 	/usr/lib/libRosetta.dylib
0x000000018ba66000 	/System/Library/PrivateFrameworks/CoreServicesInternal.framework/Versions/A/CoreServicesInternal
0x0000000195e9b000 	/usr/lib/liboah.dylib
0x0000000195ed0000 	/usr/lib/libfakelink.dylib
0x00000001a156a000 	/System/Library/PrivateFrameworks/DiskImages.framework/Versions/A/DiskImages
0x00000001ada79000 	/System/Library/Frameworks/NetFS.framework/Versions/A/NetFS
0x000000018d804000 	/System/Library/Frameworks/CFNetwork.framework/Versions/A/CFNetwork
0x0000000191499000 	/System/Library/Frameworks/CoreServices.framework/Versions/A/Frameworks/FSEvents.framework/Versions/A/FSEvents
0x000000018b773000 	/System/Library/Frameworks/CoreServices.framework/Versions/A/Frameworks/CarbonCore.framework/Versions/A/CarbonCore
0x000000019090c000 	/System/Library/Frameworks/CoreServices.framework/Versions/A/Frameworks/Metadata.framework/Versions/A/Metadata
0x00000001959b0000 	/System/Library/Frameworks/CoreServices.framework/Versions/A/Frameworks/OSServices.framework/Versions/A/OSServices
0x000000019601e000 	/System/Library/Frameworks/CoreServices.framework/Versions/A/Frameworks/SearchKit.framework/Versions/A/SearchKit
0x000000018f73f000 	/System/Library/Frameworks/CoreServices.framework/Versions/A/Frameworks/AE.framework/Versions/A/AE
0x0000000188215000 	/System/Library/Frameworks/CoreServices.framework/Versions/A/Frameworks/LaunchServices.framework/Versions/A/LaunchServices
0x0000000197435000 	/System/Library/Frameworks/CoreServices.framework/Versions/A/Frameworks/DictionaryServices.framework/Versions/A/DictionaryServices
0x00000001914a7000 	/System/Library/Frameworks/CoreServices.framework/Versions/A/Frameworks/SharedFileList.framework/Versions/A/SharedFileList
0x00000001960b4000 	/usr/lib/libapple_nghttp2.dylib
0x000000018f3a0000 	/usr/lib/libsqlite3.dylib
0x000000019a0eb000 	/System/Library/Frameworks/GSS.framework/Versions/A/GSS
0x000000018f6d6000 	/System/Library/PrivateFrameworks/RunningBoardServices.framework/Versions/A/RunningBoardServices
0x000000018f7ce000 	/System/Library/Frameworks/Network.framework/Versions/A/Network
0x0000000195e6a000 	/usr/lib/system/libkxld.dylib
0x0000000231b39000 	/System/Library/PrivateFrameworks/AppleKeyStore.framework/Versions/A/AppleKeyStore
0x000000026f154000 	/usr/lib/libCoreEntitlements.dylib
0x000000024cb27000 	/System/Library/PrivateFrameworks/MessageSecurity.framework/Versions/A/MessageSecurity
0x000000018f385000 	/System/Library/PrivateFrameworks/ProtocolBuffer.framework/Versions/A/ProtocolBuffer
0x0000000195990000 	/System/Library/PrivateFrameworks/AppleFSCompression.framework/Versions/A/AppleFSCompression
0x00000001952a2000 	/usr/lib/libcoretls.dylib
0x00000001974ab000 	/usr/lib/libcoretls_cfhelpers.dylib
0x00000001960f7000 	/usr/lib/libpam.2.dylib
0x000000019751f000 	/usr/lib/libxar.1.dylib
0x0000000195f25000 	/usr/lib/libarchive.2.dylib
0x000000019b7ee000 	/System/Library/Frameworks/Combine.framework/Versions/A/Combine
0x0000000235cd3000 	/System/Library/PrivateFrameworks/CollectionsInternal.framework/Versions/A/CollectionsInternal
0x0000000255b82000 	/System/Library/PrivateFrameworks/ReflectionInternal.framework/Versions/A/ReflectionInternal
0x0000000256859000 	/System/Library/PrivateFrameworks/RuntimeInternal.framework/Versions/A/RuntimeInternal
0x0000000270383000 	/usr/lib/swift/libswiftSystem.dylib
0x0000000194291000 	/System/Library/PrivateFrameworks/AppleSystemInfo.framework/Versions/A/AppleSystemInfo
0x00000001b0ad2000 	/System/Library/PrivateFrameworks/LoggingSupport.framework/Versions/A/LoggingSupport
0x000000019e8af000 	/System/Library/PrivateFrameworks/PowerLog.framework/Versions/A/PowerLog
0x00000001ee675000 	/System/Library/Frameworks/SwiftData.framework/Versions/A/SwiftData
0x00000001916ab000 	/System/Library/PrivateFrameworks/UserManagement.framework/Versions/A/UserManagement
0x000000018d732000 	/usr/lib/libboringssl.dylib
0x000000018f7b4000 	/usr/lib/libdns_services.dylib
0x00000001afc81000 	/usr/lib/libquic.dylib
0x00000001993cc000 	/usr/lib/libusrtcp.dylib
0x00000001d45d5000 	/System/Library/PrivateFrameworks/InternalSwiftProtobuf.framework/Versions/A/InternalSwiftProtobuf
0x00000002702e0000 	/usr/lib/swift/libswiftDistributed.dylib
0x0000000270379000 	/usr/lib/swift/libswiftSynchronization.dylib
0x000000018d803000 	/usr/lib/libnetwork.dylib
0x00000001c178d000 	/System/Library/PrivateFrameworks/OSAnalytics.framework/Versions/A/OSAnalytics
0x000000019608f000 	/System/Library/PrivateFrameworks/AppleSauce.framework/Versions/A/AppleSauce
0x000000019fb84000 	/System/Library/PrivateFrameworks/CoreSymbolication.framework/Versions/A/CoreSymbolication
0x00000001d029d000 	/System/Library/PrivateFrameworks/Symbolication.framework/Versions/A/Symbolication
0x000000019fb60000 	/System/Library/PrivateFrameworks/DebugSymbols.framework/Versions/A/DebugSymbols
0x000000026f01f000 	/usr/lib/libAppleArchive.dylib
0x000000019599c000 	/usr/lib/libbz2.1.0.dylib
0x000000019748c000 	/usr/lib/liblzma.5.dylib
0x0000000194f8e000 	/System/Library/PrivateFrameworks/IOMobileFramebuffer.framework/Versions/A/IOMobileFramebuffer
0x00000001b0b5b000 	/System/Library/PrivateFrameworks/MallocStackLogging.framework/Versions/A/MallocStackLogging
0x000000019767a000 	/System/Library/PrivateFrameworks/CrashReporterSupport.framework/Versions/A/CrashReporterSupport
0x0000000188d21000 	/System/Library/PrivateFrameworks/Lexicon.framework/Versions/A/Lexicon
0x0000000244e66000 	/System/Library/PrivateFrameworks/IO80211.framework/Versions/A/IO80211
0x000000019f686000 	/System/Library/PrivateFrameworks/FrontBoardServices.framework/Versions/A/FrontBoardServices
0x00000001951ca000 	/System/Library/Frameworks/SecurityFoundation.framework/Versions/A/SecurityFoundation
0x000000019532c000 	/usr/lib/libgermantok.dylib
0x00000001943b5000 	/System/Library/PrivateFrameworks/LinguisticData.framework/Versions/A/LinguisticData
0x000000018f5f1000 	/System/Library/PrivateFrameworks/BaseBoard.framework/Versions/A/BaseBoard
0x000000019f753000 	/System/Library/PrivateFrameworks/BoardServices.framework/Versions/A/BoardServices
0x00000001951bb000 	/System/Library/PrivateFrameworks/AssertionServices.framework/Versions/A/AssertionServices
0x00000001a13a4000 	/System/Library/PrivateFrameworks/BackBoardServices.framework/Versions/A/BackBoardServices
0x0000000193462000 	/System/Library/PrivateFrameworks/FontServices.framework/libFontParser.dylib
0x000000018dc7d000 	/System/Library/PrivateFrameworks/TCC.framework/Versions/A/TCC
0x00000001a4d9f000 	/System/Library/PrivateFrameworks/IOSurfaceAccelerator.framework/Versions/A/IOSurfaceAccelerator
0x0000000197f65000 	/System/Library/PrivateFrameworks/WatchdogClient.framework/Versions/A/WatchdogClient
0x000000018a26c000 	/System/Library/Frameworks/CoreDisplay.framework/Versions/A/CoreDisplay
0x0000000193306000 	/System/Library/Frameworks/CoreMedia.framework/Versions/A/CoreMedia
0x0000000193061000 	/System/Library/PrivateFrameworks/IOAccelerator.framework/Versions/A/IOAccelerator
0x0000000191609000 	/System/Library/Frameworks/CoreVideo.framework/Versions/A/CoreVideo
0x00000001960f5000 	/System/Library/Frameworks/MetalPerformanceShaders.framework/Versions/A/MetalPerformanceShaders
0x0000000254ec0000 	/System/Library/PrivateFrameworks/ProDisplayLibrary.framework/Versions/A/ProDisplayLibrary
0x0000000197fad000 	/System/Library/Frameworks/VideoToolbox.framework/Versions/A/VideoToolbox
0x000000019428f000 	/System/Library/PrivateFrameworks/AggregateDictionary.framework/Versions/A/AggregateDictionary
0x00000001974ad000 	/System/Library/PrivateFrameworks/APFS.framework/Versions/A/APFS
0x000000019752e000 	/usr/lib/libutil.dylib
0x000000025fde8000 	/System/Library/PrivateFrameworks/SwiftASN1Internal.framework/Versions/A/SwiftASN1Internal
0x00000001909a1000 	/System/Library/Frameworks/Accelerate.framework/Versions/A/Frameworks/vImage.framework/Versions/A/vImage
0x000000019d8ce000 	/System/Library/Frameworks/Accelerate.framework/Versions/A/Frameworks/vecLib.framework/Versions/A/vecLib
0x0000000197566000 	/System/Library/Frameworks/Accelerate.framework/Versions/A/Frameworks/vecLib.framework/Versions/A/libvMisc.dylib
0x000000018868d000 	/System/Library/Frameworks/Accelerate.framework/Versions/A/Frameworks/vecLib.framework/Versions/A/libBLAS.dylib
0x0000000199cf8000 	/System/Library/Frameworks/ApplicationServices.framework/Versions/A/Frameworks/ATS.framework/Versions/A/ATS
0x000000018eab0000 	/System/Library/Frameworks/ApplicationServices.framework/Versions/A/Frameworks/HIServices.framework/Versions/A/HIServices
0x00000001985b1000 	/System/Library/Frameworks/ApplicationServices.framework/Versions/A/Frameworks/PrintCore.framework/Versions/A/PrintCore
0x000000019a0b5000 	/System/Library/Frameworks/ApplicationServices.framework/Versions/A/Frameworks/QD.framework/Versions/A/QD
0x000000019a0ac000 	/System/Library/Frameworks/ApplicationServices.framework/Versions/A/Frameworks/ColorSyncLegacy.framework/Versions/A/ColorSyncLegacy
0x0000000199cca000 	/System/Library/Frameworks/ApplicationServices.framework/Versions/A/Frameworks/SpeechSynthesis.framework/Versions/A/SpeechSynthesis
0x0000000194f5b000 	/System/Library/PrivateFrameworks/CoreEmoji.framework/Versions/A/CoreEmoji
0x000000023bf2b000 	/System/Library/PrivateFrameworks/FontServices.framework/Versions/A/FontServices
0x0000000197ab3000 	/System/Library/PrivateFrameworks/OTSVG.framework/Versions/A/OTSVG
0x0000000191185000 	/System/Library/Frameworks/ApplicationServices.framework/Versions/A/Frameworks/ATS.framework/Versions/A/Resources/libFontRegistry.dylib
0x000000026f6e1000 	/usr/lib/libhvf.dylib
0x0000000250dc4000 	/System/Library/PrivateFrameworks/ParsingInternal.framework/Versions/A/ParsingInternal
0x0000000270329000 	/usr/lib/swift/libswiftRegexBuilder.dylib
0x00000002704b1000 	/usr/lib/swift/libswift_RegexParser.dylib
0x0000000197e2e000 	/System/Library/PrivateFrameworks/AppleJPEG.framework/Versions/A/AppleJPEG
0x00000001978cf000 	/usr/lib/libexpat.1.dylib
0x0000000198488000 	/System/Library/Frameworks/ImageIO.framework/Versions/A/Resources/libPng.dylib
0x00000001984b2000 	/System/Library/Frameworks/ImageIO.framework/Versions/A/Resources/libTIFF.dylib
0x000000019859c000 	/System/Library/Frameworks/ImageIO.framework/Versions/A/Resources/libGIF.dylib
0x0000000197e74000 	/System/Library/Frameworks/ImageIO.framework/Versions/A/Resources/libJP2.dylib
0x0000000198543000 	/System/Library/Frameworks/ImageIO.framework/Versions/A/Resources/libJPEG.dylib
0x000000019853a000 	/System/Library/Frameworks/ImageIO.framework/Versions/A/Resources/libRadiance.dylib
0x0000000240bfa000 	/System/Library/PrivateFrameworks/GPUCompiler.framework/Versions/32023/Libraries/libllvm-flatbuffers.dylib
0x000000023bff6000 	/System/Library/PrivateFrameworks/FramePacing.framework/Versions/A/FramePacing
0x00000001e8162000 	/System/Library/Frameworks/OpenGL.framework/Versions/A/Libraries/libCoreFSCache.dylib
0x000000023cb6b000 	/System/Library/PrivateFrameworks/GPUCompiler.framework/Versions/32023/Libraries/libGPUCompilerUtils.dylib
0x000000023bf2c000 	/System/Library/PrivateFrameworks/FontServices.framework/libXTFontStaticRegistryData.dylib
0x00000001a31b4000 	/System/Library/PrivateFrameworks/ASEProcessing.framework/Versions/A/ASEProcessing
0x000000025402d000 	/System/Library/PrivateFrameworks/PhotosensitivityProcessing.framework/Versions/A/PhotosensitivityProcessing
0x0000000197aa7000 	/System/Library/PrivateFrameworks/GraphVisualizer.framework/Versions/A/GraphVisualizer
0x00000001e81c0000 	/System/Library/Frameworks/OpenGL.framework/Versions/A/Libraries/libGLU.dylib
0x00000001e8184000 	/System/Library/Frameworks/OpenGL.framework/Versions/A/Libraries/libGFXShared.dylib
0x00000001e834c000 	/System/Library/Frameworks/OpenGL.framework/Versions/A/Libraries/libGL.dylib
0x00000001e818d000 	/System/Library/Frameworks/OpenGL.framework/Versions/A/Libraries/libGLImage.dylib
0x00000001e8181000 	/System/Library/Frameworks/OpenGL.framework/Versions/A/Libraries/libCVMSPluginSupport.dylib
0x00000001e816a000 	/System/Library/Frameworks/OpenGL.framework/Versions/A/Libraries/libCoreVMClient.dylib
0x00000001941d3000 	/System/Library/Frameworks/MetalPerformanceShaders.framework/Versions/A/Frameworks/MPSCore.framework/Versions/A/MPSCore
0x00000001958fb000 	/System/Library/Frameworks/MetalPerformanceShaders.framework/Versions/A/Frameworks/MPSImage.framework/Versions/A/MPSImage
0x0000000195344000 	/System/Library/Frameworks/MetalPerformanceShaders.framework/Versions/A/Frameworks/MPSNeuralNetwork.framework/Versions/A/MPSNeuralNetwork
0x000000019577b000 	/System/Library/Frameworks/MetalPerformanceShaders.framework/Versions/A/Frameworks/MPSMatrix.framework/Versions/A/MPSMatrix
0x0000000195590000 	/System/Library/Frameworks/MetalPerformanceShaders.framework/Versions/A/Frameworks/MPSRayIntersector.framework/Versions/A/MPSRayIntersector
0x00000001957ad000 	/System/Library/Frameworks/MetalPerformanceShaders.framework/Versions/A/Frameworks/MPSNDArray.framework/Versions/A/MPSNDArray
0x00000001eba63000 	/System/Library/Frameworks/MetalPerformanceShaders.framework/Versions/A/Frameworks/MPSFunctions.framework/Versions/A/MPSFunctions
0x00000001eba45000 	/System/Library/Frameworks/MetalPerformanceShaders.framework/Versions/A/Frameworks/MPSBenchmarkLoop.framework/Versions/A/MPSBenchmarkLoop
0x0000000188508000 	/System/Library/PrivateFrameworks/MetalTools.framework/Versions/A/MetalTools
0x00000001b5842000 	/System/Library/PrivateFrameworks/IOAccelMemoryInfo.framework/Versions/A/IOAccelMemoryInfo
0x00000001c2f4e000 	/System/Library/PrivateFrameworks/kperf.framework/Versions/A/kperf
0x00000001b0bc2000 	/System/Library/PrivateFrameworks/GPURawCounter.framework/Versions/A/GPURawCounter
0x000000019856e000 	/System/Library/Frameworks/ApplicationServices.framework/Versions/A/Frameworks/ATSUI.framework/Versions/A/ATSUI
0x000000019a040000 	/usr/lib/libcups.2.dylib
0x000000019a0da000 	/System/Library/Frameworks/Kerberos.framework/Versions/A/Kerberos
0x0000000199d40000 	/usr/lib/libresolv.9.dylib
0x0000000195f0a000 	/usr/lib/libiconv.2.dylib
0x0000000197b05000 	/System/Library/PrivateFrameworks/Heimdal.framework/Versions/A/Heimdal
0x00000001a1fc8000 	/System/Library/Frameworks/Kerberos.framework/Versions/A/Libraries/libHeimdalProxy.dylib
0x00000001978ea000 	/usr/lib/libheimdal-asn1.dylib
0x000000019146c000 	/System/Library/Frameworks/OpenDirectory.framework/Versions/A/OpenDirectory
0x000000019a13d000 	/System/Library/PrivateFrameworks/CommonAuth.framework/Versions/A/CommonAuth
0x000000019147a000 	/System/Library/Frameworks/OpenDirectory.framework/Versions/A/Frameworks/CFOpenDirectory.framework/Versions/A/CFOpenDirectory
0x0000000195e65000 	/usr/lib/libcharset.1.dylib
0x00000001e86e8000 	/System/Library/Frameworks/AVFAudio.framework/Versions/A/AVFAudio
0x00000001aa4ad000 	/System/Library/PrivateFrameworks/AXCoreUtilities.framework/Versions/A/AXCoreUtilities
0x000000024879f000 	/System/Library/PrivateFrameworks/IsolatedCoreAudioClient.framework/Versions/A/IsolatedCoreAudioClient
0x0000000199cb1000 	/usr/lib/libAudioStatistics.dylib
0x00000001932de000 	/System/Library/PrivateFrameworks/caulk.framework/Versions/A/caulk
0x000000018a38d000 	/System/Library/PrivateFrameworks/AudioToolboxCore.framework/Versions/A/AudioToolboxCore
0x00000001a42be000 	/System/Library/Frameworks/CoreMIDI.framework/Versions/A/CoreMIDI
0x0000000199c53000 	/System/Library/PrivateFrameworks/AudioSession.framework/Versions/A/AudioSession
0x000000019b556000 	/System/Library/Frameworks/IOBluetooth.framework/Versions/A/IOBluetooth
0x00000001979d4000 	/System/Library/PrivateFrameworks/MediaExperience.framework/Versions/A/MediaExperience
0x00000002628ac000 	/System/Library/PrivateFrameworks/Tightbeam.framework/Versions/A/Tightbeam
0x000000023678e000 	/System/Library/PrivateFrameworks/CoreAudioOrchestration.framework/Versions/A/CoreAudioOrchestration
0x00000001c7887000 	/System/Library/PrivateFrameworks/AFKUser.framework/Versions/A/AFKUser
0x00000001b0bc6000 	/usr/lib/swift/libswiftCoreAudio.dylib
0x0000000197af4000 	/System/Library/PrivateFrameworks/AppServerSupport.framework/Versions/A/AppServerSupport
0x000000019a0be000 	/System/Library/PrivateFrameworks/perfdata.framework/Versions/A/perfdata
0x00000001afd7a000 	/System/Library/PrivateFrameworks/SystemPolicy.framework/Versions/A/SystemPolicy
0x0000000199f5f000 	/usr/lib/libSMC.dylib
0x0000000198452000 	/usr/lib/libAudioToolboxUtility.dylib
0x000000019a0cc000 	/usr/lib/libperfcheck.dylib
0x00000002326b7000 	/System/Library/PrivateFrameworks/AudioAnalytics.framework/Versions/A/AudioAnalytics
0x00000001d439c000 	/System/Library/Frameworks/OSLog.framework/Versions/A/OSLog
0x00000001b0b8d000 	/usr/lib/libmis.dylib
0x0000000199a61000 	/System/Library/PrivateFrameworks/AudioSession.framework/libSessionUtility.dylib
0x00000001985a2000 	/System/Library/PrivateFrameworks/CMCaptureCore.framework/Versions/A/CMCaptureCore
0x00000001e9d91000 	/System/Library/Frameworks/ExtensionFoundation.framework/Versions/A/ExtensionFoundation
0x000000019fc91000 	/System/Library/PrivateFrameworks/CoreTime.framework/Versions/A/CoreTime
0x00000001977ce000 	/System/Library/PrivateFrameworks/PlugInKit.framework/Versions/A/PlugInKit
0x000000019e7b8000 	/System/Library/Frameworks/CoreBluetooth.framework/Versions/A/CoreBluetooth
0x00000001a1fc9000 	/System/Library/Frameworks/AudioUnit.framework/Versions/A/AudioUnit
0x000000019501f000 	/System/Library/PrivateFrameworks/CoreUtils.framework/Versions/A/CoreUtils
0x0000000239741000 	/System/Library/PrivateFrameworks/CoreUtilsExtras.framework/Versions/A/CoreUtilsExtras
0x000000019dbef000 	/System/Library/Frameworks/MediaAccessibility.framework/Versions/A/MediaAccessibility
0x00000001b91e2000 	/System/Library/PrivateFrameworks/AttributeGraph.framework/Versions/A/AttributeGraph
0x000000026ef9d000 	/usr/lib/libAXSafeCategoryBundle.dylib
0x00000001aa569000 	/usr/lib/libAccessibility.dylib
0x0000000194e69000 	/System/Library/Frameworks/Accelerate.framework/Versions/A/Frameworks/vecLib.framework/Versions/A/libvDSP.dylib
0x00000001961d3000 	/System/Library/Frameworks/Accelerate.framework/Versions/A/Frameworks/vecLib.framework/Versions/A/libLAPACK.dylib
0x000000019532f000 	/System/Library/Frameworks/Accelerate.framework/Versions/A/Frameworks/vecLib.framework/Versions/A/libLinearAlgebra.dylib
0x00000001960ce000 	/System/Library/Frameworks/Accelerate.framework/Versions/A/Frameworks/vecLib.framework/Versions/A/libSparseBLAS.dylib
0x00000001961ce000 	/System/Library/Frameworks/Accelerate.framework/Versions/A/Frameworks/vecLib.framework/Versions/A/libQuadrature.dylib
0x00000001943bc000 	/System/Library/Frameworks/Accelerate.framework/Versions/A/Frameworks/vecLib.framework/Versions/A/libBNNS.dylib
0x0000000188e2e000 	/System/Library/Frameworks/Accelerate.framework/Versions/A/Frameworks/vecLib.framework/Versions/A/libSparse.dylib
0x0000000249f16000 	/System/Library/PrivateFrameworks/MIL.framework/Versions/A/MIL
0x0000000198535000 	/System/Library/PrivateFrameworks/GPUWrangler.framework/Versions/A/GPUWrangler
0x0000000198515000 	/System/Library/PrivateFrameworks/IOPresentment.framework/Versions/A/IOPresentment
0x000000019853d000 	/System/Library/PrivateFrameworks/DSExternalDisplay.framework/Versions/A/DSExternalDisplay
0x00000001d47a3000 	/System/Library/PrivateFrameworks/HIDDisplay.framework/Versions/A/HIDDisplay
0x00000001a9786000 	/System/Library/PrivateFrameworks/HID.framework/Versions/A/HID
0x00000002660ee000 	/System/Library/PrivateFrameworks/VideoToolboxParavirtualizationSupport.framework/Versions/A/VideoToolboxParavirtualizationSupport
0x0000000197886000 	/System/Library/PrivateFrameworks/AppleVA.framework/Versions/A/AppleVA
0x000000019f800000 	/System/Library/PrivateFrameworks/GraphicsServices.framework/Versions/A/GraphicsServices
0x000000019a2b0000 	/System/Library/PrivateFrameworks/CorePhoneNumbers.framework/Versions/A/CorePhoneNumbers
0x000000019e9a0000 	/System/Library/PrivateFrameworks/MediaKit.framework/Versions/A/MediaKit
0x000000019e8eb000 	/System/Library/Frameworks/DiscRecording.framework/Versions/A/DiscRecording
0x000000019a09f000 	/System/Library/PrivateFrameworks/NetAuth.framework/Versions/A/NetAuth
0x000000019166b000 	/System/Library/PrivateFrameworks/login.framework/Versions/A/Frameworks/loginsupport.framework/Versions/A/loginsupport
0x00000001978f4000 	/System/Library/PrivateFrameworks/IconFoundation.framework/Versions/A/IconFoundation
0x0000000197671000 	/usr/lib/libIOReport.dylib
0x00000002322c7000 	/System/Library/PrivateFrameworks/AppleMobileFileIntegrity.framework/Versions/A/AppleMobileFileIntegrity
0x000000026f35f000 	/usr/lib/libTLE.dylib
0x00000001e51be000 	/System/Library/PrivateFrameworks/ConfigProfileHelper.framework/Versions/A/ConfigProfileHelper
0x00000001952cc000 	/usr/lib/libmecab.dylib
0x0000000188fbe000 	/usr/lib/libCRFSuite.dylib
0x0000000194298000 	/System/Library/PrivateFrameworks/CoreNLP.framework/Versions/A/CoreNLP
0x0000000196086000 	/usr/lib/libThaiTokenizer.dylib
0x0000000195296000 	/usr/lib/libCheckFix.dylib
0x00000001908ab000 	/System/Library/PrivateFrameworks/MetadataUtilities.framework/Versions/A/MetadataUtilities
0x000000024574a000 	/System/Library/PrivateFrameworks/InstalledContentLibrary.framework/Versions/A/InstalledContentLibrary
0x000000018baa7000 	/System/Library/PrivateFrameworks/CoreServicesStore.framework/Versions/A/CoreServicesStore
0x00000001c3058000 	/System/Library/PrivateFrameworks/MobileSystemServices.framework/Versions/A/MobileSystemServices
0x0000000197532000 	/usr/lib/libxslt.1.dylib
0x0000000195259000 	/System/Library/PrivateFrameworks/BackgroundTaskManagement.framework/Versions/A/BackgroundTaskManagement
0x00000001a1728000 	/usr/lib/libcurl.4.dylib
0x000000026f593000 	/usr/lib/libcrypto.46.dylib
0x00000002700bd000 	/usr/lib/libssl.48.dylib
0x00000001a1400000 	/System/Library/Frameworks/LDAP.framework/Versions/A/LDAP
0x00000001a143c000 	/System/Library/PrivateFrameworks/TrustEvaluationAgent.framework/Versions/A/TrustEvaluationAgent
0x0000000199d5d000 	/usr/lib/libsasl2.2.dylib
0x00000001adf4f000 	/usr/lib/swift/libswiftCoreGraphics.dylib
0x000000019e21e000 	/usr/lib/swift/libswiftFoundation.dylib
0x00000001e4c48000 	/usr/lib/swift/libswiftSwiftOnoneSupport.dylib
0x00000001d0a4e000 	/System/Library/PrivateFrameworks/CoreMaterial.framework/Versions/A/CoreMaterial
0x0000000256950000 	/System/Library/PrivateFrameworks/SFSymbols.framework/Versions/A/SFSymbols
0x000000019d4e9000 	/System/Library/PrivateFrameworks/SpeechRecognitionCore.framework/Versions/A/SpeechRecognitionCore
0x0000000108018000 	/Library/Java/JavaVirtualMachines/temurin-17.jdk/Contents/Home/lib/server/libjvm.dylib
0x0000000102dc4000 	/Library/Java/JavaVirtualMachines/temurin-17.jdk/Contents/Home/lib/libjimage.dylib
0x0000000102df4000 	/Library/Java/JavaVirtualMachines/temurin-17.jdk/Contents/Home/lib/libinstrument.dylib
0x0000000102e44000 	/Library/Java/JavaVirtualMachines/temurin-17.jdk/Contents/Home/lib/libjava.dylib
0x0000000102fb4000 	/Library/Java/JavaVirtualMachines/temurin-17.jdk/Contents/Home/lib/libzip.dylib
0x0000000102fdc000 	/Library/Java/JavaVirtualMachines/temurin-17.jdk/Contents/Home/lib/libnio.dylib
0x00000001079d8000 	/Library/Java/JavaVirtualMachines/temurin-17.jdk/Contents/Home/lib/libnet.dylib
0x0000000107d00000 	/Library/Java/JavaVirtualMachines/temurin-17.jdk/Contents/Home/lib/libverify.dylib
0x0000000102f30000 	/Users/ekim/.gradle/native/1def1411415f61bf3af743bc5b6707747c0891f09f0c88961ee8f79bc544acac/osx-aarch64/libnative-platform.dylib
0x0000000107da0000 	/Users/ekim/.gradle/native/0.2.7/aarch64-macos/libgradle-fileevents.dylib
0x0000000107d1c000 	/Library/Java/JavaVirtualMachines/temurin-17.jdk/Contents/Home/lib/libmanagement.dylib
0x0000000107d30000 	/Library/Java/JavaVirtualMachines/temurin-17.jdk/Contents/Home/lib/libmanagement_ext.dylib
0x0000000107d44000 	/Library/Java/JavaVirtualMachines/temurin-17.jdk/Contents/Home/lib/libextnet.dylib
0x0000000107d58000 	/Library/Java/JavaVirtualMachines/temurin-17.jdk/Contents/Home/lib/librmi.dylib
0x0000000169000000 	/Library/Java/JavaVirtualMachines/temurin-17.jdk/Contents/Home/lib/libawt.dylib
0x0000000117b74000 	/Library/Java/JavaVirtualMachines/temurin-17.jdk/Contents/Home/lib/libmlib_image.dylib
0x00000001eaccc000 	/System/Library/Frameworks/JavaRuntimeSupport.framework/Versions/A/JavaRuntimeSupport
0x00000001af79d000 	/System/Library/Frameworks/Carbon.framework/Versions/A/Carbon
0x00000001a67d1000 	/System/Library/Frameworks/Carbon.framework/Versions/A/Frameworks/CommonPanels.framework/Versions/A/CommonPanels
0x00000001a1713000 	/System/Library/Frameworks/Carbon.framework/Versions/A/Frameworks/Help.framework/Versions/A/Help
0x00000001a67d5000 	/System/Library/Frameworks/Carbon.framework/Versions/A/Frameworks/ImageCapture.framework/Versions/A/ImageCapture
0x00000001a67b1000 	/System/Library/Frameworks/Carbon.framework/Versions/A/Frameworks/OpenScripting.framework/Versions/A/OpenScripting
0x00000001a67d0000 	/System/Library/Frameworks/Carbon.framework/Versions/A/Frameworks/Ink.framework/Versions/A/Ink
0x00000001a67cd000 	/System/Library/Frameworks/Carbon.framework/Versions/A/Frameworks/SecurityHI.framework/Versions/A/SecurityHI
0x000000031d630000 	/Library/Java/JavaVirtualMachines/temurin-17.jdk/Contents/Home/lib/libawt_lwawt.dylib
0x0000000107e24000 	/Library/Java/JavaVirtualMachines/temurin-17.jdk/Contents/Home/lib/libosxapp.dylib
0x00000001adfb4000 	/System/Library/Frameworks/ExceptionHandling.framework/Versions/A/ExceptionHandling
0x000000031d8c4000 	/Library/Java/JavaVirtualMachines/temurin-17.jdk/Contents/Home/lib/libfontmanager.dylib
0x0000000316a18000 	/Library/Java/JavaVirtualMachines/temurin-17.jdk/Contents/Home/lib/libfreetype.dylib


VM Arguments:
jvm_args: --add-opens=java.base/java.lang=ALL-UNNAMED --add-opens=java.base/java.lang.invoke=ALL-UNNAMED --add-opens=java.base/java.util=ALL-UNNAMED --add-opens=java.prefs/java.util.prefs=ALL-UNNAMED --add-exports=jdk.compiler/com.sun.tools.javac.api=ALL-UNNAMED --add-exports=jdk.compiler/com.sun.tools.javac.util=ALL-UNNAMED --add-opens=java.base/java.util=ALL-UNNAMED --add-opens=java.prefs/java.util.prefs=ALL-UNNAMED --add-opens=java.base/java.nio.charset=ALL-UNNAMED --add-opens=java.base/java.net=ALL-UNNAMED --add-opens=java.base/java.util.concurrent.atomic=ALL-UNNAMED --add-opens=java.xml/javax.xml.namespace=ALL-UNNAMED -Xmx4G -Dfile.encoding=UTF-8 -Duser.country=CA -Duser.language=ko -Duser.variant -javaagent:/Users/ekim/.gradle/wrapper/dists/gradle-8.14-all/c2qonpi39x1mddn7hk5gh9iqj/gradle-8.14/lib/agents/gradle-instrumentation-agent-8.14.jar 
java_command: org.gradle.launcher.daemon.bootstrap.GradleDaemon 8.14
java_class_path (initial): /Users/ekim/.gradle/wrapper/dists/gradle-8.14-all/c2qonpi39x1mddn7hk5gh9iqj/gradle-8.14/lib/gradle-daemon-main-8.14.jar
Launcher Type: SUN_STANDARD

[Global flags]
     intx CICompilerCount                          = 4                                         {product} {ergonomic}
     uint ConcGCThreads                            = 2                                         {product} {ergonomic}
     uint G1ConcRefinementThreads                  = 8                                         {product} {ergonomic}
   size_t G1HeapRegionSize                         = 2097152                                   {product} {ergonomic}
    uintx GCDrainStackTargetSize                   = 64                                        {product} {ergonomic}
   size_t InitialHeapSize                          = 268435456                                 {product} {ergonomic}
   size_t MarkStackSize                            = 4194304                                   {product} {ergonomic}
   size_t MaxHeapSize                              = 4294967296                                {product} {command line}
   size_t MaxNewSize                               = 2575302656                                {product} {ergonomic}
   size_t MinHeapDeltaBytes                        = 2097152                                   {product} {ergonomic}
   size_t MinHeapSize                              = 8388608                                   {product} {ergonomic}
    uintx NonNMethodCodeHeapSize                   = 5839564                                {pd product} {ergonomic}
    uintx NonProfiledCodeHeapSize                  = 122909338                              {pd product} {ergonomic}
    uintx ProfiledCodeHeapSize                     = 122909338                              {pd product} {ergonomic}
    uintx ReservedCodeCacheSize                    = 251658240                              {pd product} {ergonomic}
     bool SegmentedCodeCache                       = true                                      {product} {ergonomic}
   size_t SoftMaxHeapSize                          = 4294967296                             {manageable} {ergonomic}
     bool UseCompressedClassPointers               = true                           {product lp64_product} {ergonomic}
     bool UseCompressedOops                        = true                           {product lp64_product} {ergonomic}
     bool UseG1GC                                  = true                                      {product} {ergonomic}
     bool UseNUMA                                  = false                                     {product} {ergonomic}
     bool UseNUMAInterleaving                      = false                                     {product} {ergonomic}

Logging:
Log output configuration:
 #0: stdout all=warning uptime,level,tags
 #1: stderr all=off uptime,level,tags

Environment Variables:
JAVA_HOME=/Library/Java/JavaVirtualMachines/temurin-17.jdk/Contents/Home
PATH=/Library/Java/JavaVirtualMachines/temurin-17.jdk/Contents/Home/bin:/Users/ekim/.nvm/versions/node/v24.18.1/bin:/opt/homebrew/share/flutter/bin/:/opt/homebrew/bin:/opt/homebrew/sbin:/usr/local/bin:/System/Cryptexes/App/usr/bin:/usr/bin:/bin:/usr/sbin:/sbin:/var/run/com.apple.security.cryptexd/codex.system/bootstrap/usr/local/bin:/var/run/com.apple.security.cryptexd/codex.system/bootstrap/usr/bin:/var/run/com.apple.security.cryptexd/codex.system/bootstrap/usr/appleinternal/bin:/Library/Apple/usr/bin:/opt/homebrew/share/flutter/bin/:/Users/ekim/.nvm/versions/node/v24.18.1/bin:/Users/ekim/Library/Android/sdk/platform-tools:/Users/ekim/Library/Android/sdk/cmdline-tools/latest/bin:/Users/ekim/Library/Android/sdk/platform-tools:/Users/ekim/Library/Android/sdk/cmdline-tools/latest/bin
SHELL=/bin/zsh
LANG=en_US.UTF-8
TERM=xterm-256color
TMPDIR=/var/folders/37/xwtkfb2156s9ptnt2k_9jzgm0000gn/T/

Active Locale:
LC_ALL=en_US.UTF-8
LC_COLLATE=en_US.UTF-8
LC_CTYPE=en_US.UTF-8
LC_MESSAGES=en_US.UTF-8
LC_MONETARY=en_US.UTF-8
LC_NUMERIC=en_US.UTF-8
LC_TIME=en_US.UTF-8

Signal Handlers:
   SIGSEGV: crash_handler in libjvm.dylib, mask=11100110000111110111111111111111, flags=SA_RESTART|SA_SIGINFO, unblocked
    SIGBUS: crash_handler in libjvm.dylib, mask=11100110000111110111111111111111, flags=SA_RESTART|SA_SIGINFO, unblocked
    SIGFPE: crash_handler in libjvm.dylib, mask=11100110000111110111111111111111, flags=SA_RESTART|SA_SIGINFO, unblocked
   SIGPIPE: javaSignalHandler in libjvm.dylib, mask=11100110000111110111111111111111, flags=SA_RESTART|SA_SIGINFO, blocked
   SIGXFSZ: javaSignalHandler in libjvm.dylib, mask=11100110000111110111111111111111, flags=SA_RESTART|SA_SIGINFO, blocked
    SIGILL: crash_handler in libjvm.dylib, mask=11100110000111110111111111111111, flags=SA_RESTART|SA_SIGINFO, unblocked
   SIGUSR2: SR_handler in libjvm.dylib, mask=00100000000000000000010000000000, flags=SA_RESTART|SA_SIGINFO, blocked
    SIGHUP: UserHandler in libjvm.dylib, mask=11100110000111110111111111111111, flags=SA_RESTART|SA_SIGINFO, blocked
    SIGINT: UserHandler in libjvm.dylib, mask=11100110000111110111111111111111, flags=SA_RESTART|SA_SIGINFO, blocked
   SIGTERM: UserHandler in libjvm.dylib, mask=11100110000111110111111111111111, flags=SA_RESTART|SA_SIGINFO, blocked
   SIGQUIT: UserHandler in libjvm.dylib, mask=11100110000111110111111111111111, flags=SA_RESTART|SA_SIGINFO, blocked
   SIGTRAP: crash_handler in libjvm.dylib, mask=11100110000111110111111111111111, flags=SA_RESTART|SA_SIGINFO, unblocked


Periodic native trim disabled


---------------  S Y S T E M  ---------------

OS:
uname: Darwin 24.6.0 Darwin Kernel Version 24.6.0: Tue Jul 21 20:51:32 PDT 2026; root:xnu-11417.140.69.711.44~1/RELEASE_ARM64_T8112 arm64
OS uptime: 11 days 12:32 hours
rlimit (soft/hard): STACK 8176k/65520k , CORE 0k/infinity , NPROC 2666/4000 , NOFILE 1048576/infinity , AS infinity/infinity , CPU infinity/infinity , DATA infinity/infinity , FSIZE infinity/infinity , MEMLOCK infinity/infinity , RSS infinity/infinity
load average: 4.18 4.13 4.33

CPU: total 8 (initial active 8) 0x61:0x0:0xda33d83d:0, fp, simd, crc, lse
machdep.cpu.brand_string:Apple M2
hw.cachelinesize:128
hw.l1icachesize:131072
hw.l1dcachesize:65536
hw.l2cachesize:4194304

Memory: 16k page, physical 16777216k(134464k free), swap 6291456k(1241728k free)

vm_info: OpenJDK 64-Bit Server VM (17.0.19+10) for bsd-aarch64 JRE (17.0.19+10), built on Apr 21 2026 00:00:00 by "admin" with clang Apple LLVM 15.0.0 (clang-1500.1.0.2.5)

END.
